Genesis 1:14	120	mark	john-mark	john-mark
Genesis 3:17	3	Adam	adam	adam
Genesis 3:20	24	Eve	eve	eve
Genesis 3:21	42	Adam	adam	adam
Genesis 4:1	13	Eve	eve	eve
Genesis 4:1	60	Cain	cain	cain
Genesis 4:2	25	Cain	cain	cain
Genesis 4:2	40	Abel	abel	abel
Genesis 4:2	46	Abel	abel	abel
Genesis 4:2	78	Cain	cain	cain
Genesis 4:3	16	Cain	cain	cain
Genesis 4:4	0	Abel	abel	abel
Genesis 4:4	86	Abel	abel	abel
Genesis 4:5	22	Cain	cain	cain
Genesis 4:5	45	Cain	cain	cain
Genesis 4:6	15	Cain	cain	cain
Genesis 4:8	0	Cain	cain	cain
Genesis 4:8	13	Abel	abel	abel
Genesis 4:8	89	Cain	cain	cain
Genesis 4:8	110	Abel	abel	abel
Genesis 4:9	15	Cain	cain	cain
Genesis 4:9	31	Abel	abel	abel
Genesis 4:13	0	Cain	cain	cain
Genesis 4:15	45	Cain	cain	cain
Genesis 4:15	122	Cain	cain	cain
Genesis 4:16	0	Cain	cain	cain
Genesis 4:17	0	Cain	cain	cain
Genesis 4:17	53	Enoch	-	enoch
Genesis 4:17	137	Enoch	-	enoch
Genesis 4:18	3	Enoch	-	enoch
Genesis 4:22	32	Cain	cain	cain
Genesis 4:22	102	Cain	cain	cain
Genesis 4:24	3	Cain	cain	cain
Genesis 4:25	0	Adam	adam	adam
Genesis 4:25	126	Abel	abel	abel
Genesis 4:25	136	Cain	cain	cain
Genesis 5:1	39	Adam	adam	adam
Genesis 5:2	96	Adam	adam	adam
Genesis 5:3	0	Adam	adam	adam
Genesis 5:4	12	Adam	adam	adam
Genesis 5:5	18	Adam	adam	adam
Genesis 5:18	67	Enoch	enoch	enoch
Genesis 5:19	42	Enoch	enoch	enoch
Genesis 5:21	0	Enoch	enoch	enoch
Genesis 5:22	26	Enoch	enoch	enoch
Genesis 5:23	16	Enoch	enoch	enoch
Genesis 5:24	0	Enoch	enoch	enoch
Genesis 5:29	13	Noah	noah	noah
Genesis 5:30	43	Noah	noah	noah
Genesis 5:32	0	Noah	noah	noah
Genesis 5:32	38	Noah	noah	noah
Genesis 6:8	4	Noah	noah	noah
Genesis 6:9	42	Noah	noah	noah
Genesis 6:9	48	Noah	noah	noah
Genesis 6:9	114	Noah	noah	noah
Genesis 6:10	0	Noah	noah	noah
Genesis 6:13	12	Noah	noah	noah
Genesis 6:22	5	Noah	noah	noah
Genesis 7:1	15	Noah	noah	noah
Genesis 7:5	0	Noah	noah	noah
Genesis 7:6	0	Noah	noah	noah
Genesis 7:7	0	Noah	noah	noah
Genesis 7:9	17	Noah	noah	noah
Genesis 7:9	71	Noah	noah	noah
Genesis 7:11	29	Noah	noah	noah
Genesis 7:13	16	Noah	noah	noah
Genesis 7:13	63	Noah	noah	noah
Genesis 7:13	74	Noah	noah	noah
Genesis 7:15	75	Noah	noah	noah
Genesis 7:23	178	Noah	noah	noah
Genesis 8:1	15	Noah	noah	noah
Genesis 8:6	26	Noah	noah	noah
Genesis 8:11	100	Noah	noah	noah
Genesis 8:13	120	Noah	noah	noah
Genesis 8:15	13	Noah	noah	noah
Genesis 8:18	0	Noah	noah	noah
Genesis 8:20	0	Noah	noah	noah
Genesis 9:1	12	Noah	noah	noah
Genesis 9:8	13	Noah	noah	noah
Genesis 9:17	12	Noah	noah	noah
Genesis 9:18	12	Noah	noah	noah
Genesis 9:19	29	Noah	noah	noah
Genesis 9:20	0	Noah	noah	noah
Genesis 9:24	0	Noah	noah	noah
Genesis 9:28	0	Noah	noah	noah
Genesis 9:29	16	Noah	noah	noah
Genesis 10:1	58	Noah	noah	noah
Genesis 10:32	38	Noah	noah	noah
Genesis 11:26	52	Abram	abraham	abraham
Genesis 11:27	80	Abram	abraham	abraham
Genesis 11:29	0	Abram	abraham	abraham
Genesis 11:29	43	Abram	abraham	abraham
Genesis 11:29	60	Sarai	sarah	sarah
Genesis 11:30	0	Sarai	sarah	sarah
Genesis 11:31	11	Abram	abraham	abraham
Genesis 11:31	67	Sarai	sarah	sarah
Genesis 11:31	102	Abram	abraham	abraham
Genesis 12:1	19	Abram	abraham	abraham
Genesis 12:4	3	Abram	abraham	abraham
Genesis 12:4	58	Abram	abraham	abraham
Genesis 12:5	0	Abram	abraham	abraham
Genesis 12:5	11	Sarai	sarah	sarah
Genesis 12:6	0	Abram	abraham	abraham
Genesis 12:7	19	Abram	abraham	abraham
Genesis 12:9	0	Abram	abraham	abraham
Genesis 12:10	32	Abram	abraham	abraham
Genesis 12:11	49	Sarai	sarah	sarah
Genesis 12:14	5	Abram	abraham	abraham
Genesis 12:16	19	Abram	abraham	abraham
Genesis 12:17	69	Sarai	sarah	sarah
Genesis 12:17	76	Abram	abraham	abraham
Genesis 12:18	15	Abram	abraham	abraham
Genesis 13:1	0	Abram	abraham	abraham
Genesis 13:2	0	Abram	abraham	abraham
Genesis 13:4	71	Abram	abraham	abraham
Genesis 13:5	24	Abram	abraham	abraham
Genesis 13:7	41	Abram	abraham	abraham
Genesis 13:8	0	Abram	abraham	abraham
Genesis 13:12	0	Abram	abraham	abraham
Genesis 13:14	15	Abram	abraham	abraham
Genesis 13:18	0	Abram	abraham	abraham
Genesis 14:12	15	Abram	abraham	abraham
Genesis 14:13	34	Abram	abraham	abraham
Genesis 14:13	175	Abram	abraham	abraham
Genesis 14:14	5	Abram	abraham	abraham
Genesis 14:18	0	Melchizedek	melchizedek	melchizedek
Genesis 14:19	38	Abram	abraham	abraham
Genesis 14:20	78	Abram	abraham	abraham
Genesis 14:21	26	Abram	abraham	abraham
Genesis 14:22	0	Abram	abraham	abraham
Genesis 14:23	111	Abram	abraham	abraham
Genesis 15:1	41	Abram	abraham	abraham
Genesis 15:1	86	Abram	abraham	abraham
Genesis 15:2	0	Abram	abraham	abraham
Genesis 15:3	0	Abram	abraham	abraham
Genesis 15:5	128	Abram	abraham	abraham
Genesis 15:7	11	Abram	abraham	abraham
Genesis 15:9	85	ram	-	ram-son-of-hezron
Genesis 15:11	50	Abram	abraham	abraham
Genesis 15:12	50	Abram	abraham	abraham
Genesis 15:13	11	Abram	abraham	abraham
Genesis 15:18	40	Abram	abraham	abraham
Genesis 16:1	4	Sarai	sarah	sarah
Genesis 16:1	11	Abram	abraham	abraham
Genesis 16:1	94	Hagar	hagar	hagar
Genesis 16:2	0	Sarai	sarah	sarah
Genesis 16:2	14	Abram	abraham	abraham
Genesis 16:2	145	Abram	abraham	abraham
Genesis 16:2	176	Sarai	sarah	sarah
Genesis 16:3	0	Sarai	sarah	sarah
Genesis 16:3	7	Abram	abraham	abraham
Genesis 16:3	26	Hagar	hagar	hagar
Genesis 16:3	65	Abram	abraham	abraham
Genesis 16:3	130	Abram	abraham	abraham
Genesis 16:4	14	Hagar	hagar	hagar
Genesis 16:5	0	Sarai	sarah	sarah
Genesis 16:5	14	Abram	abraham	abraham
Genesis 16:6	4	Abram	abraham	abraham
Genesis 16:6	18	Sarai	sarah	sarah
Genesis 16:6	103	Sarai	sarah	sarah
Genesis 16:8	10	Hagar	hagar	hagar
Genesis 16:8	17	Sarai	sarah	sarah
Genesis 16:8	134	Sarai	sarah	sarah
Genesis 16:15	0	Hagar	hagar	hagar
Genesis 16:15	21	Abram	abraham	abraham
Genesis 16:15	28	Abram	abraham	abraham
Genesis 16:15	67	Hagar	hagar	hagar
Genesis 16:16	0	Abram	abraham	abraham
Genesis 16:16	36	Hagar	hagar	hagar
Genesis 16:16	58	Abram	abraham	abraham
Genesis 17:1	5	Abram	abraham	abraham
Genesis 17:1	57	Abram	abraham	abraham
Genesis 17:3	0	Abram	abraham	abraham
Genesis 17:5	33	Abram	abraham	abraham
Genesis 17:5	62	Abraham	abraham	abraham
Genesis 17:9	12	Abraham	abraham	abraham
Genesis 17:15	12	Abraham	abraham	abraham
Genesis 17:15	29	Sarai	sarah	sarah
Genesis 17:15	74	Sarai	sarah	sarah
Genesis 17:15	102	Sarah	sarah	sarah
Genesis 17:17	5	Abraham	abraham	abraham
Genesis 17:17	131	Sarah	sarah	sarah
Genesis 17:18	0	Abraham	abraham	abraham
Genesis 17:19	19	Sarah	sarah	sarah
Genesis 17:19	82	Isaac	isaac	isaac
Genesis 17:21	33	Isaac	isaac	isaac
Genesis 17:21	45	Sarah	sarah	sarah
Genesis 17:22	52	Abraham	abraham	abraham
Genesis 17:23	0	Abraham	abraham	abraham
Genesis 17:23	130	Abraham	abraham	abraham
Genesis 17:24	0	Abraham	abraham	abraham
Genesis 17:26	21	Abraham	abraham	abraham
Genesis 18:6	0	Abraham	abraham	abraham
Genesis 18:6	33	Sarah	sarah	sarah
Genesis 18:7	0	Abraham	abraham	abraham
Genesis 18:9	26	Sarah	sarah	sarah
Genesis 18:10	83	Sarah	sarah	sarah
Genesis 18:10	117	Sarah	sarah	sarah
Genesis 18:11	4	Abraham	abraham	abraham
Genesis 18:11	16	Sarah	sarah	sarah
Genesis 18:11	54	Sarah	sarah	sarah
Genesis 18:12	0	Sarah	sarah	sarah
Genesis 18:13	15	Abraham	abraham	abraham
Genesis 18:13	33	Sarah	sarah	sarah
Genesis 18:14	104	Sarah	sarah	sarah
Genesis 18:15	5	Sarah	sarah	sarah
Genesis 18:16	53	Abraham	abraham	abraham
Genesis 18:17	31	Abraham	abraham	abraham
Genesis 18:18	6	Abraham	abraham	abraham
Genesis 18:19	202	Abraham	abraham	abraham
Genesis 18:22	54	Abraham	abraham	abraham
Genesis 18:23	0	Abraham	abraham	abraham
Genesis 18:27	0	Abraham	abraham	abraham
Genesis 18:33	63	Abraham	abraham	abraham
Genesis 18:33	76	Abraham	abraham	abraham
Genesis 19:27	0	Abraham	abraham	abraham
Genesis 19:29	59	Abraham	abraham	abraham
Genesis 20:1	0	Abraham	abraham	abraham
Genesis 20:2	0	Abraham	abraham	abraham
Genesis 20:2	19	Sarah	sarah	sarah
Genesis 20:2	94	Sarah	sarah	sarah
Genesis 20:9	22	Abraham	abraham	abraham
Genesis 20:10	18	Abraham	abraham	abraham
Genesis 20:11	0	Abraham	abraham	abraham
Genesis 20:14	85	Abraham	abraham	abraham
Genesis 20:14	107	Sarah	sarah	sarah
Genesis 20:16	3	Sarah	sarah	sarah
Genesis 20:17	0	Abraham	abraham	abraham
Genesis 20:18	83	Sarah	sarah	sarah
Genesis 20:18	90	Abraham	abraham	abraham
Genesis 21:1	15	Sarah	sarah	sarah
Genesis 21:1	55	Sarah	sarah	sarah
Genesis 21:2	0	Sarah	sarah	sarah
Genesis 21:2	26	Abraham	abraham	abraham
Genesis 21:3	0	Abraham	abraham	abraham
Genesis 21:3	49	Sarah	sarah	sarah
Genesis 21:3	68	Isaac	isaac	isaac
Genesis 21:4	0	Abraham	abraham	abraham
Genesis 21:4	29	Isaac	isaac	isaac
Genesis 21:5	0	Abraham	abraham	abraham
Genesis 21:5	48	Isaac	isaac	isaac
Genesis 21:6	0	Sarah	sarah	sarah
Genesis 21:7	34	Abraham	abraham	abraham
Genesis 21:7	48	Sarah	sarah	sarah
Genesis 21:8	32	Abraham	abraham	abraham
Genesis 21:8	75	Isaac	isaac	isaac
Genesis 21:9	0	Sarah	sarah	sarah
Genesis 21:9	21	Hagar	hagar	hagar
Genesis 21:9	63	Abraham	abraham	abraham
Genesis 21:10	22	Abraham	abraham	abraham
Genesis 21:10	125	Isaac	isaac	isaac
Genesis 21:11	31	Abraham	abraham	abraham
Genesis 21:12	12	Abraham	abraham	abraham
Genesis 21:12	122	Sarah	sarah	sarah
Genesis 21:12	207	Isaac	isaac	isaac
Genesis 21:14	0	Abraham	abraham	abraham
Genesis 21:14	91	Hagar	hagar	hagar
Genesis 21:17	59	Hagar	hagar	hagar
Genesis 21:17	114	Hagar	hagar	hagar
Genesis 21:22	68	Abraham	abraham	abraham
Genesis 21:24	0	Abraham	abraham	abraham
Genesis 21:25	0	Abraham	abraham	abraham
Genesis 21:27	0	Abraham	abraham	abraham
Genesis 21:28	0	Abraham	abraham	abraham
Genesis 21:29	18	Abraham	abraham	abraham
Genesis 21:33	0	Abraham	abraham	abraham
Genesis 21:34	0	Abraham	abraham	abraham
Genesis 22:1	31	Abraham	abraham	abraham
Genesis 22:1	58	Abraham	abraham	abraham
Genesis 22:2	64	Isaac	isaac	isaac
Genesis 22:3	0	Abraham	abraham	abraham
Genesis 22:3	103	Isaac	isaac	isaac
Genesis 22:4	17	Abraham	abraham	abraham
Genesis 22:5	0	Abraham	abraham	abraham
Genesis 22:6	0	Abraham	abraham	abraham
Genesis 22:6	59	Isaac	isaac	isaac
Genesis 22:7	0	Isaac	isaac	isaac
Genesis 22:7	15	Abraham	abraham	abraham
Genesis 22:8	0	Abraham	abraham	abraham
Genesis 22:9	50	Abraham	abraham	abraham
Genesis 22:9	115	Isaac	isaac	isaac
Genesis 22:10	0	Abraham	abraham	abraham
Genesis 22:11	56	Abraham	abraham	abraham
Genesis 22:11	65	Abraham	abraham	abraham
Genesis 22:13	0	Abraham	abraham	abraham
Genesis 22:13	70	ram	-	ram-son-of-hezron
Genesis 22:13	110	Abraham	abraham	abraham
Genesis 22:13	136	ram	-	ram-son-of-hezron
Genesis 22:14	0	Abraham	abraham	abraham
Genesis 22:15	25	Abraham	abraham	abraham
Genesis 22:19	3	Abraham	abraham	abraham
Genesis 22:19	87	Abraham	abraham	abraham
Genesis 22:20	20	Abraham	abraham	abraham
Genesis 22:23	29	Rebekah	rebekah	rebekah
Genesis 22:23	72	Abraham	abraham	abraham
Genesis 23:1	0	Sarah	sarah	sarah
Genesis 23:1	67	Sarah	sarah	sarah
Genesis 23:2	0	Sarah	sarah	sarah
Genesis 23:2	72	Abraham	abraham	abraham
Genesis 23:2	98	Sarah	sarah	sarah
Genesis 23:3	0	Abraham	abraham	abraham
Genesis 23:5	30	Abraham	abraham	abraham
Genesis 23:7	0	Abraham	abraham	abraham
Genesis 23:10	90	Abraham	abraham	abraham
Genesis 23:12	0	Abraham	abraham	abraham
Genesis 23:14	16	Abraham	abraham	abraham
Genesis 23:16	0	Abraham	abraham	abraham
Genesis 23:16	28	Abraham	abraham	abraham
Genesis 23:18	3	Abraham	abraham	abraham
Genesis 23:19	12	Abraham	abraham	abraham
Genesis 23:19	27	Sarah	sarah	sarah
Genesis 23:20	54	Abraham	abraham	abraham
Genesis 24:1	0	Abraham	abraham	abraham
Genesis 24:1	62	Abraham	abraham	abraham
Genesis 24:2	0	Abraham	abraham	abraham
Genesis 24:4	80	Isaac	isaac	isaac
Genesis 24:6	0	Abraham	abraham	abraham
Genesis 24:9	44	Abraham	abraham	abraham
Genesis 24:12	39	Abraham	abraham	abraham
Genesis 24:12	109	Abraham	abraham	abraham
Genesis 24:14	231	Isaac	isaac	isaac
Genesis 24:15	41	Rebekah	rebekah	rebekah
Genesis 24:15	121	Abraham	abraham	abraham
Genesis 24:27	50	Abraham	abraham	abraham
Genesis 24:29	0	Rebekah	rebekah	rebekah
Genesis 24:30	94	Rebekah	rebekah	rebekah
Genesis 24:34	15	Abraham	abraham	abraham
Genesis 24:36	0	Sarah	sarah	sarah
Genesis 24:42	68	Abraham	abraham	abraham
Genesis 24:45	52	Rebekah	rebekah	rebekah
Genesis 24:48	80	Abraham	abraham	abraham
Genesis 24:51	8	Rebekah	rebekah	rebekah
Genesis 24:52	5	Abraham	abraham	abraham
Genesis 24:53	93	Rebekah	rebekah	rebekah
Genesis 24:58	12	Rebekah	rebekah	rebekah
Genesis 24:59	15	Rebekah	rebekah	rebekah
Genesis 24:59	54	Abraham	abraham	abraham
Genesis 24:60	13	Rebekah	rebekah	rebekah
Genesis 24:61	0	Rebekah	rebekah	rebekah
Genesis 24:61	95	Rebekah	rebekah	rebekah
Genesis 24:62	0	Isaac	isaac	isaac
Genesis 24:63	0	Isaac	isaac	isaac
Genesis 24:64	0	Rebekah	rebekah	rebekah
Genesis 24:64	45	Isaac	isaac	isaac
Genesis 24:66	17	Isaac	isaac	isaac
Genesis 24:67	0	Isaac	isaac	isaac
Genesis 24:67	34	Sarah	sarah	sarah
Genesis 24:67	57	Rebekah	rebekah	rebekah
Genesis 24:67	105	Isaac	isaac	isaac
Genesis 25:1	0	Abraham	abraham	abraham
Genesis 25:5	0	Abraham	abraham	abraham
Genesis 25:5	32	Isaac	isaac	isaac
Genesis 25:6	19	Abraham	abraham	abraham
Genesis 25:6	41	Abraham	abraham	abraham
Genesis 25:6	84	Isaac	isaac	isaac
Genesis 25:7	35	Abraham	abraham	abraham
Genesis 25:8	0	Abraham	abraham	abraham
Genesis 25:9	0	Isaac	isaac	isaac
Genesis 25:10	16	Abraham	abraham	abraham
Genesis 25:10	59	Abraham	abraham	abraham
Genesis 25:10	89	Sarah	sarah	sarah
Genesis 25:11	40	Isaac	isaac	isaac
Genesis 25:11	56	Isaac	isaac	isaac
Genesis 25:12	55	Abraham	abraham	abraham
Genesis 25:12	75	Hagar	hagar	hagar
Genesis 25:12	95	Sarah	sarah	sarah
Genesis 25:12	120	Abraham	abraham	abraham
Genesis 25:19	42	Isaac	isaac	isaac
Genesis 25:19	49	Abraham	abraham	abraham
Genesis 25:19	64	Abraham	abraham	abraham
Genesis 25:19	93	Isaac	isaac	isaac
Genesis 25:20	0	Isaac	isaac	isaac
Genesis 25:20	39	Rebekah	rebekah	rebekah
Genesis 25:21	0	Isaac	isaac	isaac
Genesis 25:21	94	Rebekah	rebekah	rebekah
Genesis 25:25	70	Esau	esau	esau
Genesis 25:26	59	Esau	esau	esau
Genesis 25:26	85	Jacob	jacob	jacob
Genesis 25:26	92	Isaac	isaac	isaac
Genesis 25:27	15	Esau	esau	esau
Genesis 25:27	63	Jacob	jacob	jacob
Genesis 25:28	4	Isaac	isaac	isaac
Genesis 25:28	16	Esau	esau	esau
Genesis 25:28	50	Rebekah	rebekah	rebekah
Genesis 25:28	64	Jacob	jacob	jacob
Genesis 25:29	0	Jacob	jacob	jacob
Genesis 25:29	19	Esau	esau	esau
Genesis 25:30	0	Esau	esau	esau
Genesis 25:30	13	Jacob	jacob	jacob
Genesis 25:30	111	Edom	esau	edom
Genesis 25:31	0	Jacob	jacob	jacob
Genesis 25:32	0	Esau	esau	esau
Genesis 25:33	0	Jacob	jacob	jacob
Genesis 25:33	76	Jacob	jacob	jacob
Genesis 25:34	0	Jacob	jacob	jacob
Genesis 25:34	11	Esau	esau	esau
Genesis 25:34	91	Esau	esau	esau
Genesis 26:1	81	Abraham	abraham	abraham
Genesis 26:1	90	Isaac	isaac	isaac
Genesis 26:3	174	Abraham	abraham	abraham
Genesis 26:5	8	Abraham	abraham	abraham
Genesis 26:6	0	Isaac	isaac	isaac
Genesis 26:7	171	Rebekah	rebekah	rebekah
Genesis 26:8	116	Isaac	isaac	isaac
Genesis 26:8	136	Rebekah	rebekah	rebekah
Genesis 26:9	17	Isaac	isaac	isaac
Genesis 26:9	106	Isaac	isaac	isaac
Genesis 26:12	0	Isaac	isaac	isaac
Genesis 26:15	69	Abraham	abraham	abraham
Genesis 26:16	18	Isaac	isaac	isaac
Genesis 26:17	0	Isaac	isaac	isaac
Genesis 26:18	0	Isaac	isaac	isaac
Genesis 26:18	70	Abraham	abraham	abraham
Genesis 26:19	0	Isaac	isaac	isaac
Genesis 26:20	34	Isaac	isaac	isaac
Genesis 26:24	66	Abraham	abraham	abraham
Genesis 26:24	186	Abraham	abraham	abraham
Genesis 26:25	88	Isaac	isaac	isaac
Genesis 26:27	0	Isaac	isaac	isaac
Genesis 26:31	65	Isaac	isaac	isaac
Genesis 26:32	14	Isaac	isaac	isaac
Genesis 26:34	5	Esau	esau	esau
Genesis 26:35	13	Isaac	isaac	isaac
Genesis 26:35	25	Rebekah	rebekah	rebekah
Genesis 27:1	5	Isaac	isaac	isaac
Genesis 27:1	79	Esau	esau	esau
Genesis 27:5	0	Rebekah	rebekah	rebekah
Genesis 27:5	19	Isaac	isaac	isaac
Genesis 27:5	34	Esau	esau	esau
Genesis 27:5	48	Esau	esau	esau
Genesis 27:6	0	Rebekah	rebekah	rebekah
Genesis 27:6	17	Jacob	jacob	jacob
Genesis 27:6	78	Esau	esau	esau
Genesis 27:11	0	Jacob	jacob	jacob
Genesis 27:11	14	Rebekah	rebekah	rebekah
Genesis 27:11	43	Esau	esau	esau
Genesis 27:15	0	Rebekah	rebekah	rebekah
Genesis 27:15	33	Esau	esau	esau
Genesis 27:15	104	Jacob	jacob	jacob
Genesis 27:17	89	Jacob	jacob	jacob
Genesis 27:19	0	Jacob	jacob	jacob
Genesis 27:19	32	Esau	esau	esau
Genesis 27:20	0	Isaac	isaac	isaac
Genesis 27:21	0	Isaac	isaac	isaac
Genesis 27:21	14	Jacob	jacob	jacob
Genesis 27:21	99	Esau	esau	esau
Genesis 27:22	0	Jacob	jacob	jacob
Genesis 27:22	19	Isaac	isaac	isaac
Genesis 27:22	74	Jacob	jacob	jacob
Genesis 27:22	120	Esau	esau	esau
Genesis 27:23	73	Esau	esau	esau
Genesis 27:24	32	Esau	esau	esau
Genesis 27:26	11	Isaac	isaac	isaac
Genesis 27:30	11	Isaac	isaac	isaac
Genesis 27:30	39	Jacob	jacob	jacob
Genesis 27:30	50	Jacob	jacob	jacob
Genesis 27:30	95	Isaac	isaac	isaac
Genesis 27:30	113	Esau	esau	esau
Genesis 27:32	0	Isaac	isaac	isaac
Genesis 27:32	86	Esau	esau	esau
Genesis 27:33	0	Isaac	isaac	isaac
Genesis 27:34	5	Esau	esau	esau
Genesis 27:36	33	Jacob	jacob	jacob
Genesis 27:37	0	Isaac	isaac	isaac
Genesis 27:37	15	Esau	esau	esau
Genesis 27:38	0	Esau	esau	esau
Genesis 27:38	100	Esau	esau	esau
Genesis 27:39	0	Isaac	isaac	isaac
Genesis 27:41	0	Esau	esau	esau
Genesis 27:41	11	Jacob	jacob	jacob
Genesis 27:41	76	Esau	esau	esau
Genesis 27:41	177	Jacob	jacob	jacob
Genesis 27:42	13	Esau	esau	esau
Genesis 27:42	47	Rebekah	rebekah	rebekah
Genesis 27:42	76	Jacob	jacob	jacob
Genesis 27:42	139	Esau	esau	esau
Genesis 27:46	0	Rebekah	rebekah	rebekah
Genesis 27:46	16	Isaac	isaac	isaac
Genesis 27:46	83	Jacob	jacob	jacob
Genesis 28:1	0	Isaac	isaac	isaac
Genesis 28:1	13	Jacob	jacob	jacob
Genesis 28:4	29	Abraham	abraham	abraham
Genesis 28:4	144	Abraham	abraham	abraham
Genesis 28:5	0	Isaac	isaac	isaac
Genesis 28:5	11	Jacob	jacob	jacob
Genesis 28:5	83	Rebekah	rebekah	rebekah
Genesis 28:5	102	Jacob	jacob	jacob
Genesis 28:5	114	Esau	esau	esau
Genesis 28:6	4	Esau	esau	esau
Genesis 28:6	18	Isaac	isaac	isaac
Genesis 28:6	36	Jacob	jacob	jacob
Genesis 28:7	9	Jacob	jacob	jacob
Genesis 28:8	0	Esau	esau	esau
Genesis 28:8	52	Isaac	isaac	isaac
Genesis 28:9	0	Esau	esau	esau
Genesis 28:9	97	Abraham	abraham	abraham
Genesis 28:10	0	Jacob	jacob	jacob
Genesis 28:13	66	Abraham	abraham	abraham
Genesis 28:13	102	Isaac	isaac	isaac
Genesis 28:16	0	Jacob	jacob	jacob
Genesis 28:18	0	Jacob	jacob	jacob
Genesis 28:20	0	Jacob	jacob	jacob
Genesis 29:1	5	Jacob	jacob	jacob
Genesis 29:4	0	Jacob	jacob	jacob
Genesis 29:6	69	Rachel	rachel	rachel
Genesis 29:9	37	Rachel	rachel	rachel
Genesis 29:10	5	Jacob	jacob	jacob
Genesis 29:10	15	Rachel	rachel	rachel
Genesis 29:10	113	Jacob	jacob	jacob
Genesis 29:11	0	Jacob	jacob	jacob
Genesis 29:11	13	Rachel	rachel	rachel
Genesis 29:12	0	Jacob	jacob	jacob
Genesis 29:12	11	Rachel	rachel	rachel
Genesis 29:12	68	Rebekah	rebekah	rebekah
Genesis 29:13	29	Jacob	jacob	jacob
Genesis 29:13	69	Jacob	jacob	jacob
Genesis 29:13	140	Jacob	jacob	jacob
Genesis 29:15	14	Jacob	jacob	jacob
Genesis 29:16	51	Leah	leah	leah
Genesis 29:16	89	Rachel	rachel	rachel
Genesis 29:17	0	Leah	leah	leah
Genesis 29:17	27	Rachel	rachel	rachel
Genesis 29:18	0	Jacob	jacob	jacob
Genesis 29:18	12	Rachel	rachel	rachel
Genesis 29:18	63	Rachel	rachel	rachel
Genesis 29:20	0	Jacob	jacob	jacob
Genesis 29:20	29	Rachel	rachel	rachel
Genesis 29:21	0	Jacob	jacob	jacob
Genesis 29:23	24	Leah	leah	leah
Genesis 29:24	46	Leah	leah	leah
Genesis 29:25	31	Leah	leah	leah
Genesis 29:25	118	Rachel	rachel	rachel
Genesis 29:28	0	Jacob	jacob	jacob
Genesis 29:28	50	Rachel	rachel	rachel
Genesis 29:29	14	Rachel	rachel	rachel
Genesis 29:30	19	Rachel	rachel	rachel
Genesis 29:30	45	Rachel	rachel	rachel
Genesis 29:30	62	Leah	leah	leah
Genesis 29:31	16	Leah	leah	leah
Genesis 29:31	60	Rachel	rachel	rachel
Genesis 29:32	0	Leah	leah	leah
Genesis 29:33	146	Simeon	-	simeon-at-the-temple
Genesis 29:34	159	Levi	-	matthew-levi
Genesis 30:1	5	Rachel	rachel	rachel
Genesis 30:1	30	Jacob	jacob	jacob
Genesis 30:1	49	Rachel	rachel	rachel
Genesis 30:1	87	Jacob	jacob	jacob
Genesis 30:2	0	Jacob	jacob	jacob
Genesis 30:2	29	Rachel	rachel	rachel
Genesis 30:4	45	Jacob	jacob	jacob
Genesis 30:5	27	Jacob	jacob	jacob
Genesis 30:6	0	Rachel	rachel	rachel
Genesis 30:7	8	Rachel	rachel	rachel
Genesis 30:7	52	Jacob	jacob	jacob
Genesis 30:8	0	Rachel	rachel	rachel
Genesis 30:9	5	Leah	leah	leah
Genesis 30:9	91	Jacob	jacob	jacob
Genesis 30:10	8	Leah	leah	leah
Genesis 30:10	29	Jacob	jacob	jacob
Genesis 30:11	0	Leah	leah	leah
Genesis 30:12	8	Leah	leah	leah
Genesis 30:12	29	Jacob	jacob	jacob
Genesis 30:13	0	Leah	leah	leah
Genesis 30:14	108	Leah	leah	leah
Genesis 30:14	119	Rachel	rachel	rachel
Genesis 30:14	134	Leah	leah	leah
Genesis 30:15	123	Rachel	rachel	rachel
Genesis 30:16	0	Jacob	jacob	jacob
Genesis 30:16	46	Leah	leah	leah
Genesis 30:17	16	Leah	leah	leah
Genesis 30:17	50	Jacob	jacob	jacob
Genesis 30:18	0	Leah	leah	leah
Genesis 30:19	0	Leah	leah	leah
Genesis 30:19	46	Jacob	jacob	jacob
Genesis 30:20	0	Leah	leah	leah
Genesis 30:22	15	Rachel	rachel	rachel
Genesis 30:24	14	Joseph	joseph-son-of-jacob	joseph-son-of-jacob
Genesis 30:25	5	Rachel	rachel	rachel
Genesis 30:25	22	Joseph	joseph-son-of-jacob	joseph-son-of-jacob
Genesis 30:25	30	Jacob	jacob	jacob
Genesis 30:31	34	Jacob	jacob	jacob
Genesis 30:36	47	Jacob	jacob	jacob
Genesis 30:36	58	Jacob	jacob	jacob
Genesis 30:37	0	Jacob	jacob	jacob
Genesis 30:40	0	Jacob	jacob	jacob
Genesis 30:41	46	Jacob	jacob	jacob
Genesis 30:42	101	Jacob	jacob	jacob
Genesis 31:1	45	Jacob	jacob	jacob
Genesis 31:2	0	Jacob	jacob	jacob
Genesis 31:3	15	Jacob	jacob	jacob
Genesis 31:4	0	Jacob	jacob	jacob
Genesis 31:4	22	Rachel	rachel	rachel
Genesis 31:4	33	Leah	leah	leah
Genesis 31:11	43	Jacob	jacob	jacob
Genesis 31:14	0	Rachel	rachel	rachel
Genesis 31:14	11	Leah	leah	leah
Genesis 31:17	5	Jacob	jacob	jacob
Genesis 31:18	152	Isaac	isaac	isaac
Genesis 31:19	43	Rachel	rachel	rachel
Genesis 31:20	0	Jacob	jacob	jacob
Genesis 31:22	37	Jacob	jacob	jacob
Genesis 31:24	109	Jacob	jacob	jacob
Genesis 31:25	21	Jacob	jacob	jacob
Genesis 31:25	32	Jacob	jacob	jacob
Genesis 31:26	14	Jacob	jacob	jacob
Genesis 31:29	138	Jacob	jacob	jacob
Genesis 31:31	0	Jacob	jacob	jacob
Genesis 31:32	118	Jacob	jacob	jacob
Genesis 31:32	141	Rachel	rachel	rachel
Genesis 31:33	16	Jacob	jacob	jacob
Genesis 31:33	35	Leah	leah	leah
Genesis 31:33	134	Leah	leah	leah
Genesis 31:33	164	Rachel	rachel	rachel
Genesis 31:34	4	Rachel	rachel	rachel
Genesis 31:36	0	Jacob	jacob	jacob
Genesis 31:36	40	Jacob	jacob	jacob
Genesis 31:42	40	Abraham	abraham	abraham
Genesis 31:42	65	Isaac	isaac	isaac
Genesis 31:43	15	Jacob	jacob	jacob
Genesis 31:45	0	Jacob	jacob	jacob
Genesis 31:46	0	Jacob	jacob	jacob
Genesis 31:47	37	Jacob	jacob	jacob
Genesis 31:51	14	Jacob	jacob	jacob
Genesis 31:53	11	Abraham	abraham	abraham
Genesis 31:53	91	Jacob	jacob	jacob
Genesis 31:53	130	Isaac	isaac	isaac
Genesis 31:54	0	Jacob	jacob	jacob
Genesis 32:1	0	Jacob	jacob	jacob
Genesis 32:2	18	Jacob	jacob	jacob
Genesis 32:3	0	Jacob	jacob	jacob
Genesis 32:3	41	Esau	esau	esau
Genesis 32:3	94	Edom	esau	edom
Genesis 32:4	65	Esau	esau	esau
Genesis 32:4	99	Jacob	jacob	jacob
Genesis 32:6	27	Jacob	jacob	jacob
Genesis 32:6	67	Esau	esau	esau
Genesis 32:7	5	Jacob	jacob	jacob
Genesis 32:8	17	Esau	esau	esau
Genesis 32:9	0	Jacob	jacob	jacob
Genesis 32:9	30	Abraham	abraham	abraham
Genesis 32:9	60	Isaac	isaac	isaac
Genesis 32:11	64	Esau	esau	esau
Genesis 32:13	84	Esau	esau	esau
Genesis 32:17	41	Esau	esau	esau
Genesis 32:18	44	Jacob	jacob	jacob
Genesis 32:18	86	Esau	esau	esau
Genesis 32:19	118	Esau	esau	esau
Genesis 32:20	57	Jacob	jacob	jacob
Genesis 32:24	0	Jacob	jacob	jacob
Genesis 32:25	102	Jacob	jacob	jacob
Genesis 32:26	47	Jacob	jacob	jacob
Genesis 32:27	47	Jacob	jacob	jacob
Genesis 32:28	45	Jacob	jacob	jacob
Genesis 32:29	0	Jacob	jacob	jacob
Genesis 32:30	0	Jacob	jacob	jacob
Genesis 32:32	148	Jacob	jacob	jacob
Genesis 33:1	0	Jacob	jacob	jacob
Genesis 33:1	51	Esau	esau	esau
Genesis 33:1	131	Leah	leah	leah
Genesis 33:1	137	Rachel	rachel	rachel
Genesis 33:2	49	Leah	leah	leah
Genesis 33:2	82	Rachel	rachel	rachel
Genesis 33:2	93	Joseph	joseph-son-of-jacob	joseph-son-of-jacob
Genesis 33:4	0	Esau	esau	esau
Genesis 33:7	0	Leah	leah	leah
Genesis 33:7	72	Joseph	joseph-son-of-jacob	joseph-son-of-jacob
Genesis 33:7	94	Rachel	rachel	rachel
Genesis 33:8	0	Esau	esau	esau
Genesis 33:8	63	Jacob	jacob	jacob
Genesis 33:9	0	Esau	esau	esau
Genesis 33:10	0	Jacob	jacob	jacob
Genesis 33:12	0	Esau	esau	esau
Genesis 33:13	0	Jacob	jacob	jacob
Genesis 33:15	0	Esau	esau	esau
Genesis 33:16	3	Esau	esau	esau
Genesis 33:17	0	Jacob	jacob	jacob
Genesis 33:18	0	Jacob	jacob	jacob
Genesis 34:1	23	Leah	leah	leah
Genesis 34:1	46	Jacob	jacob	jacob
Genesis 34:3	42	Jacob	jacob	jacob
Genesis 34:5	4	Jacob	jacob	jacob
Genesis 34:5	108	Jacob	jacob	jacob
Genesis 34:6	40	Jacob	jacob	jacob
Genesis 34:7	12	Jacob	jacob	jacob
Genesis 34:7	159	Jacob	jacob	jacob
Genesis 34:13	12	Jacob	jacob	jacob
Genesis 34:19	70	Jacob	jacob	jacob
Genesis 34:25	46	Jacob	jacob	jacob
Genesis 34:25	60	Simeon	-	simeon-at-the-temple
Genesis 34:25	71	Levi	-	matthew-levi
Genesis 34:27	0	Jacob	jacob	jacob
Genesis 34:30	0	Jacob	jacob	jacob
Genesis 34:30	14	Simeon	-	simeon-at-the-temple
Genesis 34:30	25	Levi	-	matthew-levi
Genesis 35:1	12	Jacob	jacob	jacob
Genesis 35:1	139	Esau	esau	esau
Genesis 35:2	5	Jacob	jacob	jacob
Genesis 35:4	13	Jacob	jacob	jacob
Genesis 35:4	111	Jacob	jacob	jacob
Genesis 35:5	111	Jacob	jacob	jacob
Genesis 35:6	3	Jacob	jacob	jacob
Genesis 35:8	0	Deborah	-	deborah
Genesis 35:8	9	Rebekah	rebekah	rebekah
Genesis 35:9	16	Jacob	jacob	jacob
Genesis 35:10	31	Jacob	jacob	jacob
Genesis 35:10	61	Jacob	jacob	jacob
Genesis 35:12	25	Abraham	abraham	abraham
Genesis 35:12	37	Isaac	isaac	isaac
Genesis 35:14	0	Jacob	jacob	jacob
Genesis 35:15	0	Jacob	jacob	jacob
Genesis 35:16	81	Rachel	rachel	rachel
Genesis 35:19	0	Rachel	rachel	rachel
Genesis 35:20	0	Jacob	jacob	jacob
Genesis 35:20	62	Rachel	rachel	rachel
Genesis 35:22	130	Jacob	jacob	jacob
Genesis 35:23	12	Leah	leah	leah
Genesis 35:23	26	Jacob	jacob	jacob
Genesis 35:23	46	Simeon	-	simeon-at-the-temple
Genesis 35:23	54	Levi	-	matthew-levi
Genesis 35:24	12	Rachel	rachel	rachel
Genesis 35:24	20	Joseph	joseph-son-of-jacob	joseph-son-of-jacob
Genesis 35:25	20	Rachel	rachel	rachel
Genesis 35:26	20	Leah	leah	leah
Genesis 35:26	74	Jacob	jacob	jacob
Genesis 35:27	0	Jacob	jacob	jacob
Genesis 35:27	14	Isaac	isaac	isaac
Genesis 35:27	83	Abraham	abraham	abraham
Genesis 35:27	95	Isaac	isaac	isaac
Genesis 35:28	12	Isaac	isaac	isaac
Genesis 35:29	0	Isaac	isaac	isaac
Genesis 35:29	90	Esau	esau	esau
Genesis 35:29	99	Jacob	jacob	jacob
Genesis 36:1	46	Esau	esau	esau
Genesis 36:1	61	Edom	esau	edom
Genesis 36:2	0	Esau	esau	esau
Genesis 36:4	13	Esau	esau	esau
Genesis 36:5	63	Esau	esau	esau
Genesis 36:6	0	Esau	esau	esau
Genesis 36:6	234	Jacob	jacob	jacob
Genesis 36:8	0	Esau	esau	esau
Genesis 36:8	40	Esau	esau	esau
Genesis 36:8	48	Edom	esau	edom
Genesis 36:9	42	Esau	esau	esau
Genesis 36:10	23	Esau	esau	esau
Genesis 36:10	74	Esau	esau	esau
Genesis 36:10	124	Esau	esau	esau
Genesis 36:12	32	Esau	esau	esau
Genesis 36:12	104	Esau	esau	esau
Genesis 36:13	37	Zerah	zerah-son-of-judah	zerah-son-of-judah
Genesis 36:13	98	Esau	esau	esau
Genesis 36:14	81	Esau	esau	esau
Genesis 36:14	106	Esau	esau	esau
Genesis 36:15	36	Esau	esau	esau
Genesis 36:15	79	Esau	esau	esau
Genesis 36:16	96	Edom	esau	edom
Genesis 36:17	29	Esau	esau	esau
Genesis 36:17	61	Zerah	zerah-son-of-judah	zerah-son-of-judah
Genesis 36:17	151	Edom	esau	edom
Genesis 36:17	189	Esau	esau	esau
Genesis 36:18	34	Esau	esau	esau
Genesis 36:18	152	Esau	esau	esau
Genesis 36:19	22	Esau	esau	esau
Genesis 36:19	37	Edom	esau	edom
Genesis 36:21	108	Edom	esau	edom
Genesis 36:31	47	Edom	esau	edom
Genesis 36:32	34	Edom	esau	edom
Genesis 36:33	33	Zerah	zerah-son-of-judah	zerah-son-of-judah
Genesis 36:40	48	Esau	esau	esau
Genesis 36:43	55	Edom	esau	edom
Genesis 36:43	133	Esau	esau	esau
Genesis 37:1	0	Jacob	jacob	jacob
Genesis 37:2	42	Jacob	jacob	jacob
Genesis 37:2	49	Joseph	joseph-son-of-jacob	joseph-son-of-jacob
Genesis 37:2	194	Joseph	joseph-son-of-jacob	joseph-son-of-jacob
Genesis 37:3	17	Joseph	joseph-son-of-jacob	joseph-son-of-jacob
Genesis 37:5	0	Joseph	joseph-son-of-jacob	joseph-son-of-jacob
Genesis 37:13	15	Joseph	joseph-son-of-jacob	joseph-son-of-jacob
Genesis 37:17	82	Joseph	joseph-son-of-jacob	joseph-son-of-jacob
Genesis 37:23	5	Joseph	joseph-son-of-jacob	joseph-son-of-jacob
Genesis 37:23	48	Joseph	joseph-son-of-jacob	joseph-son-of-jacob
Genesis 37:28	69	Joseph	joseph-son-of-jacob	joseph-son-of-jacob
Genesis 37:28	101	Joseph	joseph-son-of-jacob	joseph-son-of-jacob
Genesis 37:28	169	Joseph	joseph-son-of-jacob	joseph-son-of-jacob
Genesis 37:29	41	Joseph	joseph-son-of-jacob	joseph-son-of-jacob
Genesis 37:31	10	Joseph	joseph-son-of-jacob	joseph-son-of-jacob
Genesis 37:33	83	Joseph	joseph-son-of-jacob	joseph-son-of-jacob
Genesis 37:34	0	Jacob	jacob	jacob
Genesis 38:29	143	Perez	perez	perez
Genesis 38:30	97	Zerah	zerah-son-of-judah	zerah-son-of-judah
Genesis 39:1	0	Joseph	joseph-son-of-jacob	joseph-son-of-jacob
Genesis 39:2	16	Joseph	joseph-son-of-jacob	joseph-son-of-jacob
Genesis 39:4	0	Joseph	joseph-son-of-jacob	joseph-son-of-jacob
Genesis 39:5	120	Joseph	joseph-son-of-jacob	joseph-son-of-jacob
Genesis 39:6	27	Joseph	joseph-son-of-jacob	joseph-son-of-jacob
Genesis 39:6	117	Joseph	joseph-son-of-jacob	joseph-son-of-jacob
Genesis 39:7	54	Joseph	joseph-son-of-jacob	joseph-son-of-jacob
Genesis 39:10	16	Joseph	joseph-son-of-jacob	joseph-son-of-jacob
Genesis 39:20	0	Joseph	joseph-son-of-jacob	joseph-son-of-jacob
Genesis 39:21	20	Joseph	joseph-son-of-jacob	joseph-son-of-jacob
Genesis 39:22	38	Joseph	joseph-son-of-jacob	joseph-son-of-jacob
Genesis 40:3	98	Joseph	joseph-son-of-jacob	joseph-son-of-jacob
Genesis 40:4	42	Joseph	joseph-son-of-jacob	joseph-son-of-jacob
Genesis 40:6	0	Joseph	joseph-son-of-jacob	joseph-son-of-jacob
Genesis 40:8	87	Joseph	joseph-son-of-jacob	joseph-son-of-jacob
Genesis 40:9	39	Joseph	joseph-son-of-jacob	joseph-son-of-jacob
Genesis 40:12	0	Joseph	joseph-son-of-jacob	joseph-son-of-jacob
Genesis 40:16	70	Joseph	joseph-son-of-jacob	joseph-son-of-jacob
Genesis 40:18	0	Joseph	joseph-son-of-jacob	joseph-son-of-jacob
Genesis 40:22	34	Joseph	joseph-son-of-jacob	joseph-son-of-jacob
Genesis 40:23	41	Joseph	joseph-son-of-jacob	joseph-son-of-jacob
Genesis 41:14	29	Joseph	joseph-son-of-jacob	joseph-son-of-jacob
Genesis 41:15	16	Joseph	joseph-son-of-jacob	joseph-son-of-jacob
Genesis 41:16	0	Joseph	joseph-son-of-jacob	joseph-son-of-jacob
Genesis 41:17	17	Joseph	joseph-son-of-jacob	joseph-son-of-jacob
Genesis 41:25	0	Joseph	joseph-son-of-jacob	joseph-son-of-jacob
Genesis 41:38	84	Spirit of God	holy-spirit	holy-spirit
Genesis 41:39	16	Joseph	joseph-son-of-jacob	joseph-son-of-jacob
Genesis 41:41	16	Joseph	joseph-son-of-jacob	joseph-son-of-jacob
Genesis 41:42	62	Joseph	joseph-son-of-jacob	joseph-son-of-jacob
Genesis 41:44	16	Joseph	joseph-son-of-jacob	joseph-son-of-jacob
Genesis 41:45	15	Joseph	joseph-son-of-jacob	joseph-son-of-jacob
Genesis 41:45	122	Joseph	joseph-son-of-jacob	joseph-son-of-jacob
Genesis 41:46	0	Joseph	joseph-son-of-jacob	joseph-son-of-jacob
Genesis 41:46	72	Joseph	joseph-son-of-jacob	joseph-son-of-jacob
Genesis 41:49	0	Joseph	joseph-son-of-jacob	joseph-son-of-jacob
Genesis 41:50	3	Joseph	joseph-son-of-jacob	joseph-son-of-jacob
Genesis 41:51	0	Joseph	joseph-son-of-jacob	joseph-son-of-jacob
Genesis 41:51	40	Manasseh	-	manasseh-king-of-judah
Genesis 41:54	49	Joseph	joseph-son-of-jacob	joseph-son-of-jacob
Genesis 41:55	126	Joseph	joseph-son-of-jacob	joseph-son-of-jacob
Genesis 41:56	50	Joseph	joseph-son-of-jacob	joseph-son-of-jacob
Genesis 41:57	34	Joseph	joseph-son-of-jacob	joseph-son-of-jacob
Genesis 42:1	4	Jacob	jacob	jacob
Genesis 42:1	49	Jacob	jacob	jacob
Genesis 42:3	0	Joseph	joseph-son-of-jacob	joseph-son-of-jacob
Genesis 42:4	4	Jacob	jacob	jacob
Genesis 42:4	32	Joseph	joseph-son-of-jacob	joseph-son-of-jacob
Genesis 42:6	0	Joseph	joseph-son-of-jacob	joseph-son-of-jacob
Genesis 42:6	89	Joseph	joseph-son-of-jacob	joseph-son-of-jacob
Genesis 42:7	0	Joseph	joseph-son-of-jacob	joseph-son-of-jacob
Genesis 42:8	0	Joseph	joseph-son-of-jacob	joseph-son-of-jacob
Genesis 42:9	0	Joseph	joseph-son-of-jacob	joseph-son-of-jacob
Genesis 42:14	0	Joseph	joseph-son-of-jacob	joseph-son-of-jacob
Genesis 42:18	0	Joseph	joseph-son-of-jacob	joseph-son-of-jacob
Genesis 42:23	22	Joseph	joseph-son-of-jacob	joseph-son-of-jacob
Genesis 42:24	98	Simeon	-	simeon-at-the-temple
Genesis 42:25	5	Joseph	joseph-son-of-jacob	joseph-son-of-jacob
Genesis 42:29	13	Jacob	jacob	jacob
Genesis 42:36	0	Jacob	jacob	jacob
Genesis 42:36	73	Joseph	joseph-son-of-jacob	joseph-son-of-jacob
Genesis 42:36	92	Simeon	-	simeon-at-the-temple
Genesis 43:15	132	Joseph	joseph-son-of-jacob	joseph-son-of-jacob
Genesis 43:16	5	Joseph	joseph-son-of-jacob	joseph-son-of-jacob
Genesis 43:17	15	Joseph	joseph-son-of-jacob	joseph-son-of-jacob
Genesis 43:17	64	Joseph	joseph-son-of-jacob	joseph-son-of-jacob
Genesis 43:18	50	Joseph	joseph-son-of-jacob	joseph-son-of-jacob
Genesis 43:19	33	Joseph	joseph-son-of-jacob	joseph-son-of-jacob
Genesis 43:23	155	Simeon	-	simeon-at-the-temple
Genesis 43:24	29	Joseph	joseph-son-of-jacob	joseph-son-of-jacob
Genesis 43:25	30	Joseph	joseph-son-of-jacob	joseph-son-of-jacob
Genesis 43:26	5	Joseph	joseph-son-of-jacob	joseph-son-of-jacob
Genesis 43:30	0	Joseph	joseph-son-of-jacob	joseph-son-of-jacob
Genesis 44:2	122	Joseph	joseph-son-of-jacob	joseph-son-of-jacob
Genesis 44:4	62	Joseph	joseph-son-of-jacob	joseph-son-of-jacob
Genesis 44:14	31	Joseph	joseph-son-of-jacob	joseph-son-of-jacob
Genesis 44:15	0	Joseph	joseph-son-of-jacob	joseph-son-of-jacob
Genesis 45:1	5	Joseph	joseph-son-of-jacob	joseph-son-of-jacob
Genesis 45:1	160	Joseph	joseph-son-of-jacob	joseph-son-of-jacob
Genesis 45:3	0	Joseph	joseph-son-of-jacob	joseph-son-of-jacob
Genesis 45:3	35	Joseph	joseph-son-of-jacob	joseph-son-of-jacob
Genesis 45:4	0	Joseph	joseph-son-of-jacob	joseph-son-of-jacob
Genesis 45:4	87	Joseph	joseph-son-of-jacob	joseph-son-of-jacob
Genesis 45:9	68	Joseph	joseph-son-of-jacob	joseph-son-of-jacob
Genesis 45:16	56	Joseph	joseph-son-of-jacob	joseph-son-of-jacob
Genesis 45:17	16	Joseph	joseph-son-of-jacob	joseph-son-of-jacob
Genesis 45:21	27	Joseph	joseph-son-of-jacob	joseph-son-of-jacob
Genesis 45:25	64	Jacob	jacob	jacob
Genesis 45:26	24	Joseph	joseph-son-of-jacob	joseph-son-of-jacob
Genesis 45:27	31	Joseph	joseph-son-of-jacob	joseph-son-of-jacob
Genesis 45:27	95	Joseph	joseph-son-of-jacob	joseph-son-of-jacob
Genesis 45:27	139	Jacob	jacob	jacob
Genesis 45:28	28	Joseph	joseph-son-of-jacob	joseph-son-of-jacob
Genesis 46:1	110	Isaac	isaac	isaac
Genesis 46:2	60	Jacob	jacob	jacob
Genesis 46:2	67	Jacob	jacob	jacob
Genesis 46:4	75	Joseph	joseph-son-of-jacob	joseph-son-of-jacob
Genesis 46:5	0	Jacob	jacob	jacob
Genesis 46:5	61	Jacob	jacob	jacob
Genesis 46:6	111	Jacob	jacob	jacob
Genesis 46:8	68	Jacob	jacob	jacob
Genesis 46:8	96	Jacob	jacob	jacob
Genesis 46:9	35	Hezron	hezron-son-of-perez	hezron-son-of-perez
Genesis 46:10	12	Simeon	-	simeon-at-the-temple
Genesis 46:11	12	Levi	-	matthew-levi
Genesis 46:12	37	Perez	perez	perez
Genesis 46:12	48	Zerah	zerah-son-of-judah	zerah-son-of-judah
Genesis 46:12	111	Perez	perez	perez
Genesis 46:12	122	Hezron	hezron-son-of-perez	hezron-son-of-perez
Genesis 46:15	22	Leah	leah	leah
Genesis 46:15	45	Jacob	jacob	jacob
Genesis 46:18	49	Leah	leah	leah
Genesis 46:18	91	Jacob	jacob	jacob
Genesis 46:19	12	Rachel	rachel	rachel
Genesis 46:19	20	Jacob	jacob	jacob
Genesis 46:19	34	Joseph	joseph-son-of-jacob	joseph-son-of-jacob
Genesis 46:20	3	Joseph	joseph-son-of-jacob	joseph-son-of-jacob
Genesis 46:20	41	Manasseh	-	manasseh-king-of-judah
Genesis 46:22	22	Rachel	rachel	rachel
Genesis 46:22	47	Jacob	jacob	jacob
Genesis 46:25	49	Rachel	rachel	rachel
Genesis 46:25	93	Jacob	jacob	jacob
Genesis 46:26	28	Jacob	jacob	jacob
Genesis 46:26	85	Jacob	jacob	jacob
Genesis 46:27	12	Joseph	joseph-son-of-jacob	joseph-son-of-jacob
Genesis 46:27	97	Jacob	jacob	jacob
Genesis 46:28	28	Joseph	joseph-son-of-jacob	joseph-son-of-jacob
Genesis 46:29	0	Joseph	joseph-son-of-jacob	joseph-son-of-jacob
Genesis 46:30	15	Joseph	joseph-son-of-jacob	joseph-son-of-jacob
Genesis 46:31	0	Joseph	joseph-son-of-jacob	joseph-son-of-jacob
Genesis 47:1	5	Joseph	joseph-son-of-jacob	joseph-son-of-jacob
Genesis 47:5	17	Joseph	joseph-son-of-jacob	joseph-son-of-jacob
Genesis 47:7	0	Joseph	joseph-son-of-jacob	joseph-son-of-jacob
Genesis 47:7	18	Jacob	jacob	jacob
Genesis 47:7	69	Jacob	jacob	jacob
Genesis 47:8	16	Jacob	jacob	jacob
Genesis 47:9	0	Jacob	jacob	jacob
Genesis 47:10	0	Jacob	jacob	jacob
Genesis 47:11	0	Joseph	joseph-son-of-jacob	joseph-son-of-jacob
Genesis 47:12	0	Joseph	joseph-son-of-jacob	joseph-son-of-jacob
Genesis 47:14	0	Joseph	joseph-son-of-jacob	joseph-son-of-jacob
Genesis 47:14	134	Joseph	joseph-son-of-jacob	joseph-son-of-jacob
Genesis 47:15	104	Joseph	joseph-son-of-jacob	joseph-son-of-jacob
Genesis 47:16	0	Joseph	joseph-son-of-jacob	joseph-son-of-jacob
Genesis 47:17	32	Joseph	joseph-son-of-jacob	joseph-son-of-jacob
Genesis 47:17	44	Joseph	joseph-son-of-jacob	joseph-son-of-jacob
Genesis 47:20	3	Joseph	joseph-son-of-jacob	joseph-son-of-jacob
Genesis 47:23	5	Joseph	joseph-son-of-jacob	joseph-son-of-jacob
Genesis 47:26	0	Joseph	joseph-son-of-jacob	joseph-son-of-jacob
Genesis 47:28	0	Jacob	jacob	jacob
Genesis 47:28	65	Jacob	jacob	jacob
Genesis 47:29	63	Joseph	joseph-son-of-jacob	joseph-son-of-jacob
Genesis 48:1	36	Joseph	joseph-son-of-jacob	joseph-son-of-jacob
Genesis 48:1	106	Manasseh	-	manasseh-king-of-judah
Genesis 48:2	13	Jacob	jacob	jacob
Genesis 48:2	48	Joseph	joseph-son-of-jacob	joseph-son-of-jacob
Genesis 48:3	0	Jacob	jacob	jacob
Genesis 48:3	14	Joseph	joseph-son-of-jacob	joseph-son-of-jacob
Genesis 48:5	116	Manasseh	-	manasseh-king-of-judah
Genesis 48:5	145	Simeon	-	simeon-at-the-temple
Genesis 48:7	36	Rachel	rachel	rachel
Genesis 48:8	11	Joseph	joseph-son-of-jacob	joseph-son-of-jacob
Genesis 48:9	0	Joseph	joseph-son-of-jacob	joseph-son-of-jacob
Genesis 48:11	15	Joseph	joseph-son-of-jacob	joseph-son-of-jacob
Genesis 48:12	0	Joseph	joseph-son-of-jacob	joseph-son-of-jacob
Genesis 48:13	0	Joseph	joseph-son-of-jacob	joseph-son-of-jacob
Genesis 48:13	80	Manasseh	-	manasseh-king-of-judah
Genesis 48:14	110	Manasseh	-	manasseh-king-of-judah
Genesis 48:14	160	Manasseh	-	manasseh-king-of-judah
Genesis 48:15	11	Joseph	joseph-son-of-jacob	joseph-son-of-jacob
Genesis 48:15	61	Abraham	abraham	abraham
Genesis 48:15	73	Isaac	isaac	isaac
Genesis 48:16	122	Abraham	abraham	abraham
Genesis 48:16	134	Isaac	isaac	isaac
Genesis 48:17	5	Joseph	joseph-son-of-jacob	joseph-son-of-jacob
Genesis 48:17	161	Manasseh	-	manasseh-king-of-judah
Genesis 48:18	0	Joseph	joseph-son-of-jacob	joseph-son-of-jacob
Genesis 48:20	101	Manasseh	-	manasseh-king-of-judah
Genesis 48:20	134	Manasseh	-	manasseh-king-of-judah
Genesis 48:21	15	Joseph	joseph-son-of-jacob	joseph-son-of-jacob
Genesis 49:1	0	Jacob	jacob	jacob
Genesis 49:2	43	Jacob	jacob	jacob
Genesis 49:5	1	Simeon	-	simeon-at-the-temple
Genesis 49:5	12	Levi	-	matthew-levi
Genesis 49:7	99	Jacob	jacob	jacob
Genesis 49:22	1	Joseph	joseph-son-of-jacob	joseph-son-of-jacob
Genesis 49:24	103	Jacob	jacob	jacob
Genesis 49:26	154	Joseph	joseph-son-of-jacob	joseph-son-of-jacob
Genesis 49:30	99	Abraham	abraham	abraham
Genesis 49:31	18	Abraham	abraham	abraham
Genesis 49:31	30	Sarah	sarah	sarah
Genesis 49:31	65	Isaac	isaac	isaac
Genesis 49:31	75	Rebekah	rebekah	rebekah
Genesis 49:31	113	Leah	leah	leah
Genesis 49:33	5	Jacob	jacob	jacob
Genesis 50:1	0	Joseph	joseph-son-of-jacob	joseph-son-of-jacob
Genesis 50:2	0	Joseph	joseph-son-of-jacob	joseph-son-of-jacob
Genesis 50:4	44	Joseph	joseph-son-of-jacob	joseph-son-of-jacob
Genesis 50:7	0	Joseph	joseph-son-of-jacob	joseph-son-of-jacob
Genesis 50:8	17	Joseph	joseph-son-of-jacob	joseph-son-of-jacob
Genesis 50:11	178	Abel	abel	abel
Genesis 50:13	110	Abraham	abraham	abraham
Genesis 50:14	0	Joseph	joseph-son-of-jacob	joseph-son-of-jacob
Genesis 50:15	5	Joseph	joseph-son-of-jacob	joseph-son-of-jacob
Genesis 50:15	82	Joseph	joseph-son-of-jacob	joseph-son-of-jacob
Genesis 50:16	23	Joseph	joseph-son-of-jacob	joseph-son-of-jacob
Genesis 50:17	16	Joseph	joseph-son-of-jacob	joseph-son-of-jacob
Genesis 50:17	207	Joseph	joseph-son-of-jacob	joseph-son-of-jacob
Genesis 50:19	0	Joseph	joseph-son-of-jacob	joseph-son-of-jacob
Genesis 50:22	0	Joseph	joseph-son-of-jacob	joseph-son-of-jacob
Genesis 50:22	51	Joseph	joseph-son-of-jacob	joseph-son-of-jacob
Genesis 50:23	0	Joseph	joseph-son-of-jacob	joseph-son-of-jacob
Genesis 50:23	95	Manasseh	-	manasseh-king-of-judah
Genesis 50:23	118	Joseph	joseph-son-of-jacob	joseph-son-of-jacob
Genesis 50:24	0	Joseph	joseph-son-of-jacob	joseph-son-of-jacob
Genesis 50:24	137	Abraham	abraham	abraham
Genesis 50:24	149	Isaac	isaac	isaac
Genesis 50:24	163	Jacob	jacob	jacob
Genesis 50:25	0	Joseph	joseph-son-of-jacob	joseph-son-of-jacob
Genesis 50:26	3	Joseph	joseph-son-of-jacob	joseph-son-of-jacob
Exodus 1:1	106	Jacob	jacob	jacob
Exodus 1:2	8	Simeon	-	simeon-at-the-temple
Exodus 1:2	16	Levi	-	matthew-levi
Exodus 1:5	30	Jacob	jacob	jacob
Exodus 1:5	67	Joseph	joseph-son-of-jacob	joseph-son-of-jacob
Exodus 1:6	0	Joseph	joseph-son-of-jacob	joseph-son-of-jacob
Exodus 1:8	55	Joseph	joseph-son-of-jacob	joseph-son-of-jacob
Exodus 2:1	22	Levi	-	matthew-levi
Exodus 2:1	55	Levi	-	matthew-levi
Exodus 2:10	96	Moses	moses	moses
Exodus 2:11	20	Moses	moses	moses
Exodus 2:14	106	Moses	moses	moses
Exodus 2:15	53	Moses	moses	moses
Exodus 2:15	64	Moses	moses	moses
Exodus 2:17	44	Moses	moses	moses
Exodus 2:21	0	Moses	moses	moses
Exodus 2:21	49	Moses	moses	moses
Exodus 2:24	63	Abraham	abraham	abraham
Exodus 2:24	77	Isaac	isaac	isaac
Exodus 2:24	93	Jacob	jacob	jacob
Exodus 3:1	4	Moses	moses	moses
Exodus 3:3	0	Moses	moses	moses
Exodus 3:4	105	Moses	moses	moses
Exodus 3:4	112	Moses	moses	moses
Exodus 3:6	59	Abraham	abraham	abraham
Exodus 3:6	79	Isaac	isaac	isaac
Exodus 3:6	101	Jacob	jacob	jacob
Exodus 3:6	109	Moses	moses	moses
Exodus 3:11	0	Moses	moses	moses
Exodus 3:13	0	Moses	moses	moses
Exodus 3:14	12	Moses	moses	moses
Exodus 3:15	21	Moses	moses	moses
Exodus 3:15	118	Abraham	abraham	abraham
Exodus 3:15	138	Isaac	isaac	isaac
Exodus 3:15	160	Jacob	jacob	jacob
Exodus 3:16	106	Abraham	abraham	abraham
Exodus 3:16	118	Isaac	isaac	isaac
Exodus 3:16	132	Jacob	jacob	jacob
Exodus 4:1	0	Moses	moses	moses
Exodus 4:3	89	Moses	moses	moses
Exodus 4:4	15	Moses	moses	moses
Exodus 4:5	73	Abraham	abraham	abraham
Exodus 4:5	93	Isaac	isaac	isaac
Exodus 4:5	115	Jacob	jacob	jacob
Exodus 4:10	0	Moses	moses	moses
Exodus 4:14	30	Moses	moses	moses
Exodus 4:14	62	Aaron	aaron	aaron
Exodus 4:18	0	Moses	moses	moses
Exodus 4:18	186	Moses	moses	moses
Exodus 4:19	15	Moses	moses	moses
Exodus 4:20	0	Moses	moses	moses
Exodus 4:20	98	Moses	moses	moses
Exodus 4:21	15	Moses	moses	moses
Exodus 4:24	42	Moses	moses	moses
Exodus 4:27	15	Aaron	aaron	aaron
Exodus 4:27	54	Moses	moses	moses
Exodus 4:28	0	Moses	moses	moses
Exodus 4:28	11	Aaron	aaron	aaron
Exodus 4:29	0	Moses	moses	moses
Exodus 4:29	10	Aaron	aaron	aaron
Exodus 4:30	0	Aaron	aaron	aaron
Exodus 4:30	53	Moses	moses	moses
Exodus 5:1	10	Moses	moses	moses
Exodus 5:1	20	Aaron	aaron	aaron
Exodus 5:4	45	Moses	moses	moses
Exodus 5:4	55	Aaron	aaron	aaron
Exodus 5:20	9	Moses	moses	moses
Exodus 5:20	19	Aaron	aaron	aaron
Exodus 5:22	0	Moses	moses	moses
Exodus 6:1	15	Moses	moses	moses
Exodus 6:2	13	Moses	moses	moses
Exodus 6:3	18	Abraham	abraham	abraham
Exodus 6:3	30	Isaac	isaac	isaac
Exodus 6:3	44	Jacob	jacob	jacob
Exodus 6:8	56	Abraham	abraham	abraham
Exodus 6:8	68	Isaac	isaac	isaac
Exodus 6:8	82	Jacob	jacob	jacob
Exodus 6:9	0	Moses	moses	moses
Exodus 6:9	68	Moses	moses	moses
Exodus 6:10	16	Moses	moses	moses
Exodus 6:12	0	Moses	moses	moses
Exodus 6:13	16	Moses	moses	moses
Exodus 6:13	29	Aaron	aaron	aaron
Exodus 6:14	109	Hezron	-	hezron-son-of-perez
Exodus 6:15	12	Simeon	-	simeon-at-the-temple
Exodus 6:15	138	Simeon	-	simeon-at-the-temple
Exodus 6:16	35	Levi	-	matthew-levi
Exodus 6:16	134	Levi	-	matthew-levi
Exodus 6:20	77	Aaron	aaron	aaron
Exodus 6:20	87	Moses	moses	moses
Exodus 6:23	0	Aaron	aaron	aaron
Exodus 6:23	37	Amminadab	amminadab	amminadab
Exodus 6:23	62	Nahshon	nahshon	nahshon
Exodus 6:23	118	Eleazar	-	eleazar-in-jesus-genealogy
Exodus 6:25	0	Eleazar	-	eleazar-in-jesus-genealogy
Exodus 6:25	8	Aaron	aaron	aaron
Exodus 6:26	15	Aaron	aaron	aaron
Exodus 6:26	25	Moses	moses	moses
Exodus 6:27	115	Moses	moses	moses
Exodus 6:27	125	Aaron	aaron	aaron
Exodus 6:28	32	Moses	moses	moses
Exodus 6:29	16	Moses	moses	moses
Exodus 6:30	0	Moses	moses	moses
Exodus 7:1	15	Moses	moses	moses
Exodus 7:1	70	Aaron	aaron	aaron
Exodus 7:2	44	Aaron	aaron	aaron
Exodus 7:6	0	Moses	moses	moses
Exodus 7:6	10	Aaron	aaron	aaron
Exodus 7:7	0	Moses	moses	moses
Exodus 7:7	32	Aaron	aaron	aaron
Exodus 7:8	16	Moses	moses	moses
Exodus 7:8	29	Aaron	aaron	aaron
Exodus 7:9	78	Aaron	aaron	aaron
Exodus 7:10	0	Moses	moses	moses
Exodus 7:10	10	Aaron	aaron	aaron
Exodus 7:10	82	Aaron	aaron	aaron
Exodus 7:12	66	Aaron	aaron	aaron
Exodus 7:14	15	Moses	moses	moses
Exodus 7:19	15	Moses	moses	moses
Exodus 7:19	28	Aaron	aaron	aaron
Exodus 7:20	0	Moses	moses	moses
Exodus 7:20	10	Aaron	aaron	aaron
Exodus 8:1	16	Moses	moses	moses
Exodus 8:5	15	Moses	moses	moses
Exodus 8:5	28	Aaron	aaron	aaron
Exodus 8:6	0	Aaron	aaron	aaron
Exodus 8:8	24	Moses	moses	moses
Exodus 8:8	34	Aaron	aaron	aaron
Exodus 8:9	0	Moses	moses	moses
Exodus 8:12	0	Moses	moses	moses
Exodus 8:12	10	Aaron	aaron	aaron
Exodus 8:12	43	Moses	moses	moses
Exodus 8:13	36	Moses	moses	moses
Exodus 8:16	15	Moses	moses	moses
Exodus 8:16	28	Aaron	aaron	aaron
Exodus 8:17	17	Aaron	aaron	aaron
Exodus 8:20	15	Moses	moses	moses
Exodus 8:25	19	Moses	moses	moses
Exodus 8:25	33	Aaron	aaron	aaron
Exodus 8:26	0	Moses	moses	moses
Exodus 8:29	0	Moses	moses	moses
Exodus 8:30	0	Moses	moses	moses
Exodus 8:31	36	Moses	moses	moses
Exodus 9:1	20	Moses	moses	moses
Exodus 9:8	15	Moses	moses	moses
Exodus 9:8	28	Aaron	aaron	aaron
Exodus 9:8	90	Moses	moses	moses
Exodus 9:10	62	Moses	moses	moses
Exodus 9:11	36	Moses	moses	moses
Exodus 9:12	92	Moses	moses	moses
Exodus 9:13	15	Moses	moses	moses
Exodus 9:22	15	Moses	moses	moses
Exodus 9:23	0	Moses	moses	moses
Exodus 9:27	29	Moses	moses	moses
Exodus 9:27	39	Aaron	aaron	aaron
Exodus 9:29	0	Moses	moses	moses
Exodus 9:33	0	Moses	moses	moses
Exodus 9:35	114	Moses	moses	moses
Exodus 10:1	15	Moses	moses	moses
Exodus 10:3	0	Moses	moses	moses
Exodus 10:3	10	Aaron	aaron	aaron
Exodus 10:8	0	Moses	moses	moses
Exodus 10:8	10	Aaron	aaron	aaron
Exodus 10:9	0	Moses	moses	moses
Exodus 10:12	15	Moses	moses	moses
Exodus 10:13	0	Moses	moses	moses
Exodus 10:16	24	Moses	moses	moses
Exodus 10:16	34	Aaron	aaron	aaron
Exodus 10:21	15	Moses	moses	moses
Exodus 10:22	0	Moses	moses	moses
Exodus 10:24	18	Moses	moses	moses
Exodus 10:25	0	Moses	moses	moses
Exodus 10:29	0	Moses	moses	moses
Exodus 11:1	15	Moses	moses	moses
Exodus 11:3	77	Moses	moses	moses
Exodus 11:4	0	Moses	moses	moses
Exodus 11:9	15	Moses	moses	moses
Exodus 11:10	0	Moses	moses	moses
Exodus 11:10	10	Aaron	aaron	aaron
Exodus 12:1	16	Moses	moses	moses
Exodus 12:1	26	Aaron	aaron	aaron
Exodus 12:21	5	Moses	moses	moses
Exodus 12:28	64	Moses	moses	moses
Exodus 12:28	74	Aaron	aaron	aaron
Exodus 12:31	14	Moses	moses	moses
Exodus 12:31	24	Aaron	aaron	aaron
Exodus 12:35	52	Moses	moses	moses
Exodus 12:43	15	Moses	moses	moses
Exodus 12:43	25	Aaron	aaron	aaron
Exodus 12:50	55	Moses	moses	moses
Exodus 12:50	65	Aaron	aaron	aaron
Exodus 13:1	16	Moses	moses	moses
Exodus 13:3	0	Moses	moses	moses
Exodus 13:19	0	Moses	moses	moses
Exodus 13:19	24	Joseph	joseph-son-of-jacob	joseph-son-of-jacob
Exodus 14:1	16	Moses	moses	moses
Exodus 14:11	13	Moses	moses	moses
Exodus 14:13	0	Moses	moses	moses
Exodus 14:15	15	Moses	moses	moses
Exodus 14:21	0	Moses	moses	moses
Exodus 14:26	15	Moses	moses	moses
Exodus 14:27	0	Moses	moses	moses
Exodus 14:31	139	Moses	moses	moses
Exodus 15:1	5	Moses	moses	moses
Exodus 15:20	0	Miriam	miriam	miriam
Exodus 15:20	37	Aaron	aaron	aaron
Exodus 15:21	0	Miriam	miriam	miriam
Exodus 15:22	0	Moses	moses	moses
Exodus 15:24	28	Moses	moses	moses
Exodus 16:2	66	Moses	moses	moses
Exodus 16:2	84	Aaron	aaron	aaron
Exodus 16:4	20	Moses	moses	moses
Exodus 16:6	0	Moses	moses	moses
Exodus 16:6	10	Aaron	aaron	aaron
Exodus 16:8	0	Moses	moses	moses
Exodus 16:9	0	Moses	moses	moses
Exodus 16:9	14	Aaron	aaron	aaron
Exodus 16:10	3	Aaron	aaron	aaron
Exodus 16:11	16	Moses	moses	moses
Exodus 16:15	110	Moses	moses	moses
Exodus 16:19	0	Moses	moses	moses
Exodus 16:20	38	Moses	moses	moses
Exodus 16:20	132	Moses	moses	moses
Exodus 16:22	130	Moses	moses	moses
Exodus 16:24	38	Moses	moses	moses
Exodus 16:25	0	Moses	moses	moses
Exodus 16:28	15	Moses	moses	moses
Exodus 16:32	0	Moses	moses	moses
Exodus 16:33	0	Moses	moses	moses
Exodus 16:33	14	Aaron	aaron	aaron
Exodus 16:34	20	Moses	moses	moses
Exodus 16:34	30	Aaron	aaron	aaron
Exodus 17:2	36	Moses	moses	moses
Exodus 17:2	79	Moses	moses	moses
Exodus 17:3	73	Moses	moses	moses
Exodus 17:4	0	Moses	moses	moses
Exodus 17:5	15	Moses	moses	moses
Exodus 17:6	146	Moses	moses	moses
Exodus 17:9	0	Moses	moses	moses
Exodus 17:9	14	Joshua	-	joshua
Exodus 17:10	3	Joshua	-	joshua
Exodus 17:10	17	Moses	moses	moses
Exodus 17:10	65	Moses	moses	moses
Exodus 17:10	72	Aaron	aaron	aaron
Exodus 17:11	5	Moses	moses	moses
Exodus 17:12	4	Moses	moses	moses
Exodus 17:12	92	Aaron	aaron	aaron
Exodus 17:13	0	Joshua	-	joshua
Exodus 17:14	15	Moses	moses	moses
Exodus 17:14	91	Joshua	-	joshua
Exodus 17:15	0	Moses	moses	moses
Exodus 18:1	34	Moses	moses	moses
Exodus 18:1	91	Moses	moses	moses
Exodus 18:2	8	Moses	moses	moses
Exodus 18:2	49	Moses	moses	moses
Exodus 18:3	55	Moses	moses	moses
Exodus 18:5	8	Moses	moses	moses
Exodus 18:5	65	Moses	moses	moses
Exodus 18:6	11	Moses	moses	moses
Exodus 18:7	0	Moses	moses	moses
Exodus 18:8	0	Moses	moses	moses
Exodus 18:12	8	Moses	moses	moses
Exodus 18:12	76	Aaron	aaron	aaron
Exodus 18:12	136	Moses	moses	moses
Exodus 18:13	17	Moses	moses	moses
Exodus 18:13	76	Moses	moses	moses
Exodus 18:14	5	Moses	moses	moses
Exodus 18:15	0	Moses	moses	moses
Exodus 18:17	0	Moses	moses	moses
Exodus 18:24	3	Moses	moses	moses
Exodus 18:25	0	Moses	moses	moses
Exodus 18:26	69	Moses	moses	moses
Exodus 18:27	0	Moses	moses	moses
Exodus 19:3	0	Moses	moses	moses
Exodus 19:3	118	Jacob	jacob	jacob
Exodus 19:7	0	Moses	moses	moses
Exodus 19:8	85	Moses	moses	moses
Exodus 19:9	15	Moses	moses	moses
Exodus 19:9	146	Moses	moses	moses
Exodus 19:10	15	Moses	moses	moses
Exodus 19:14	0	Moses	moses	moses
Exodus 19:17	0	Moses	moses	moses
Exodus 19:19	54	Moses	moses	moses
Exodus 19:20	75	Moses	moses	moses
Exodus 19:20	113	Moses	moses	moses
Exodus 19:21	15	Moses	moses	moses
Exodus 19:23	0	Moses	moses	moses
Exodus 19:24	46	Aaron	aaron	aaron
Exodus 19:25	3	Moses	moses	moses
Exodus 20:19	13	Moses	moses	moses
Exodus 20:20	0	Moses	moses	moses
Exodus 20:21	37	Moses	moses	moses
Exodus 20:22	15	Moses	moses	moses
Exodus 24:1	11	Moses	moses	moses
Exodus 24:1	47	Aaron	aaron	aaron
Exodus 24:2	0	Moses	moses	moses
Exodus 24:3	0	Moses	moses	moses
Exodus 24:4	0	Moses	moses	moses
Exodus 24:6	0	Moses	moses	moses
Exodus 24:8	0	Moses	moses	moses
Exodus 24:9	5	Moses	moses	moses
Exodus 24:9	12	Aaron	aaron	aaron
Exodus 24:12	15	Moses	moses	moses
Exodus 24:13	0	Moses	moses	moses
Exodus 24:13	19	Joshua	-	joshua
Exodus 24:13	44	Moses	moses	moses
Exodus 24:14	78	Aaron	aaron	aaron
Exodus 24:15	0	Moses	moses	moses
Exodus 24:16	103	Moses	moses	moses
Exodus 24:18	0	Moses	moses	moses
Exodus 24:18	77	Moses	moses	moses
Exodus 25:1	16	Moses	moses	moses
Exodus 27:21	72	Aaron	aaron	aaron
Exodus 28:1	7	Aaron	aaron	aaron
Exodus 28:1	153	Aaron	aaron	aaron
Exodus 28:1	177	Eleazar	-	eleazar-in-jesus-genealogy
Exodus 28:1	198	Aaron	aaron	aaron
Exodus 28:2	33	Aaron	aaron	aaron
Exodus 28:3	106	Aaron	aaron	aaron
Exodus 28:4	175	Aaron	aaron	aaron
Exodus 28:12	123	Aaron	aaron	aaron
Exodus 28:29	0	Aaron	aaron	aaron
Exodus 28:30	92	Aaron	aaron	aaron
Exodus 28:30	142	Aaron	aaron	aaron
Exodus 28:35	15	Aaron	aaron	aaron
Exodus 28:38	15	Aaron	aaron	aaron
Exodus 28:38	37	Aaron	aaron	aaron
Exodus 28:40	26	Aaron	aaron	aaron
Exodus 28:41	22	Aaron	aaron	aaron
Exodus 28:43	17	Aaron	aaron	aaron
Exodus 29:4	16	Aaron	aaron	aaron
Exodus 29:5	40	Aaron	aaron	aaron
Exodus 29:9	34	Aaron	aaron	aaron
Exodus 29:9	166	Aaron	aaron	aaron
Exodus 29:10	58	Aaron	aaron	aaron
Exodus 29:15	29	ram	-	ram-son-of-hezron
Exodus 29:15	38	Aaron	aaron	aaron
Exodus 29:15	98	ram	-	ram-son-of-hezron
Exodus 29:16	19	ram	-	ram-son-of-hezron
Exodus 29:17	18	ram	-	ram-son-of-hezron
Exodus 29:18	25	ram	-	ram-son-of-hezron
Exodus 29:19	26	ram	-	ram-son-of-hezron
Exodus 29:19	35	Aaron	aaron	aaron
Exodus 29:19	95	ram	-	ram-son-of-hezron
Exodus 29:20	24	ram	-	ram-son-of-hezron
Exodus 29:20	99	Aaron	aaron	aaron
Exodus 29:21	95	Aaron	aaron	aaron
Exodus 29:22	32	ram	-	ram-son-of-hezron
Exodus 29:22	189	ram	-	ram-son-of-hezron
Exodus 29:24	29	Aaron	aaron	aaron
Exodus 29:26	30	Aaron	aaron	aaron
Exodus 29:26	38	ram	-	ram-son-of-hezron
Exodus 29:27	135	ram	-	ram-son-of-hezron
Exodus 29:27	182	Aaron	aaron	aaron
Exodus 29:28	20	Aaron	aaron	aaron
Exodus 29:29	22	Aaron	aaron	aaron
Exodus 29:31	20	ram	-	ram-son-of-hezron
Exodus 29:32	0	Aaron	aaron	aaron
Exodus 29:32	45	ram	-	ram-son-of-hezron
Exodus 29:35	20	Aaron	aaron	aaron
Exodus 29:44	51	Aaron	aaron	aaron
Exodus 30:7	0	Aaron	aaron	aaron
Exodus 30:8	5	Aaron	aaron	aaron
Exodus 30:10	0	Aaron	aaron	aaron
Exodus 30:11	16	Moses	moses	moses
Exodus 30:17	16	Moses	moses	moses
Exodus 30:19	0	Aaron	aaron	aaron
Exodus 30:22	25	Moses	moses	moses
Exodus 30:30	17	Aaron	aaron	aaron
Exodus 30:34	15	Moses	moses	moses
Exodus 31:1	16	Moses	moses	moses
Exodus 31:3	31	Spirit of God	holy-spirit	holy-spirit
Exodus 31:10	51	Aaron	aaron	aaron
Exodus 31:12	16	Moses	moses	moses
Exodus 31:18	11	Moses	moses	moses
Exodus 32:1	25	Moses	moses	moses
Exodus 32:1	114	Aaron	aaron	aaron
Exodus 32:1	201	Moses	moses	moses
Exodus 32:2	0	Aaron	aaron	aaron
Exodus 32:3	87	Aaron	aaron	aaron
Exodus 32:5	5	Aaron	aaron	aaron
Exodus 32:5	54	Aaron	aaron	aaron
Exodus 32:7	16	Moses	moses	moses
Exodus 32:9	15	Moses	moses	moses
Exodus 32:11	0	Moses	moses	moses
Exodus 32:13	9	Abraham	abraham	abraham
Exodus 32:13	18	Isaac	isaac	isaac
Exodus 32:15	0	Moses	moses	moses
Exodus 32:17	5	Joshua	-	joshua
Exodus 32:17	70	Moses	moses	moses
Exodus 32:19	75	Moses	moses	moses
Exodus 32:21	0	Moses	moses	moses
Exodus 32:21	14	Aaron	aaron	aaron
Exodus 32:22	0	Aaron	aaron	aaron
Exodus 32:23	78	Moses	moses	moses
Exodus 32:25	5	Moses	moses	moses
Exodus 32:25	54	Aaron	aaron	aaron
Exodus 32:26	5	Moses	moses	moses
Exodus 32:26	111	Levi	-	matthew-levi
Exodus 32:28	12	Levi	-	matthew-levi
Exodus 32:28	46	Moses	moses	moses
Exodus 32:29	0	Moses	moses	moses
Exodus 32:30	17	Moses	moses	moses
Exodus 32:31	0	Moses	moses	moses
Exodus 32:33	15	Moses	moses	moses
Exodus 32:35	60	Aaron	aaron	aaron
Exodus 33:1	16	Moses	moses	moses
Exodus 33:1	151	Abraham	abraham	abraham
Exodus 33:1	163	Isaac	isaac	isaac
Exodus 33:1	177	Jacob	jacob	jacob
Exodus 33:5	15	Moses	moses	moses
Exodus 33:7	4	Moses	moses	moses
Exodus 33:8	5	Moses	moses	moses
Exodus 33:8	114	Moses	moses	moses
Exodus 33:9	5	Moses	moses	moses
Exodus 33:9	111	Moses	moses	moses
Exodus 33:11	16	Moses	moses	moses
Exodus 33:11	114	Joshua	-	joshua
Exodus 33:12	0	Moses	moses	moses
Exodus 33:17	15	Moses	moses	moses
Exodus 34:1	15	Moses	moses	moses
Exodus 34:4	53	Moses	moses	moses
Exodus 34:8	0	Moses	moses	moses
Exodus 34:27	15	Moses	moses	moses
Exodus 34:29	5	Moses	moses	moses
Exodus 34:29	79	Moses	moses	moses
Exodus 34:29	129	Moses	moses	moses
Exodus 34:30	5	Aaron	aaron	aaron
Exodus 34:30	46	Moses	moses	moses
Exodus 34:31	0	Moses	moses	moses
Exodus 34:31	26	Aaron	aaron	aaron
Exodus 34:31	92	Moses	moses	moses
Exodus 34:33	5	Moses	moses	moses
Exodus 34:34	9	Moses	moses	moses
Exodus 34:35	27	Moses	moses	moses
Exodus 34:35	57	Moses	moses	moses
Exodus 34:35	80	Moses	moses	moses
Exodus 35:1	0	Moses	moses	moses
Exodus 35:4	0	Moses	moses	moses
Exodus 35:19	85	Aaron	aaron	aaron
Exodus 35:20	77	Moses	moses	moses
Exodus 35:29	181	Moses	moses	moses
Exodus 35:30	0	Moses	moses	moses
Exodus 35:31	27	Spirit of God	holy-spirit	holy-spirit
Exodus 36:2	0	Moses	moses	moses
Exodus 36:3	23	Moses	moses	moses
Exodus 36:5	14	Moses	moses	moses
Exodus 36:6	0	Moses	moses	moses
Exodus 38:21	148	Moses	moses	moses
Exodus 38:21	222	Aaron	aaron	aaron
Exodus 38:22	94	Moses	moses	moses
Exodus 39:1	134	Aaron	aaron	aaron
Exodus 39:1	161	Moses	moses	moses
Exodus 39:5	186	Moses	moses	moses
Exodus 39:7	122	Moses	moses	moses
Exodus 39:21	229	Moses	moses	moses
Exodus 39:26	119	Moses	moses	moses
Exodus 39:27	52	Aaron	aaron	aaron
Exodus 39:29	119	Moses	moses	moses
Exodus 39:31	86	Moses	moses	moses
Exodus 39:32	139	Moses	moses	moses
Exodus 39:33	31	Moses	moses	moses
Exodus 39:41	84	Aaron	aaron	aaron
Exodus 39:42	39	Moses	moses	moses
Exodus 39:43	0	Moses	moses	moses
Exodus 39:43	108	Moses	moses	moses
Exodus 40:1	16	Moses	moses	moses
Exodus 40:12	17	Aaron	aaron	aaron
Exodus 40:13	17	Aaron	aaron	aaron
Exodus 40:16	0	Moses	moses	moses
Exodus 40:18	0	Moses	moses	moses
Exodus 40:19	106	Moses	moses	moses
Exodus 40:21	134	Moses	moses	moses
Exodus 40:23	67	Moses	moses	moses
Exodus 40:25	52	Moses	moses	moses
Exodus 40:27	65	Moses	moses	moses
Exodus 40:29	169	Moses	moses	moses
Exodus 40:31	0	Moses	moses	moses
Exodus 40:31	7	Aaron	aaron	aaron
Exodus 40:32	112	Moses	moses	moses
Exodus 40:33	111	Moses	moses	moses
Exodus 40:35	0	Moses	moses	moses
Leviticus 1:1	17	Moses	moses	moses
Leviticus 1:5	38	Aaron	aaron	aaron
Leviticus 1:7	12	Aaron	aaron	aaron
Leviticus 1:8	4	Aaron	aaron	aaron
Leviticus 1:11	63	Aaron	aaron	aaron
Leviticus 2:2	21	Aaron	aaron	aaron
Leviticus 2:3	49	Aaron	aaron	aaron
Leviticus 2:10	49	Aaron	aaron	aaron
Leviticus 3:2	103	Aaron	aaron	aaron
Leviticus 3:5	0	Aaron	aaron	aaron
Leviticus 3:8	99	Aaron	aaron	aaron
Leviticus 3:13	95	Aaron	aaron	aaron
Leviticus 4:1	16	Moses	moses	moses
Leviticus 5:14	16	Moses	moses	moses
Leviticus 5:15	138	ram	-	ram-son-of-hezron
Leviticus 5:16	192	ram	-	ram-son-of-hezron
Leviticus 5:18	17	ram	-	ram-son-of-hezron
Leviticus 6:1	16	Moses	moses	moses
Leviticus 6:6	50	ram	-	ram-son-of-hezron
Leviticus 6:8	16	Moses	moses	moses
Leviticus 6:9	9	Aaron	aaron	aaron
Leviticus 6:14	52	Aaron	aaron	aaron
Leviticus 6:16	25	Aaron	aaron	aaron
Leviticus 6:18	33	Aaron	aaron	aaron
Leviticus 6:19	16	Moses	moses	moses
Leviticus 6:20	25	Aaron	aaron	aaron
Leviticus 6:24	16	Moses	moses	moses
Leviticus 6:25	10	Aaron	aaron	aaron
Leviticus 7:10	71	Aaron	aaron	aaron
Leviticus 7:22	16	Moses	moses	moses
Leviticus 7:28	16	Moses	moses	moses
Leviticus 7:31	68	Aaron	aaron	aaron
Leviticus 7:33	21	Aaron	aaron	aaron
Leviticus 7:34	154	Aaron	aaron	aaron
Leviticus 7:35	33	Aaron	aaron	aaron
Leviticus 7:38	23	Moses	moses	moses
Leviticus 8:1	16	Moses	moses	moses
Leviticus 8:2	6	Aaron	aaron	aaron
Leviticus 8:4	0	Moses	moses	moses
Leviticus 8:5	0	Moses	moses	moses
Leviticus 8:6	0	Moses	moses	moses
Leviticus 8:6	14	Aaron	aaron	aaron
Leviticus 8:9	121	Moses	moses	moses
Leviticus 8:10	0	Moses	moses	moses
Leviticus 8:12	39	Aaron	aaron	aaron
Leviticus 8:13	0	Moses	moses	moses
Leviticus 8:13	14	Aaron	aaron	aaron
Leviticus 8:13	129	Moses	moses	moses
Leviticus 8:14	45	Aaron	aaron	aaron
Leviticus 8:15	18	Moses	moses	moses
Leviticus 8:16	113	Moses	moses	moses
Leviticus 8:17	114	Moses	moses	moses
Leviticus 8:18	17	ram	-	ram-son-of-hezron
Leviticus 8:18	48	Aaron	aaron	aaron
Leviticus 8:18	103	ram	-	ram-son-of-hezron
Leviticus 8:19	18	Moses	moses	moses
Leviticus 8:20	11	ram	-	ram-son-of-hezron
Leviticus 8:20	36	Moses	moses	moses
Leviticus 8:21	51	Moses	moses	moses
Leviticus 8:21	74	ram	-	ram-son-of-hezron
Leviticus 8:21	201	Moses	moses	moses
Leviticus 8:22	23	ram	-	ram-son-of-hezron
Leviticus 8:22	32	ram	-	ram-son-of-hezron
Leviticus 8:22	57	Aaron	aaron	aaron
Leviticus 8:22	112	ram	-	ram-son-of-hezron
Leviticus 8:23	18	Moses	moses	moses
Leviticus 8:23	73	Aaron	aaron	aaron
Leviticus 8:24	11	Aaron	aaron	aaron
Leviticus 8:24	29	Moses	moses	moses
Leviticus 8:24	172	Moses	moses	moses
Leviticus 8:27	20	Aaron	aaron	aaron
Leviticus 8:28	0	Moses	moses	moses
Leviticus 8:29	0	Moses	moses	moses
Leviticus 8:29	78	Moses	moses	moses
Leviticus 8:29	100	ram	-	ram-son-of-hezron
Leviticus 8:29	141	Moses	moses	moses
Leviticus 8:30	0	Moses	moses	moses
Leviticus 8:30	104	Aaron	aaron	aaron
Leviticus 8:30	196	Aaron	aaron	aaron
Leviticus 8:31	0	Moses	moses	moses
Leviticus 8:31	14	Aaron	aaron	aaron
Leviticus 8:31	183	Aaron	aaron	aaron
Leviticus 8:36	0	Aaron	aaron	aaron
Leviticus 8:36	64	Moses	moses	moses
Leviticus 9:1	19	Moses	moses	moses
Leviticus 9:1	32	Aaron	aaron	aaron
Leviticus 9:2	15	Aaron	aaron	aaron
Leviticus 9:2	75	ram	-	ram-son-of-hezron
Leviticus 9:4	17	ram	-	ram-son-of-hezron
Leviticus 9:5	18	Moses	moses	moses
Leviticus 9:6	0	Moses	moses	moses
Leviticus 9:7	0	Moses	moses	moses
Leviticus 9:7	14	Aaron	aaron	aaron
Leviticus 9:8	3	Aaron	aaron	aaron
Leviticus 9:9	12	Aaron	aaron	aaron
Leviticus 9:10	126	Moses	moses	moses
Leviticus 9:12	34	Aaron	aaron	aaron
Leviticus 9:18	32	ram	-	ram-son-of-hezron
Leviticus 9:18	101	Aaron	aaron	aaron
Leviticus 9:19	35	ram	-	ram-son-of-hezron
Leviticus 9:21	36	Aaron	aaron	aaron
Leviticus 9:21	86	Moses	moses	moses
Leviticus 9:22	0	Aaron	aaron	aaron
Leviticus 9:23	0	Moses	moses	moses
Leviticus 9:23	10	Aaron	aaron	aaron
Leviticus 10:1	29	Aaron	aaron	aaron
Leviticus 10:3	5	Moses	moses	moses
Leviticus 10:3	19	Aaron	aaron	aaron
Leviticus 10:3	166	Aaron	aaron	aaron
Leviticus 10:4	0	Moses	moses	moses
Leviticus 10:4	67	Aaron	aaron	aaron
Leviticus 10:5	71	Moses	moses	moses
Leviticus 10:6	0	Moses	moses	moses
Leviticus 10:6	14	Aaron	aaron	aaron
Leviticus 10:6	28	Eleazar	-	eleazar-in-jesus-genealogy
Leviticus 10:7	151	Moses	moses	moses
Leviticus 10:8	20	Aaron	aaron	aaron
Leviticus 10:11	92	Moses	moses	moses
Leviticus 10:12	0	Moses	moses	moses
Leviticus 10:12	15	Aaron	aaron	aaron
Leviticus 10:12	29	Eleazar	-	eleazar-in-jesus-genealogy
Leviticus 10:16	0	Moses	moses	moses
Leviticus 10:16	112	Eleazar	-	eleazar-in-jesus-genealogy
Leviticus 10:16	150	Aaron	aaron	aaron
Leviticus 10:19	0	Aaron	aaron	aaron
Leviticus 10:19	15	Moses	moses	moses
Leviticus 10:20	5	Moses	moses	moses
Leviticus 11:1	16	Moses	moses	moses
Leviticus 11:1	29	Aaron	aaron	aaron
Leviticus 12:1	16	Moses	moses	moses
Leviticus 13:1	16	Moses	moses	moses
Leviticus 13:1	29	Aaron	aaron	aaron
Leviticus 13:2	171	Aaron	aaron	aaron
Leviticus 14:1	16	Moses	moses	moses
Leviticus 14:33	16	Moses	moses	moses
Leviticus 14:33	29	Aaron	aaron	aaron
Leviticus 15:1	16	Moses	moses	moses
Leviticus 15:1	29	Aaron	aaron	aaron
Leviticus 16:1	16	Moses	moses	moses
Leviticus 16:1	58	Aaron	aaron	aaron
Leviticus 16:2	19	Moses	moses	moses
Leviticus 16:2	32	Aaron	aaron	aaron
Leviticus 16:3	1	Aaron	aaron	aaron
Leviticus 16:3	81	ram	-	ram-son-of-hezron
Leviticus 16:5	105	ram	-	ram-son-of-hezron
Leviticus 16:6	1	Aaron	aaron	aaron
Leviticus 16:8	0	Aaron	aaron	aaron
Leviticus 16:9	0	Aaron	aaron	aaron
Leviticus 16:11	1	Aaron	aaron	aaron
Leviticus 16:21	0	Aaron	aaron	aaron
Leviticus 16:23	1	Aaron	aaron	aaron
Leviticus 16:34	169	Moses	moses	moses
Leviticus 17:1	16	Moses	moses	moses
Leviticus 17:2	10	Aaron	aaron	aaron
Leviticus 18:1	15	Moses	moses	moses
Leviticus 19:1	16	Moses	moses	moses
Leviticus 19:21	91	ram	-	ram-son-of-hezron
Leviticus 19:22	49	ram	-	ram-son-of-hezron
Leviticus 20:1	16	Moses	moses	moses
Leviticus 21:1	15	Moses	moses	moses
Leviticus 21:1	57	Aaron	aaron	aaron
Leviticus 21:16	16	Moses	moses	moses
Leviticus 21:17	8	Aaron	aaron	aaron
Leviticus 21:21	27	Aaron	aaron	aaron
Leviticus 21:24	3	Moses	moses	moses
Leviticus 21:24	18	Aaron	aaron	aaron
Leviticus 22:1	16	Moses	moses	moses
Leviticus 22:2	6	Aaron	aaron	aaron
Leviticus 22:4	30	Aaron	aaron	aaron
Leviticus 22:17	16	Moses	moses	moses
Leviticus 22:18	10	Aaron	aaron	aaron
Leviticus 22:26	16	Moses	moses	moses
Leviticus 23:1	16	Moses	moses	moses
Leviticus 23:9	16	Moses	moses	moses
Leviticus 23:23	16	Moses	moses	moses
Leviticus 23:26	16	Moses	moses	moses
Leviticus 23:33	16	Moses	moses	moses
Leviticus 23:44	0	Moses	moses	moses
Leviticus 24:1	16	Moses	moses	moses
Leviticus 24:3	68	Aaron	aaron	aaron
Leviticus 24:9	16	Aaron	aaron	aaron
Leviticus 24:11	88	Moses	moses	moses
Leviticus 24:13	16	Moses	moses	moses
Leviticus 24:23	0	Moses	moses	moses
Leviticus 24:23	171	Moses	moses	moses
Leviticus 25:1	15	Moses	moses	moses
Leviticus 26:42	38	Jacob	jacob	jacob
Leviticus 26:42	71	Isaac	isaac	isaac
Leviticus 26:42	104	Abraham	abraham	abraham
Leviticus 26:46	120	Moses	moses	moses
Leviticus 27:1	16	Moses	moses	moses
Leviticus 27:34	50	Moses	moses	moses
Numbers 1:1	16	Moses	moses	moses
Numbers 1:3	87	Aaron	aaron	aaron
Numbers 1:6	3	Simeon	-	simeon-at-the-temple
Numbers 1:7	10	Nahshon	nahshon	nahshon
Numbers 1:7	29	Amminadab	-	amminadab
Numbers 1:10	19	Joseph	joseph-son-of-jacob	joseph-son-of-jacob
Numbers 1:10	71	Manasseh	-	manasseh-king-of-judah
Numbers 1:10	81	Gamaliel	gamaliel	gamaliel
Numbers 1:17	0	Moses	moses	moses
Numbers 1:17	10	Aaron	aaron	aaron
Numbers 1:19	20	Moses	moses	moses
Numbers 1:22	19	Simeon	-	simeon-at-the-temple
Numbers 1:23	48	Simeon	-	simeon-at-the-temple
Numbers 1:32	19	Joseph	joseph-son-of-jacob	joseph-son-of-jacob
Numbers 1:34	19	Manasseh	-	manasseh-king-of-judah
Numbers 1:35	48	Manasseh	-	manasseh-king-of-judah
Numbers 1:44	39	Moses	moses	moses
Numbers 1:44	49	Aaron	aaron	aaron
Numbers 1:48	20	Moses	moses	moses
Numbers 1:49	19	Levi	-	matthew-levi
Numbers 1:54	72	Moses	moses	moses
Numbers 2:1	16	Moses	moses	moses
Numbers 2:1	29	Aaron	aaron	aaron
Numbers 2:3	179	Nahshon	nahshon	nahshon
Numbers 2:3	198	Amminadab	-	amminadab
Numbers 2:12	52	Simeon	-	simeon-at-the-temple
Numbers 2:12	90	Simeon	-	simeon-at-the-temple
Numbers 2:20	35	Manasseh	-	manasseh-king-of-judah
Numbers 2:20	79	Manasseh	-	manasseh-king-of-judah
Numbers 2:20	97	Gamaliel	gamaliel	gamaliel
Numbers 2:33	83	Moses	moses	moses
Numbers 2:34	72	Moses	moses	moses
Numbers 3:1	46	Aaron	aaron	aaron
Numbers 3:1	56	Moses	moses	moses
Numbers 3:1	96	Moses	moses	moses
Numbers 3:2	35	Aaron	aaron	aaron
Numbers 3:2	74	Eleazar	-	eleazar-in-jesus-genealogy
Numbers 3:3	35	Aaron	aaron	aaron
Numbers 3:4	136	Eleazar	-	eleazar-in-jesus-genealogy
Numbers 3:4	209	Aaron	aaron	aaron
Numbers 3:5	16	Moses	moses	moses
Numbers 3:6	20	Levi	-	matthew-levi
Numbers 3:6	51	Aaron	aaron	aaron
Numbers 3:9	30	Aaron	aaron	aaron
Numbers 3:10	18	Aaron	aaron	aaron
Numbers 3:11	16	Moses	moses	moses
Numbers 3:14	16	Moses	moses	moses
Numbers 3:15	23	Levi	-	matthew-levi
Numbers 3:16	0	Moses	moses	moses
Numbers 3:17	23	Levi	-	matthew-levi
Numbers 3:32	0	Eleazar	-	eleazar-in-jesus-genealogy
Numbers 3:32	19	Aaron	aaron	aaron
Numbers 3:38	110	Moses	moses	moses
Numbers 3:38	121	Aaron	aaron	aaron
Numbers 3:39	42	Moses	moses	moses
Numbers 3:39	52	Aaron	aaron	aaron
Numbers 3:40	15	Moses	moses	moses
Numbers 3:42	0	Moses	moses	moses
Numbers 3:44	16	Moses	moses	moses
Numbers 3:48	73	Aaron	aaron	aaron
Numbers 3:49	0	Moses	moses	moses
Numbers 3:51	4	Moses	moses	moses
Numbers 3:51	39	Aaron	aaron	aaron
Numbers 3:51	110	Moses	moses	moses
Numbers 4:1	16	Moses	moses	moses
Numbers 4:1	29	Aaron	aaron	aaron
Numbers 4:2	60	Levi	-	matthew-levi
Numbers 4:5	29	Aaron	aaron	aaron
Numbers 4:15	6	Aaron	aaron	aaron
Numbers 4:16	13	Eleazar	-	eleazar-in-jesus-genealogy
Numbers 4:16	32	Aaron	aaron	aaron
Numbers 4:17	16	Moses	moses	moses
Numbers 4:17	29	Aaron	aaron	aaron
Numbers 4:19	98	Aaron	aaron	aaron
Numbers 4:21	16	Moses	moses	moses
Numbers 4:27	22	Aaron	aaron	aaron
Numbers 4:28	152	Aaron	aaron	aaron
Numbers 4:33	152	Aaron	aaron	aaron
Numbers 4:34	0	Moses	moses	moses
Numbers 4:34	10	Aaron	aaron	aaron
Numbers 4:37	112	Moses	moses	moses
Numbers 4:37	122	Aaron	aaron	aaron
Numbers 4:37	178	Moses	moses	moses
Numbers 4:41	117	Moses	moses	moses
Numbers 4:41	127	Aaron	aaron	aaron
Numbers 4:45	77	Moses	moses	moses
Numbers 4:45	87	Aaron	aaron	aaron
Numbers 4:45	143	Moses	moses	moses
Numbers 4:46	48	Moses	moses	moses
Numbers 4:46	58	Aaron	aaron	aaron
Numbers 4:49	60	Moses	moses	moses
Numbers 4:49	182	Moses	moses	moses
Numbers 5:1	16	Moses	moses	moses
Numbers 5:4	84	Moses	moses	moses
Numbers 5:5	16	Moses	moses	moses
Numbers 5:8	162	ram	-	ram-son-of-hezron
Numbers 5:11	16	Moses	moses	moses
Numbers 6:1	16	Moses	moses	moses
Numbers 6:14	176	ram	-	ram-son-of-hezron
Numbers 6:17	19	ram	-	ram-son-of-hezron
Numbers 6:19	49	ram	-	ram-son-of-hezron
Numbers 6:22	16	Moses	moses	moses
Numbers 6:23	10	Aaron	aaron	aaron
Numbers 7:1	16	Moses	moses	moses
Numbers 7:4	16	Moses	moses	moses
Numbers 7:6	0	Moses	moses	moses
Numbers 7:8	132	Aaron	aaron	aaron
Numbers 7:11	15	Moses	moses	moses
Numbers 7:12	46	Nahshon	nahshon	nahshon
Numbers 7:12	65	Amminadab	-	amminadab
Numbers 7:15	20	ram	-	ram-son-of-hezron
Numbers 7:17	147	Nahshon	nahshon	nahshon
Numbers 7:17	166	Amminadab	-	amminadab
Numbers 7:21	20	ram	-	ram-son-of-hezron
Numbers 7:27	20	ram	-	ram-son-of-hezron
Numbers 7:33	20	ram	-	ram-son-of-hezron
Numbers 7:36	77	Simeon	-	simeon-at-the-temple
Numbers 7:39	20	ram	-	ram-son-of-hezron
Numbers 7:45	20	ram	-	ram-son-of-hezron
Numbers 7:51	20	ram	-	ram-son-of-hezron
Numbers 7:54	18	Gamaliel	gamaliel	gamaliel
Numbers 7:54	74	Manasseh	-	manasseh-king-of-judah
Numbers 7:57	20	ram	-	ram-son-of-hezron
Numbers 7:59	147	Gamaliel	gamaliel	gamaliel
Numbers 7:63	20	ram	-	ram-son-of-hezron
Numbers 7:69	20	ram	-	ram-son-of-hezron
Numbers 7:75	20	ram	-	ram-son-of-hezron
Numbers 7:81	20	ram	-	ram-son-of-hezron
Numbers 7:89	5	Moses	moses	moses
Numbers 8:1	16	Moses	moses	moses
Numbers 8:2	10	Aaron	aaron	aaron
Numbers 8:3	0	Aaron	aaron	aaron
Numbers 8:3	97	Moses	moses	moses
Numbers 8:4	163	Moses	moses	moses
Numbers 8:5	16	Moses	moses	moses
Numbers 8:11	4	Aaron	aaron	aaron
Numbers 8:13	33	Aaron	aaron	aaron
Numbers 8:19	38	Aaron	aaron	aaron
Numbers 8:20	0	Moses	moses	moses
Numbers 8:20	11	Aaron	aaron	aaron
Numbers 8:20	131	Moses	moses	moses
Numbers 8:21	77	Aaron	aaron	aaron
Numbers 8:21	135	Aaron	aaron	aaron
Numbers 8:22	82	Aaron	aaron	aaron
Numbers 8:22	134	Moses	moses	moses
Numbers 8:23	16	Moses	moses	moses
Numbers 9:1	16	Moses	moses	moses
Numbers 9:4	0	Moses	moses	moses
Numbers 9:5	158	Moses	moses	moses
Numbers 9:6	151	Moses	moses	moses
Numbers 9:6	168	Aaron	aaron	aaron
Numbers 9:8	0	Moses	moses	moses
Numbers 9:9	16	Moses	moses	moses
Numbers 9:23	152	Moses	moses	moses
Numbers 10:1	16	Moses	moses	moses
Numbers 10:8	13	Aaron	aaron	aaron
Numbers 10:9	40	the adversary	satan	satan
Numbers 10:13	66	Moses	moses	moses
Numbers 10:14	97	Nahshon	nahshon	nahshon
Numbers 10:14	116	Amminadab	-	amminadab
Numbers 10:19	83	Simeon	-	simeon-at-the-temple
Numbers 10:23	0	Gamaliel	gamaliel	gamaliel
Numbers 10:23	79	Manasseh	-	manasseh-king-of-judah
Numbers 10:29	0	Moses	moses	moses
Numbers 10:29	53	Moses	moses	moses
Numbers 10:35	27	Moses	moses	moses
Numbers 11:2	20	Moses	moses	moses
Numbers 11:2	31	Moses	moses	moses
Numbers 11:10	0	Moses	moses	moses
Numbers 11:10	132	Moses	moses	moses
Numbers 11:11	0	Moses	moses	moses
Numbers 11:16	15	Moses	moses	moses
Numbers 11:21	0	Moses	moses	moses
Numbers 11:23	15	Moses	moses	moses
Numbers 11:24	0	Moses	moses	moses
Numbers 11:27	26	Moses	moses	moses
Numbers 11:28	0	Joshua	joshua	joshua
Numbers 11:28	38	Moses	moses	moses
Numbers 11:28	87	Moses	moses	moses
Numbers 11:29	0	Moses	moses	moses
Numbers 11:30	0	Moses	moses	moses
Numbers 12:1	0	Miriam	miriam	miriam
Numbers 12:1	11	Aaron	aaron	aaron
Numbers 12:1	31	Moses	moses	moses
Numbers 12:2	47	Moses	moses	moses
Numbers 12:3	12	Moses	moses	moses
Numbers 12:4	25	Moses	moses	moses
Numbers 12:4	35	Aaron	aaron	aaron
Numbers 12:4	49	Miriam	miriam	miriam
Numbers 12:5	85	Aaron	aaron	aaron
Numbers 12:5	95	Miriam	miriam	miriam
Numbers 12:7	11	Moses	moses	moses
Numbers 12:8	171	Moses	moses	moses
Numbers 12:10	51	Miriam	miriam	miriam
Numbers 12:10	89	Aaron	aaron	aaron
Numbers 12:10	105	Miriam	miriam	miriam
Numbers 12:11	0	Aaron	aaron	aaron
Numbers 12:11	14	Moses	moses	moses
Numbers 12:13	0	Moses	moses	moses
Numbers 12:14	15	Moses	moses	moses
Numbers 12:15	0	Miriam	miriam	miriam
Numbers 12:15	86	Miriam	miriam	miriam
Numbers 13:1	16	Moses	moses	moses
Numbers 13:3	0	Moses	moses	moses
Numbers 13:5	16	Simeon	-	simeon-at-the-temple
Numbers 13:6	23	Caleb	caleb	caleb
Numbers 13:7	42	Joseph	joseph-son-of-jacob	joseph-son-of-jacob
Numbers 13:8	25	Hoshea	joshua	joshua
Numbers 13:11	16	Joseph	joseph-son-of-jacob	joseph-son-of-jacob
Numbers 13:11	40	Manasseh	-	manasseh-king-of-judah
Numbers 13:13	41	Michael	michael-archangel	michael-archangel
Numbers 13:16	35	Moses	moses	moses
Numbers 13:16	67	Moses	moses	moses
Numbers 13:16	80	Hoshea	joshua	joshua
Numbers 13:16	102	Joshua	joshua	joshua
Numbers 13:17	0	Moses	moses	moses
Numbers 13:26	22	Moses	moses	moses
Numbers 13:26	32	Aaron	aaron	aaron
Numbers 13:30	0	Caleb	caleb	caleb
Numbers 13:30	32	Moses	moses	moses
Numbers 14:2	44	Moses	moses	moses
Numbers 14:2	62	Aaron	aaron	aaron
Numbers 14:5	5	Moses	moses	moses
Numbers 14:5	15	Aaron	aaron	aaron
Numbers 14:6	0	Joshua	joshua	joshua
Numbers 14:6	26	Caleb	caleb	caleb
Numbers 14:11	15	Moses	moses	moses
Numbers 14:13	0	Moses	moses	moses
Numbers 14:24	15	Caleb	caleb	caleb
Numbers 14:26	16	Moses	moses	moses
Numbers 14:26	29	Aaron	aaron	aaron
Numbers 14:30	110	Caleb	caleb	caleb
Numbers 14:30	142	Joshua	joshua	joshua
Numbers 14:36	14	Moses	moses	moses
Numbers 14:38	4	Joshua	joshua	joshua
Numbers 14:38	31	Caleb	caleb	caleb
Numbers 14:39	0	Moses	moses	moses
Numbers 14:41	0	Moses	moses	moses
Numbers 14:44	102	Moses	moses	moses
Numbers 15:1	16	Moses	moses	moses
Numbers 15:6	11	ram	-	ram-son-of-hezron
Numbers 15:11	49	ram	-	ram-son-of-hezron
Numbers 15:17	16	Moses	moses	moses
Numbers 15:22	85	Moses	moses	moses
Numbers 15:23	42	Moses	moses	moses
Numbers 15:33	52	Moses	moses	moses
Numbers 15:33	62	Aaron	aaron	aaron
Numbers 15:35	15	Moses	moses	moses
Numbers 15:36	111	Moses	moses	moses
Numbers 15:37	16	Moses	moses	moses
Numbers 16:1	59	Levi	-	matthew-levi
Numbers 16:2	20	Moses	moses	moses
Numbers 16:3	43	Moses	moses	moses
Numbers 16:3	61	Aaron	aaron	aaron
Numbers 16:4	5	Moses	moses	moses
Numbers 16:7	169	Levi	-	matthew-levi
Numbers 16:8	0	Moses	moses	moses
Numbers 16:8	44	Levi	-	matthew-levi
Numbers 16:10	68	Levi	-	matthew-levi
Numbers 16:11	82	Aaron	aaron	aaron
Numbers 16:12	0	Moses	moses	moses
Numbers 16:15	0	Moses	moses	moses
Numbers 16:16	0	Moses	moses	moses
Numbers 16:16	84	Aaron	aaron	aaron
Numbers 16:17	137	Aaron	aaron	aaron
Numbers 16:18	123	Moses	moses	moses
Numbers 16:18	133	Aaron	aaron	aaron
Numbers 16:20	16	Moses	moses	moses
Numbers 16:20	29	Aaron	aaron	aaron
Numbers 16:23	16	Moses	moses	moses
Numbers 16:25	0	Moses	moses	moses
Numbers 16:28	0	Moses	moses	moses
Numbers 16:36	16	Moses	moses	moses
Numbers 16:37	10	Eleazar	-	eleazar-in-jesus-genealogy
Numbers 16:37	29	Aaron	aaron	aaron
Numbers 16:39	0	Eleazar	-	eleazar-in-jesus-genealogy
Numbers 16:40	103	Aaron	aaron	aaron
Numbers 16:40	228	Moses	moses	moses
Numbers 16:41	84	Moses	moses	moses
Numbers 16:41	102	Aaron	aaron	aaron
Numbers 16:42	44	Moses	moses	moses
Numbers 16:42	62	Aaron	aaron	aaron
Numbers 16:43	0	Moses	moses	moses
Numbers 16:43	10	Aaron	aaron	aaron
Numbers 16:44	16	Moses	moses	moses
Numbers 16:46	0	Moses	moses	moses
Numbers 16:46	14	Aaron	aaron	aaron
Numbers 16:47	0	Aaron	aaron	aaron
Numbers 16:47	13	Moses	moses	moses
Numbers 16:50	0	Aaron	aaron	aaron
Numbers 16:50	18	Moses	moses	moses
Numbers 17:1	16	Moses	moses	moses
Numbers 17:3	16	Aaron	aaron	aaron
Numbers 17:3	43	Levi	-	matthew-levi
Numbers 17:6	0	Moses	moses	moses
Numbers 17:6	151	Aaron	aaron	aaron
Numbers 17:7	0	Moses	moses	moses
Numbers 17:8	17	Moses	moses	moses
Numbers 17:8	72	Aaron	aaron	aaron
Numbers 17:8	101	Levi	-	matthew-levi
Numbers 17:9	0	Moses	moses	moses
Numbers 17:10	15	Moses	moses	moses
Numbers 17:10	43	Aaron	aaron	aaron
Numbers 17:11	0	Moses	moses	moses
Numbers 17:12	32	Moses	moses	moses
Numbers 18:1	15	Aaron	aaron	aaron
Numbers 18:2	39	Levi	-	matthew-levi
Numbers 18:8	16	Aaron	aaron	aaron
Numbers 18:20	15	Aaron	aaron	aaron
Numbers 18:21	20	Levi	-	matthew-levi
Numbers 18:25	16	Moses	moses	moses
Numbers 18:28	168	Aaron	aaron	aaron
Numbers 19:1	16	Moses	moses	moses
Numbers 19:1	29	Aaron	aaron	aaron
Numbers 19:3	22	Eleazar	-	eleazar-in-jesus-genealogy
Numbers 19:4	0	Eleazar	-	eleazar-in-jesus-genealogy
Numbers 20:1	134	Miriam	miriam	miriam
Numbers 20:2	88	Moses	moses	moses
Numbers 20:2	106	Aaron	aaron	aaron
Numbers 20:3	26	Moses	moses	moses
Numbers 20:6	0	Moses	moses	moses
Numbers 20:6	10	Aaron	aaron	aaron
Numbers 20:7	16	Moses	moses	moses
Numbers 20:8	55	Aaron	aaron	aaron
Numbers 20:9	0	Moses	moses	moses
Numbers 20:10	0	Moses	moses	moses
Numbers 20:10	10	Aaron	aaron	aaron
Numbers 20:11	0	Moses	moses	moses
Numbers 20:12	15	Moses	moses	moses
Numbers 20:12	25	Aaron	aaron	aaron
Numbers 20:14	0	Moses	moses	moses
Numbers 20:23	16	Moses	moses	moses
Numbers 20:23	26	Aaron	aaron	aaron
Numbers 20:24	1	Aaron	aaron	aaron
Numbers 20:25	5	Aaron	aaron	aaron
Numbers 20:25	15	Eleazar	-	eleazar-in-jesus-genealogy
Numbers 20:26	10	Aaron	aaron	aaron
Numbers 20:26	49	Eleazar	-	eleazar-in-jesus-genealogy
Numbers 20:26	66	Aaron	aaron	aaron
Numbers 20:27	0	Moses	moses	moses
Numbers 20:28	0	Moses	moses	moses
Numbers 20:28	15	Aaron	aaron	aaron
Numbers 20:28	54	Eleazar	-	eleazar-in-jesus-genealogy
Numbers 20:28	71	Aaron	aaron	aaron
Numbers 20:28	120	Moses	moses	moses
Numbers 20:28	130	Eleazar	-	eleazar-in-jesus-genealogy
Numbers 20:29	35	Aaron	aaron	aaron
Numbers 20:29	65	Aaron	aaron	aaron
Numbers 21:5	42	Moses	moses	moses
Numbers 21:7	19	Moses	moses	moses
Numbers 21:7	166	Moses	moses	moses
Numbers 21:8	15	Moses	moses	moses
Numbers 21:9	0	Moses	moses	moses
Numbers 21:16	75	Moses	moses	moses
Numbers 21:32	0	Moses	moses	moses
Numbers 21:34	15	Moses	moses	moses
Numbers 22:5	22	Balaam	balaam	balaam
Numbers 22:7	112	Balaam	balaam	balaam
Numbers 22:8	136	Balaam	balaam	balaam
Numbers 22:9	12	Balaam	balaam	balaam
Numbers 22:10	0	Balaam	balaam	balaam
Numbers 22:12	12	Balaam	balaam	balaam
Numbers 22:13	0	Balaam	balaam	balaam
Numbers 22:14	64	Balaam	balaam	balaam
Numbers 22:16	13	Balaam	balaam	balaam
Numbers 22:18	0	Balaam	balaam	balaam
Numbers 22:20	12	Balaam	balaam	balaam
Numbers 22:21	0	Balaam	balaam	balaam
Numbers 22:23	154	Balaam	balaam	balaam
Numbers 22:25	79	Balaam	balaam	balaam
Numbers 22:27	54	Balaam	balaam	balaam
Numbers 22:27	62	Balaam	balaam	balaam
Numbers 22:28	55	Balaam	balaam	balaam
Numbers 22:29	0	Balaam	balaam	balaam
Numbers 22:30	19	Balaam	balaam	balaam
Numbers 22:31	31	Balaam	balaam	balaam
Numbers 22:34	0	Balaam	balaam	balaam
Numbers 22:35	23	Balaam	balaam	balaam
Numbers 22:35	120	Balaam	balaam	balaam
Numbers 22:36	22	Balaam	balaam	balaam
Numbers 22:37	14	Balaam	balaam	balaam
Numbers 22:38	0	Balaam	balaam	balaam
Numbers 22:39	0	Balaam	balaam	balaam
Numbers 22:40	47	Balaam	balaam	balaam
Numbers 22:41	27	Balaam	balaam	balaam
Numbers 23:1	0	Balaam	balaam	balaam
Numbers 23:2	13	Balaam	balaam	balaam
Numbers 23:2	46	Balaam	balaam	balaam
Numbers 23:2	89	ram	-	ram-son-of-hezron
Numbers 23:3	0	Balaam	balaam	balaam
Numbers 23:4	8	Balaam	balaam	balaam
Numbers 23:4	106	ram	-	ram-son-of-hezron
Numbers 23:5	21	Balaam	balaam	balaam
Numbers 23:7	128	Jacob	jacob	jacob
Numbers 23:10	26	Jacob	jacob	jacob
Numbers 23:11	14	Balaam	balaam	balaam
Numbers 23:14	112	ram	-	ram-son-of-hezron
Numbers 23:16	11	Balaam	balaam	balaam
Numbers 23:21	28	Jacob	jacob	jacob
Numbers 23:23	36	Jacob	jacob	jacob
Numbers 23:23	112	Jacob	jacob	jacob
Numbers 23:25	14	Balaam	balaam	balaam
Numbers 23:26	4	Balaam	balaam	balaam
Numbers 23:27	14	Balaam	balaam	balaam
Numbers 23:28	11	Balaam	balaam	balaam
Numbers 23:29	0	Balaam	balaam	balaam
Numbers 23:30	13	Balaam	balaam	balaam
Numbers 23:30	58	ram	-	ram-son-of-hezron
Numbers 24:1	5	Balaam	balaam	balaam
Numbers 24:2	0	Balaam	balaam	balaam
Numbers 24:2	89	Spirit of God	holy-spirit	holy-spirit
Numbers 24:3	35	Balaam	balaam	balaam
Numbers 24:5	27	Jacob	jacob	jacob
Numbers 24:10	29	Balaam	balaam	balaam
Numbers 24:10	85	Balaam	balaam	balaam
Numbers 24:12	0	Balaam	balaam	balaam
Numbers 24:15	35	Balaam	balaam	balaam
Numbers 24:17	73	Jacob	jacob	jacob
Numbers 24:19	7	Jacob	jacob	jacob
Numbers 24:25	0	Balaam	balaam	balaam
Numbers 25:4	15	Moses	moses	moses
Numbers 25:5	0	Moses	moses	moses
Numbers 25:6	105	Moses	moses	moses
Numbers 25:7	26	Eleazar	-	eleazar-in-jesus-genealogy
Numbers 25:7	46	Aaron	aaron	aaron
Numbers 25:10	16	Moses	moses	moses
Numbers 25:11	22	Eleazar	-	eleazar-in-jesus-genealogy
Numbers 25:11	42	Aaron	aaron	aaron
Numbers 25:16	16	Moses	moses	moses
Numbers 26:1	34	Moses	moses	moses
Numbers 26:1	47	Eleazar	-	eleazar-in-jesus-genealogy
Numbers 26:1	66	Aaron	aaron	aaron
Numbers 26:3	0	Moses	moses	moses
Numbers 26:3	10	Eleazar	-	eleazar-in-jesus-genealogy
Numbers 26:4	70	Moses	moses	moses
Numbers 26:6	3	Hezron	-	hezron-son-of-perez
Numbers 26:9	143	Moses	moses	moses
Numbers 26:9	161	Aaron	aaron	aaron
Numbers 26:12	12	Simeon	-	simeon-at-the-temple
Numbers 26:13	3	Zerah	zerah-son-of-judah	zerah-son-of-judah
Numbers 26:20	89	Perez	perez	perez
Numbers 26:20	128	Zerah	zerah-son-of-judah	zerah-son-of-judah
Numbers 26:21	12	Perez	perez	perez
Numbers 26:21	27	Hezron	-	hezron-son-of-perez
Numbers 26:28	12	Joseph	joseph-son-of-jacob	joseph-son-of-jacob
Numbers 26:28	41	Manasseh	-	manasseh-king-of-judah
Numbers 26:29	12	Manasseh	-	manasseh-king-of-judah
Numbers 26:33	119	Noah	noah	noah
Numbers 26:34	26	Manasseh	-	manasseh-king-of-judah
Numbers 26:37	147	Joseph	joseph-son-of-jacob	joseph-son-of-jacob
Numbers 26:52	16	Moses	moses	moses
Numbers 26:58	26	Levi	-	matthew-levi
Numbers 26:59	55	Levi	-	matthew-levi
Numbers 26:59	77	Levi	-	matthew-levi
Numbers 26:59	110	Aaron	aaron	aaron
Numbers 26:59	120	Moses	moses	moses
Numbers 26:59	131	Miriam	miriam	miriam
Numbers 26:60	3	Aaron	aaron	aaron
Numbers 26:60	36	Eleazar	-	eleazar-in-jesus-genealogy
Numbers 26:63	36	Moses	moses	moses
Numbers 26:63	46	Eleazar	-	eleazar-in-jesus-genealogy
Numbers 26:64	64	Moses	moses	moses
Numbers 26:64	74	Aaron	aaron	aaron
Numbers 26:65	113	Caleb	caleb	caleb
Numbers 26:65	145	Joshua	joshua	joshua
Numbers 27:1	102	Manasseh	-	manasseh-king-of-judah
Numbers 27:1	131	Manasseh	-	manasseh-king-of-judah
Numbers 27:1	151	Joseph	joseph-son-of-jacob	joseph-son-of-jacob
Numbers 27:1	215	Noah	noah	noah
Numbers 27:2	18	Moses	moses	moses
Numbers 27:2	36	Eleazar	-	eleazar-in-jesus-genealogy
Numbers 27:5	0	Moses	moses	moses
Numbers 27:6	16	Moses	moses	moses
Numbers 27:11	227	Moses	moses	moses
Numbers 27:12	15	Moses	moses	moses
Numbers 27:13	69	Aaron	aaron	aaron
Numbers 27:15	0	Moses	moses	moses
Numbers 27:18	15	Moses	moses	moses
Numbers 27:18	28	Joshua	joshua	joshua
Numbers 27:19	15	Eleazar	-	eleazar-in-jesus-genealogy
Numbers 27:21	22	Eleazar	-	eleazar-in-jesus-genealogy
Numbers 27:22	0	Moses	moses	moses
Numbers 27:22	43	Joshua	joshua	joshua
Numbers 27:22	70	Eleazar	-	eleazar-in-jesus-genealogy
Numbers 27:23	67	Moses	moses	moses
Numbers 28:1	16	Moses	moses	moses
Numbers 28:11	105	ram	-	ram-son-of-hezron
Numbers 28:12	178	ram	-	ram-son-of-hezron
Numbers 28:14	98	ram	-	ram-son-of-hezron
Numbers 28:19	99	ram	-	ram-son-of-hezron
Numbers 28:20	116	ram	-	ram-son-of-hezron
Numbers 28:27	90	ram	-	ram-son-of-hezron
Numbers 28:28	103	ram	-	ram-son-of-hezron
Numbers 29:2	85	ram	-	ram-son-of-hezron
Numbers 29:3	98	ram	-	ram-son-of-hezron
Numbers 29:8	89	ram	-	ram-son-of-hezron
Numbers 29:9	102	ram	-	ram-son-of-hezron
Numbers 29:14	123	ram	-	ram-son-of-hezron
Numbers 29:36	109	ram	-	ram-son-of-hezron
Numbers 29:37	68	ram	-	ram-son-of-hezron
Numbers 29:40	0	Moses	moses	moses
Numbers 29:40	73	Moses	moses	moses
Numbers 30:1	0	Moses	moses	moses
Numbers 30:16	46	Moses	moses	moses
Numbers 31:1	16	Moses	moses	moses
Numbers 31:3	0	Moses	moses	moses
Numbers 31:6	0	Moses	moses	moses
Numbers 31:6	87	Eleazar	-	eleazar-in-jesus-genealogy
Numbers 31:7	48	Moses	moses	moses
Numbers 31:8	137	Balaam	balaam	balaam
Numbers 31:12	61	Moses	moses	moses
Numbers 31:12	75	Eleazar	-	eleazar-in-jesus-genealogy
Numbers 31:13	0	Moses	moses	moses
Numbers 31:13	11	Eleazar	-	eleazar-in-jesus-genealogy
Numbers 31:14	0	Moses	moses	moses
Numbers 31:15	0	Moses	moses	moses
Numbers 31:16	68	Balaam	balaam	balaam
Numbers 31:21	0	Eleazar	-	eleazar-in-jesus-genealogy
Numbers 31:21	125	Moses	moses	moses
Numbers 31:25	16	Moses	moses	moses
Numbers 31:26	71	Eleazar	-	eleazar-in-jesus-genealogy
Numbers 31:29	40	Eleazar	-	eleazar-in-jesus-genealogy
Numbers 31:31	0	Moses	moses	moses
Numbers 31:31	10	Eleazar	-	eleazar-in-jesus-genealogy
Numbers 31:31	53	Moses	moses	moses
Numbers 31:41	0	Moses	moses	moses
Numbers 31:41	61	Eleazar	-	eleazar-in-jesus-genealogy
Numbers 31:41	101	Moses	moses	moses
Numbers 31:42	40	Moses	moses	moses
Numbers 31:47	39	Moses	moses	moses
Numbers 31:47	204	Moses	moses	moses
Numbers 31:48	124	Moses	moses	moses
Numbers 31:49	13	Moses	moses	moses
Numbers 31:51	0	Moses	moses	moses
Numbers 31:51	10	Eleazar	-	eleazar-in-jesus-genealogy
Numbers 31:54	0	Moses	moses	moses
Numbers 31:54	10	Eleazar	-	eleazar-in-jesus-genealogy
Numbers 32:2	65	Moses	moses	moses
Numbers 32:2	79	Eleazar	-	eleazar-in-jesus-genealogy
Numbers 32:6	0	Moses	moses	moses
Numbers 32:11	120	Abraham	abraham	abraham
Numbers 32:11	132	Isaac	isaac	isaac
Numbers 32:11	146	Jacob	jacob	jacob
Numbers 32:12	7	Caleb	caleb	caleb
Numbers 32:12	53	Joshua	joshua	joshua
Numbers 32:20	0	Moses	moses	moses
Numbers 32:25	56	Moses	moses	moses
Numbers 32:28	3	Moses	moses	moses
Numbers 32:28	38	Eleazar	-	eleazar-in-jesus-genealogy
Numbers 32:28	65	Joshua	joshua	joshua
Numbers 32:29	0	Moses	moses	moses
Numbers 32:33	0	Moses	moses	moses
Numbers 32:33	105	Manasseh	-	manasseh-king-of-judah
Numbers 32:33	125	Joseph	joseph-son-of-jacob	joseph-son-of-jacob
Numbers 32:39	34	Manasseh	-	manasseh-king-of-judah
Numbers 32:40	0	Moses	moses	moses
Numbers 32:40	39	Manasseh	-	manasseh-king-of-judah
Numbers 32:41	16	Manasseh	-	manasseh-king-of-judah
Numbers 33:1	124	Moses	moses	moses
Numbers 33:1	134	Aaron	aaron	aaron
Numbers 33:2	0	Moses	moses	moses
Numbers 33:19	51	Perez	perez	perez
Numbers 33:20	26	Perez	perez	perez
Numbers 33:38	0	Aaron	aaron	aaron
Numbers 33:39	0	Aaron	aaron	aaron
Numbers 33:49	57	Abel	abel	abel
Numbers 33:50	16	Moses	moses	moses
Numbers 34:1	16	Moses	moses	moses
Numbers 34:7	64	mark	john-mark	john-mark
Numbers 34:8	25	mark	john-mark	john-mark
Numbers 34:10	12	mark	john-mark	john-mark
Numbers 34:13	0	Moses	moses	moses
Numbers 34:14	186	Manasseh	-	manasseh-king-of-judah
Numbers 34:16	16	Moses	moses	moses
Numbers 34:17	82	Eleazar	-	eleazar-in-jesus-genealogy
Numbers 34:17	106	Joshua	joshua	joshua
Numbers 34:19	55	Caleb	caleb	caleb
Numbers 34:20	32	Simeon	-	simeon-at-the-temple
Numbers 34:23	19	Joseph	joseph-son-of-jacob	joseph-son-of-jacob
Numbers 34:23	59	Manasseh	-	manasseh-king-of-judah
Numbers 35:1	16	Moses	moses	moses
Numbers 35:9	16	Moses	moses	moses
Numbers 36:1	108	Manasseh	-	manasseh-king-of-judah
Numbers 36:1	149	Joseph	joseph-son-of-jacob	joseph-son-of-jacob
Numbers 36:1	185	Moses	moses	moses
Numbers 36:5	0	Moses	moses	moses
Numbers 36:5	101	Joseph	joseph-son-of-jacob	joseph-son-of-jacob
Numbers 36:10	52	Moses	moses	moses
Numbers 36:11	40	Noah	noah	noah
Numbers 36:12	51	Manasseh	-	manasseh-king-of-judah
Numbers 36:12	71	Joseph	joseph-son-of-jacob	joseph-son-of-jacob
Numbers 36:13	72	Moses	moses	moses
Deuteronomy 1:1	26	Moses	moses	moses
Deuteronomy 1:3	76	Moses	moses	moses
Deuteronomy 1:5	40	Moses	moses	moses
Deuteronomy 1:8	106	Abraham	abraham	abraham
Deuteronomy 1:8	118	Isaac	isaac	isaac
Deuteronomy 1:8	132	Jacob	jacob	jacob
Deuteronomy 1:36	7	Caleb	caleb	caleb
Deuteronomy 1:38	0	Joshua	joshua	joshua
Deuteronomy 2:4	97	Esau	esau	esau
Deuteronomy 2:5	160	Esau	esau	esau
Deuteronomy 2:8	50	Esau	esau	esau
Deuteronomy 2:12	59	Esau	esau	esau
Deuteronomy 2:22	30	Esau	esau	esau
Deuteronomy 2:29	19	Esau	esau	esau
Deuteronomy 3:13	87	Manasseh	-	manasseh-king-of-judah
Deuteronomy 3:14	16	Manasseh	-	manasseh-king-of-judah
Deuteronomy 3:21	12	Joshua	joshua	joshua
Deuteronomy 3:28	15	Joshua	joshua	joshua
Deuteronomy 4:41	5	Moses	moses	moses
Deuteronomy 4:44	22	Moses	moses	moses
Deuteronomy 4:45	71	Moses	moses	moses
Deuteronomy 4:46	127	Moses	moses	moses
Deuteronomy 5:1	0	Moses	moses	moses
Deuteronomy 6:10	94	Abraham	abraham	abraham
Deuteronomy 6:10	106	Isaac	isaac	isaac
Deuteronomy 6:10	120	Jacob	jacob	jacob
Deuteronomy 9:5	269	Abraham	abraham	abraham
Deuteronomy 9:5	281	Isaac	isaac	isaac
Deuteronomy 9:5	295	Jacob	jacob	jacob
Deuteronomy 9:20	29	Aaron	aaron	aaron
Deuteronomy 9:20	64	Aaron	aaron	aaron
Deuteronomy 9:27	24	Abraham	abraham	abraham
Deuteronomy 9:27	33	Isaac	isaac	isaac
Deuteronomy 9:27	44	Jacob	jacob	jacob
Deuteronomy 10:6	76	Aaron	aaron	aaron
Deuteronomy 10:6	117	Eleazar	-	eleazar-in-jesus-genealogy
Deuteronomy 10:8	43	Levi	-	matthew-levi
Deuteronomy 10:9	10	Levi	-	matthew-levi
Deuteronomy 18:1	42	Levi	-	matthew-levi
Deuteronomy 21:5	24	Levi	-	matthew-levi
Deuteronomy 23:4	130	Balaam	balaam	balaam
Deuteronomy 23:5	48	Balaam	balaam	balaam
Deuteronomy 24:9	37	Miriam	miriam	miriam
Deuteronomy 27:1	0	Moses	moses	moses
Deuteronomy 27:9	0	Moses	moses	moses
Deuteronomy 27:11	0	Moses	moses	moses
Deuteronomy 27:12	96	Simeon	-	simeon-at-the-temple
Deuteronomy 27:12	104	Levi	-	matthew-levi
Deuteronomy 27:12	127	Joseph	joseph-son-of-jacob	joseph-son-of-jacob
Deuteronomy 29:1	59	Moses	moses	moses
Deuteronomy 29:2	0	Moses	moses	moses
Deuteronomy 29:13	132	Abraham	abraham	abraham
Deuteronomy 29:13	144	Isaac	isaac	isaac
Deuteronomy 29:13	158	Jacob	jacob	jacob
Deuteronomy 30:20	185	Abraham	abraham	abraham
Deuteronomy 30:20	197	Isaac	isaac	isaac
Deuteronomy 30:20	211	Jacob	jacob	jacob
Deuteronomy 31:1	0	Moses	moses	moses
Deuteronomy 31:3	127	Joshua	joshua	joshua
Deuteronomy 31:7	0	Moses	moses	moses
Deuteronomy 31:7	16	Joshua	joshua	joshua
Deuteronomy 31:9	0	Moses	moses	moses
Deuteronomy 31:9	66	Levi	-	matthew-levi
Deuteronomy 31:10	0	Moses	moses	moses
Deuteronomy 31:14	15	Moses	moses	moses
Deuteronomy 31:14	74	Joshua	joshua	joshua
Deuteronomy 31:14	157	Moses	moses	moses
Deuteronomy 31:14	167	Joshua	joshua	joshua
Deuteronomy 31:16	15	Moses	moses	moses
Deuteronomy 31:22	3	Moses	moses	moses
Deuteronomy 31:23	16	Joshua	joshua	joshua
Deuteronomy 31:24	5	Moses	moses	moses
Deuteronomy 31:25	0	Moses	moses	moses
Deuteronomy 31:30	0	Moses	moses	moses
Deuteronomy 32:9	36	Jacob	jacob	jacob
Deuteronomy 32:44	0	Moses	moses	moses
Deuteronomy 32:44	82	Joshua	joshua	joshua
Deuteronomy 32:45	0	Moses	moses	moses
Deuteronomy 32:48	16	Moses	moses	moses
Deuteronomy 32:50	72	Aaron	aaron	aaron
Deuteronomy 33:1	32	Moses	moses	moses
Deuteronomy 33:4	0	Moses	moses	moses
Deuteronomy 33:4	61	Jacob	jacob	jacob
Deuteronomy 33:8	6	Levi	-	matthew-levi
Deuteronomy 33:10	17	Jacob	jacob	jacob
Deuteronomy 33:13	6	Joseph	joseph-son-of-jacob	joseph-son-of-jacob
Deuteronomy 33:16	128	Joseph	joseph-son-of-jacob	joseph-son-of-jacob
Deuteronomy 33:17	214	Manasseh	-	manasseh-king-of-judah
Deuteronomy 33:28	41	Jacob	jacob	jacob
Deuteronomy 34:1	0	Moses	moses	moses
Deuteronomy 34:2	46	Manasseh	-	manasseh-king-of-judah
Deuteronomy 34:4	55	Abraham	abraham	abraham
Deuteronomy 34:4	67	Isaac	isaac	isaac
Deuteronomy 34:4	81	Jacob	jacob	jacob
Deuteronomy 34:5	3	Moses	moses	moses
Deuteronomy 34:7	0	Moses	moses	moses
Deuteronomy 34:8	32	Moses	moses	moses
Deuteronomy 34:8	119	Moses	moses	moses
Deuteronomy 34:9	0	Joshua	joshua	joshua
Deuteronomy 34:9	60	Moses	moses	moses
Deuteronomy 34:9	161	Moses	moses	moses
Deuteronomy 34:10	58	Moses	moses	moses
Deuteronomy 34:12	64	Moses	moses	moses
Joshua 1:1	23	Moses	moses	moses
Joshua 1:1	68	Joshua	joshua	joshua
Joshua 1:1	91	Moses	moses	moses
Joshua 1:2	1	Moses	moses	moses
Joshua 1:3	81	Moses	moses	moses
Joshua 1:5	81	Moses	moses	moses
Joshua 1:7	96	Moses	moses	moses
Joshua 1:10	5	Joshua	joshua	joshua
Joshua 1:12	0	Joshua	joshua	joshua
Joshua 1:12	77	Manasseh	-	manasseh-king-of-judah
Joshua 1:13	25	Moses	moses	moses
Joshua 1:14	79	Moses	moses	moses
Joshua 1:15	212	Moses	moses	moses
Joshua 1:16	14	Joshua	joshua	joshua
Joshua 1:17	23	Moses	moses	moses
Joshua 1:17	123	Moses	moses	moses
Joshua 2:1	0	Joshua	joshua	joshua
Joshua 2:1	182	Rahab	rahab	rahab
Joshua 2:3	23	Rahab	rahab	rahab
Joshua 2:23	87	Joshua	joshua	joshua
Joshua 2:24	13	Joshua	joshua	joshua
Joshua 3:1	0	Joshua	joshua	joshua
Joshua 3:5	0	Joshua	joshua	joshua
Joshua 3:6	0	Joshua	joshua	joshua
Joshua 3:7	15	Joshua	joshua	joshua
Joshua 3:7	124	Moses	moses	moses
Joshua 3:9	0	Joshua	joshua	joshua
Joshua 3:10	0	Joshua	joshua	joshua
Joshua 3:16	90	Adam	adam	adam
Joshua 4:1	76	Joshua	joshua	joshua
Joshua 4:4	5	Joshua	joshua	joshua
Joshua 4:5	0	Joshua	joshua	joshua
Joshua 4:8	30	Joshua	joshua	joshua
Joshua 4:8	126	Joshua	joshua	joshua
Joshua 4:9	0	Joshua	joshua	joshua
Joshua 4:10	120	Joshua	joshua	joshua
Joshua 4:10	173	Moses	moses	moses
Joshua 4:10	189	Joshua	joshua	joshua
Joshua 4:12	71	Manasseh	-	manasseh-king-of-judah
Joshua 4:12	134	Moses	moses	moses
Joshua 4:14	30	Joshua	joshua	joshua
Joshua 4:14	101	Moses	moses	moses
Joshua 4:15	16	Joshua	joshua	joshua
Joshua 4:17	0	Joshua	joshua	joshua
Joshua 4:20	0	Joshua	joshua	joshua
Joshua 5:2	29	Joshua	joshua	joshua
Joshua 5:3	0	Joshua	joshua	joshua
Joshua 5:4	19	Joshua	joshua	joshua
Joshua 5:7	70	Joshua	joshua	joshua
Joshua 5:9	15	Joshua	joshua	joshua
Joshua 5:13	5	Joshua	joshua	joshua
Joshua 5:13	136	Joshua	joshua	joshua
Joshua 5:14	66	Joshua	joshua	joshua
Joshua 5:15	36	Joshua	joshua	joshua
Joshua 5:15	122	Joshua	joshua	joshua
Joshua 6:2	15	Joshua	joshua	joshua
Joshua 6:5	54	ram	-	ram-son-of-hezron
Joshua 6:6	0	Joshua	joshua	joshua
Joshua 6:8	21	Joshua	joshua	joshua
Joshua 6:10	0	Joshua	joshua	joshua
Joshua 6:12	0	Joshua	joshua	joshua
Joshua 6:16	57	Joshua	joshua	joshua
Joshua 6:17	74	Rahab	rahab	rahab
Joshua 6:22	0	Joshua	joshua	joshua
Joshua 6:23	54	Rahab	rahab	rahab
Joshua 6:25	4	Rahab	rahab	rahab
Joshua 6:25	72	Joshua	joshua	joshua
Joshua 6:25	176	Joshua	joshua	joshua
Joshua 6:26	0	Joshua	joshua	joshua
Joshua 6:27	19	Joshua	joshua	joshua
Joshua 7:1	129	Zerah	zerah-son-of-judah	zerah-son-of-judah
Joshua 7:2	0	Joshua	joshua	joshua
Joshua 7:3	17	Joshua	joshua	joshua
Joshua 7:6	0	Joshua	joshua	joshua
Joshua 7:7	0	Joshua	joshua	joshua
Joshua 7:10	15	Joshua	joshua	joshua
Joshua 7:16	3	Joshua	joshua	joshua
Joshua 7:18	100	Zerah	zerah-son-of-judah	zerah-son-of-judah
Joshua 7:19	0	Joshua	joshua	joshua
Joshua 7:20	15	Joshua	joshua	joshua
Joshua 7:22	3	Joshua	joshua	joshua
Joshua 7:23	64	Joshua	joshua	joshua
Joshua 7:24	0	Joshua	joshua	joshua
Joshua 7:24	55	Zerah	zerah-son-of-judah	zerah-son-of-judah
Joshua 7:25	0	Joshua	joshua	joshua
Joshua 8:1	15	Joshua	joshua	joshua
Joshua 8:3	3	Joshua	joshua	joshua
Joshua 8:3	56	Joshua	joshua	joshua
Joshua 8:9	0	Joshua	joshua	joshua
Joshua 8:9	120	Joshua	joshua	joshua
Joshua 8:10	0	Joshua	joshua	joshua
Joshua 8:13	122	Joshua	joshua	joshua
Joshua 8:15	0	Joshua	joshua	joshua
Joshua 8:16	92	Joshua	joshua	joshua
Joshua 8:18	15	Joshua	joshua	joshua
Joshua 8:18	116	Joshua	joshua	joshua
Joshua 8:21	5	Joshua	joshua	joshua
Joshua 8:23	55	Joshua	joshua	joshua
Joshua 8:26	4	Joshua	joshua	joshua
Joshua 8:27	120	Joshua	joshua	joshua
Joshua 8:28	3	Joshua	joshua	joshua
Joshua 8:29	69	Joshua	joshua	joshua
Joshua 8:30	5	Joshua	joshua	joshua
Joshua 8:31	3	Moses	moses	moses
Joshua 8:32	39	Moses	moses	moses
Joshua 8:33	283	Moses	moses	moses
Joshua 8:35	33	Moses	moses	moses
Joshua 8:35	56	Joshua	joshua	joshua
Joshua 9:2	48	Joshua	joshua	joshua
Joshua 9:3	46	Joshua	joshua	joshua
Joshua 9:6	13	Joshua	joshua	joshua
Joshua 9:8	13	Joshua	joshua	joshua
Joshua 9:8	45	Joshua	joshua	joshua
Joshua 9:15	0	Joshua	joshua	joshua
Joshua 9:22	0	Joshua	joshua	joshua
Joshua 9:24	14	Joshua	joshua	joshua
Joshua 9:24	117	Moses	moses	moses
Joshua 9:27	9	Joshua	joshua	joshua
Joshua 10:1	49	Joshua	joshua	joshua
Joshua 10:4	80	Joshua	joshua	joshua
Joshua 10:6	26	Joshua	joshua	joshua
Joshua 10:7	3	Joshua	joshua	joshua
Joshua 10:8	15	Joshua	joshua	joshua
Joshua 10:9	0	Joshua	joshua	joshua
Joshua 10:12	5	Joshua	joshua	joshua
Joshua 10:15	0	Joshua	joshua	joshua
Joshua 10:17	0	Joshua	joshua	joshua
Joshua 10:18	0	Joshua	joshua	joshua
Joshua 10:20	5	Joshua	joshua	joshua
Joshua 10:21	39	Joshua	joshua	joshua
Joshua 10:22	5	Joshua	joshua	joshua
Joshua 10:24	37	Joshua	joshua	joshua
Joshua 10:24	45	Joshua	joshua	joshua
Joshua 10:25	0	Joshua	joshua	joshua
Joshua 10:26	10	Joshua	joshua	joshua
Joshua 10:27	42	Joshua	joshua	joshua
Joshua 10:28	0	Joshua	joshua	joshua
Joshua 10:29	0	Joshua	joshua	joshua
Joshua 10:31	0	Joshua	joshua	joshua
Joshua 10:33	54	Joshua	joshua	joshua
Joshua 10:34	0	Joshua	joshua	joshua
Joshua 10:36	0	Joshua	joshua	joshua
Joshua 10:38	0	Joshua	joshua	joshua
Joshua 10:40	3	Joshua	joshua	joshua
Joshua 10:41	0	Joshua	joshua	joshua
Joshua 10:42	0	Joshua	joshua	joshua
Joshua 10:43	0	Joshua	joshua	joshua
Joshua 11:6	15	Joshua	joshua	joshua
Joshua 11:7	3	Joshua	joshua	joshua
Joshua 11:9	0	Joshua	joshua	joshua
Joshua 11:10	0	Joshua	joshua	joshua
Joshua 11:12	0	Joshua	joshua	joshua
Joshua 11:12	143	Moses	moses	moses
Joshua 11:13	97	Joshua	joshua	joshua
Joshua 11:15	20	Moses	moses	moses
Joshua 11:15	42	Moses	moses	moses
Joshua 11:15	58	Joshua	joshua	joshua
Joshua 11:15	66	Joshua	joshua	joshua
Joshua 11:15	133	Moses	moses	moses
Joshua 11:16	3	Joshua	joshua	joshua
Joshua 11:18	0	Joshua	joshua	joshua
Joshua 11:20	198	Moses	moses	moses
Joshua 11:21	0	Joshua	joshua	joshua
Joshua 11:21	189	Joshua	joshua	joshua
Joshua 11:23	3	Joshua	joshua	joshua
Joshua 11:23	69	Moses	moses	moses
Joshua 11:23	80	Joshua	joshua	joshua
Joshua 12:6	0	Moses	moses	moses
Joshua 12:6	68	Moses	moses	moses
Joshua 12:6	179	Manasseh	-	manasseh-king-of-judah
Joshua 12:7	37	Joshua	joshua	joshua
Joshua 12:7	188	Joshua	joshua	joshua
Joshua 13:1	4	Joshua	joshua	joshua
Joshua 13:7	91	Manasseh	-	manasseh-king-of-judah
Joshua 13:8	74	Moses	moses	moses
Joshua 13:8	127	Moses	moses	moses
Joshua 13:12	126	Moses	moses	moses
Joshua 13:14	44	Levi	-	matthew-levi
Joshua 13:15	0	Moses	moses	moses
Joshua 13:21	109	Moses	moses	moses
Joshua 13:22	35	Balaam	balaam	balaam
Joshua 13:24	0	Moses	moses	moses
Joshua 13:29	0	Moses	moses	moses
Joshua 13:29	47	Manasseh	-	manasseh-king-of-judah
Joshua 13:29	102	Manasseh	-	manasseh-king-of-judah
Joshua 13:31	121	Manasseh	-	manasseh-king-of-judah
Joshua 13:32	33	Moses	moses	moses
Joshua 13:33	4	Moses	moses	moses
Joshua 13:33	46	Levi	-	matthew-levi
Joshua 14:1	90	Eleazar	-	eleazar-in-jesus-genealogy
Joshua 14:1	110	Joshua	joshua	joshua
Joshua 14:2	56	Moses	moses	moses
Joshua 14:3	4	Moses	moses	moses
Joshua 14:4	20	Joseph	joseph-son-of-jacob	joseph-son-of-jacob
Joshua 14:4	44	Manasseh	-	manasseh-king-of-judah
Joshua 14:5	47	Moses	moses	moses
Joshua 14:6	40	Joshua	joshua	joshua
Joshua 14:6	58	Caleb	caleb	caleb
Joshua 14:6	153	Moses	moses	moses
Joshua 14:7	27	Moses	moses	moses
Joshua 14:9	0	Moses	moses	moses
Joshua 14:10	122	Moses	moses	moses
Joshua 14:11	53	Moses	moses	moses
Joshua 14:13	0	Joshua	joshua	joshua
Joshua 14:13	42	Caleb	caleb	caleb
Joshua 14:14	43	Caleb	caleb	caleb
Joshua 15:3	141	Hezron	-	hezron-son-of-perez
Joshua 15:13	11	Caleb	caleb	caleb
Joshua 15:13	119	Joshua	joshua	joshua
Joshua 15:14	0	Caleb	caleb	caleb
Joshua 15:16	0	Caleb	caleb	caleb
Joshua 15:17	41	Caleb	caleb	caleb
Joshua 15:18	86	Caleb	caleb	caleb
Joshua 15:25	24	Hezron	-	hezron-son-of-perez
Joshua 16:1	37	Joseph	joseph-son-of-jacob	joseph-son-of-jacob
Joshua 16:4	16	Joseph	joseph-son-of-jacob	joseph-son-of-jacob
Joshua 16:4	24	Manasseh	-	manasseh-king-of-judah
Joshua 16:9	126	Manasseh	-	manasseh-king-of-judah
Joshua 17:1	34	Manasseh	-	manasseh-king-of-judah
Joshua 17:1	72	Joseph	joseph-son-of-jacob	joseph-son-of-jacob
Joshua 17:1	111	Manasseh	-	manasseh-king-of-judah
Joshua 17:2	44	Manasseh	-	manasseh-king-of-judah
Joshua 17:2	288	Manasseh	-	manasseh-king-of-judah
Joshua 17:2	308	Joseph	joseph-son-of-jacob	joseph-son-of-jacob
Joshua 17:3	84	Manasseh	-	manasseh-king-of-judah
Joshua 17:3	168	Noah	noah	noah
Joshua 17:4	13	Eleazar	-	eleazar-in-jesus-genealogy
Joshua 17:4	40	Joshua	joshua	joshua
Joshua 17:4	109	Moses	moses	moses
Joshua 17:5	18	Manasseh	-	manasseh-king-of-judah
Joshua 17:6	25	Manasseh	-	manasseh-king-of-judah
Joshua 17:6	124	Manasseh	-	manasseh-king-of-judah
Joshua 17:7	14	Manasseh	-	manasseh-king-of-judah
Joshua 17:8	32	Manasseh	-	manasseh-king-of-judah
Joshua 17:8	71	Manasseh	-	manasseh-king-of-judah
Joshua 17:9	121	Manasseh	-	manasseh-king-of-judah
Joshua 17:9	145	Manasseh	-	manasseh-king-of-judah
Joshua 17:10	49	Manasseh	-	manasseh-king-of-judah
Joshua 17:11	0	Manasseh	-	manasseh-king-of-judah
Joshua 17:12	20	Manasseh	-	manasseh-king-of-judah
Joshua 17:14	16	Joseph	joseph-son-of-jacob	joseph-son-of-jacob
Joshua 17:14	32	Joshua	joshua	joshua
Joshua 17:15	0	Joshua	joshua	joshua
Joshua 17:16	16	Joseph	joseph-son-of-jacob	joseph-son-of-jacob
Joshua 17:17	0	Joshua	joshua	joshua
Joshua 17:17	29	Joseph	joseph-son-of-jacob	joseph-son-of-jacob
Joshua 17:17	64	Manasseh	-	manasseh-king-of-judah
Joshua 18:3	0	Joshua	joshua	joshua
Joshua 18:5	105	Joseph	joseph-son-of-jacob	joseph-son-of-jacob
Joshua 18:7	134	Manasseh	-	manasseh-king-of-judah
Joshua 18:7	201	Moses	moses	moses
Joshua 18:8	24	Joshua	joshua	joshua
Joshua 18:9	112	Joshua	joshua	joshua
Joshua 18:10	0	Joshua	joshua	joshua
Joshua 18:10	57	Joshua	joshua	joshua
Joshua 18:11	169	Joseph	joseph-son-of-jacob	joseph-son-of-jacob
Joshua 19:1	28	Simeon	-	simeon-at-the-temple
Joshua 19:1	74	Simeon	-	simeon-at-the-temple
Joshua 19:8	144	Simeon	-	simeon-at-the-temple
Joshua 19:9	80	Simeon	-	simeon-at-the-temple
Joshua 19:9	178	Simeon	-	simeon-at-the-temple
Joshua 19:49	117	Joshua	joshua	joshua
Joshua 19:51	34	Eleazar	-	eleazar-in-jesus-genealogy
Joshua 19:51	54	Joshua	joshua	joshua
Joshua 20:1	16	Joshua	joshua	joshua
Joshua 20:2	99	Moses	moses	moses
Joshua 20:8	200	Manasseh	-	manasseh-king-of-judah
Joshua 21:1	62	Eleazar	-	eleazar-in-jesus-genealogy
Joshua 21:1	89	Joshua	joshua	joshua
Joshua 21:2	86	Moses	moses	moses
Joshua 21:4	69	Aaron	aaron	aaron
Joshua 21:5	156	Manasseh	-	manasseh-king-of-judah
Joshua 21:6	183	Manasseh	-	manasseh-king-of-judah
Joshua 21:8	106	Moses	moses	moses
Joshua 21:9	93	Simeon	-	simeon-at-the-temple
Joshua 21:10	34	Aaron	aaron	aaron
Joshua 21:10	104	Levi	-	matthew-levi
Joshua 21:12	57	Caleb	caleb	caleb
Joshua 21:13	19	Aaron	aaron	aaron
Joshua 21:19	34	Aaron	aaron	aaron
Joshua 21:25	25	Manasseh	-	manasseh-king-of-judah
Joshua 21:27	95	Manasseh	-	manasseh-king-of-judah
Joshua 22:1	5	Joshua	joshua	joshua
Joshua 22:1	70	Manasseh	-	manasseh-king-of-judah
Joshua 22:2	42	Moses	moses	moses
Joshua 22:4	155	Moses	moses	moses
Joshua 22:5	64	Moses	moses	moses
Joshua 22:6	3	Joshua	joshua	joshua
Joshua 22:7	29	Manasseh	-	manasseh-king-of-judah
Joshua 22:7	38	Moses	moses	moses
Joshua 22:7	104	Joshua	joshua	joshua
Joshua 22:7	174	Joshua	joshua	joshua
Joshua 22:9	69	Manasseh	-	manasseh-king-of-judah
Joshua 22:9	298	Moses	moses	moses
Joshua 22:10	147	Manasseh	-	manasseh-king-of-judah
Joshua 22:11	113	Manasseh	-	manasseh-king-of-judah
Joshua 22:13	108	Manasseh	-	manasseh-king-of-judah
Joshua 22:13	163	Eleazar	-	eleazar-in-jesus-genealogy
Joshua 22:15	90	Manasseh	-	manasseh-king-of-judah
Joshua 22:20	24	Zerah	zerah-son-of-judah	zerah-son-of-judah
Joshua 22:21	74	Manasseh	-	manasseh-king-of-judah
Joshua 22:30	213	Manasseh	-	manasseh-king-of-judah
Joshua 22:31	20	Eleazar	-	eleazar-in-jesus-genealogy
Joshua 22:31	118	Manasseh	-	manasseh-king-of-judah
Joshua 22:32	20	Eleazar	-	eleazar-in-jesus-genealogy
Joshua 23:1	89	Joshua	joshua	joshua
Joshua 23:2	0	Joshua	joshua	joshua
Joshua 24:1	0	Joshua	joshua	joshua
Joshua 24:2	0	Joshua	joshua	joshua
Joshua 24:2	140	Abraham	abraham	abraham
Joshua 24:3	19	Abraham	abraham	abraham
Joshua 24:3	140	Isaac	isaac	isaac
Joshua 24:4	10	Isaac	isaac	isaac
Joshua 24:4	16	Jacob	jacob	jacob
Joshua 24:4	26	Esau	esau	esau
Joshua 24:4	46	Esau	esau	esau
Joshua 24:4	78	Jacob	jacob	jacob
Joshua 24:5	9	Moses	moses	moses
Joshua 24:5	19	Aaron	aaron	aaron
Joshua 24:9	96	Balaam	balaam	balaam
Joshua 24:10	26	Balaam	balaam	balaam
Joshua 24:19	0	Joshua	joshua	joshua
Joshua 24:21	19	Joshua	joshua	joshua
Joshua 24:22	0	Joshua	joshua	joshua
Joshua 24:24	19	Joshua	joshua	joshua
Joshua 24:25	3	Joshua	joshua	joshua
Joshua 24:26	0	Joshua	joshua	joshua
Joshua 24:27	0	Joshua	joshua	joshua
Joshua 24:28	3	Joshua	joshua	joshua
Joshua 24:29	20	Joshua	joshua	joshua
Joshua 24:31	37	Joshua	joshua	joshua
Joshua 24:31	89	Joshua	joshua	joshua
Joshua 24:32	25	Joseph	joseph-son-of-jacob	joseph-son-of-jacob
Joshua 24:32	129	Jacob	jacob	jacob
Joshua 24:32	266	Joseph	joseph-son-of-jacob	joseph-son-of-jacob
Joshua 24:33	0	Eleazar	-	eleazar-in-jesus-genealogy
Joshua 24:33	19	Aaron	aaron	aaron
Judges 1:3	14	Simeon	-	simeon-at-the-temple
Judges 1:3	157	Simeon	-	simeon-at-the-temple
Judges 1:12	0	Caleb	caleb	caleb
Judges 1:13	26	Caleb	caleb	caleb
Judges 1:14	101	Caleb	caleb	caleb
Judges 1:15	125	Caleb	caleb	caleb
Judges 1:16	28	Moses	moses	moses
Judges 1:17	16	Simeon	-	simeon-at-the-temple
Judges 1:20	20	Caleb	caleb	caleb
Judges 1:20	30	Moses	moses	moses
Judges 1:22	13	Joseph	joseph-son-of-jacob	joseph-son-of-jacob
Judges 1:23	13	Joseph	joseph-son-of-jacob	joseph-son-of-jacob
Judges 1:27	0	Manasseh	-	manasseh-king-of-judah
Judges 1:35	103	Joseph	joseph-son-of-jacob	joseph-son-of-jacob
Judges 2:6	9	Joshua	-	joshua
Judges 2:7	41	Joshua	-	joshua
Judges 2:7	93	Joshua	-	joshua
Judges 2:8	0	Joshua	-	joshua
Judges 2:21	56	Joshua	-	joshua
Judges 2:23	92	Joshua	-	joshua
Judges 3:4	135	Moses	moses	moses
Judges 3:9	145	Caleb	caleb	caleb
Judges 4:4	4	Deborah	deborah	deborah
Judges 4:5	16	Deborah	deborah	deborah
Judges 4:9	153	Deborah	deborah	deborah
Judges 4:10	93	Deborah	deborah	deborah
Judges 4:11	94	Moses	moses	moses
Judges 4:14	0	Deborah	deborah	deborah
Judges 5:1	5	Deborah	deborah	deborah
Judges 5:7	50	Deborah	deborah	deborah
Judges 5:12	15	Deborah	deborah	deborah
Judges 5:15	34	Deborah	deborah	deborah
Judges 6:11	110	Gideon	gideon	gideon
Judges 6:13	0	Gideon	gideon	gideon
Judges 6:15	86	Manasseh	-	manasseh-king-of-judah
Judges 6:19	0	Gideon	gideon	gideon
Judges 6:22	0	Gideon	gideon	gideon
Judges 6:22	43	Gideon	gideon	gideon
Judges 6:24	5	Gideon	gideon	gideon
Judges 6:27	5	Gideon	gideon	gideon
Judges 6:29	95	Gideon	gideon	gideon
Judges 6:34	28	Gideon	gideon	gideon
Judges 6:35	34	Manasseh	-	manasseh-king-of-judah
Judges 6:36	0	Gideon	gideon	gideon
Judges 6:39	0	Gideon	gideon	gideon
Judges 7:1	5	Jerubbaal	gideon	gideon
Judges 7:1	23	Gideon	gideon	gideon
Judges 7:2	15	Gideon	gideon	gideon
Judges 7:4	15	Gideon	gideon	gideon
Judges 7:5	63	Gideon	gideon	gideon
Judges 7:7	15	Gideon	gideon	gideon
Judges 7:13	5	Gideon	gideon	gideon
Judges 7:14	62	Gideon	gideon	gideon
Judges 7:15	16	Gideon	gideon	gideon
Judges 7:18	142	Gideon	gideon	gideon
Judges 7:19	3	Gideon	gideon	gideon
Judges 7:20	205	Gideon	gideon	gideon
Judges 7:22	198	Abel	abel	abel
Judges 7:23	91	Manasseh	-	manasseh-king-of-judah
Judges 7:24	0	Gideon	gideon	gideon
Judges 7:25	196	Gideon	gideon	gideon
Judges 8:4	0	Gideon	gideon	gideon
Judges 8:7	0	Gideon	gideon	gideon
Judges 8:11	0	Gideon	gideon	gideon
Judges 8:13	0	Gideon	gideon	gideon
Judges 8:21	92	Gideon	gideon	gideon
Judges 8:22	31	Gideon	gideon	gideon
Judges 8:23	0	Gideon	gideon	gideon
Judges 8:24	0	Gideon	gideon	gideon
Judges 8:27	0	Gideon	gideon	gideon
Judges 8:27	142	Gideon	gideon	gideon
Judges 8:28	138	Gideon	gideon	gideon
Judges 8:29	0	Jerubbaal	gideon	gideon
Judges 8:30	0	Gideon	gideon	gideon
Judges 8:32	0	Gideon	gideon	gideon
Judges 8:33	11	Gideon	gideon	gideon
Judges 8:35	47	Jerubbaal	gideon	gideon
Judges 8:35	67	Gideon	gideon	gideon
Judges 9:1	21	Jerubbaal	gideon	gideon
Judges 9:2	96	Jerubbaal	gideon	gideon
Judges 9:5	77	Jerubbaal	gideon	gideon
Judges 9:5	129	Jotham	-	jotham-king-of-judah
Judges 9:5	156	Jerubbaal	gideon	gideon
Judges 9:7	21	Jotham	-	jotham-king-of-judah
Judges 9:16	127	Jerubbaal	gideon	gideon
Judges 9:19	50	Jerubbaal	gideon	gideon
Judges 9:21	0	Jotham	-	jotham-king-of-judah
Judges 9:24	46	Jerubbaal	gideon	gideon
Judges 9:28	112	Jerubbaal	gideon	gideon
Judges 9:57	89	Jotham	-	jotham-king-of-judah
Judges 9:57	107	Jerubbaal	gideon	gideon
Judges 11:29	69	Manasseh	-	manasseh-king-of-judah
Judges 12:4	227	Manasseh	-	manasseh-king-of-judah
Judges 13:24	36	Samson	samson	samson
Judges 14:1	0	Samson	samson	samson
Judges 14:3	183	Samson	samson	samson
Judges 14:5	10	Samson	samson	samson
Judges 14:7	57	Samson	samson	samson
Judges 14:10	39	Samson	samson	samson
Judges 14:12	0	Samson	samson	samson
Judges 14:15	33	Samson	samson	samson
Judges 14:16	0	Samson	samson	samson
Judges 14:20	4	Samson	samson	samson
Judges 15:1	49	Samson	samson	samson
Judges 15:3	0	Samson	samson	samson
Judges 15:4	0	Samson	samson	samson
Judges 15:6	60	Samson	samson	samson
Judges 15:7	0	Samson	samson	samson
Judges 15:10	94	Samson	samson	samson
Judges 15:11	83	Samson	samson	samson
Judges 15:12	109	Samson	samson	samson
Judges 15:16	0	Samson	samson	samson
Judges 16:1	0	Samson	samson	samson
Judges 16:2	24	Samson	samson	samson
Judges 16:3	0	Samson	samson	samson
Judges 16:4	88	Delilah	delilah	delilah
Judges 16:6	0	Delilah	delilah	delilah
Judges 16:6	16	Samson	samson	samson
Judges 16:7	0	Samson	samson	samson
Judges 16:9	95	Samson	samson	samson
Judges 16:10	0	Delilah	delilah	delilah
Judges 16:10	16	Samson	samson	samson
Judges 16:12	3	Delilah	delilah	delilah
Judges 16:12	98	Samson	samson	samson
Judges 16:13	0	Delilah	delilah	delilah
Judges 16:13	16	Samson	samson	samson
Judges 16:14	76	Samson	samson	samson
Judges 16:18	5	Delilah	delilah	delilah
Judges 16:20	41	Samson	samson	samson
Judges 16:23	153	Samson	samson	samson
Judges 16:25	51	Samson	samson	samson
Judges 16:25	102	Samson	samson	samson
Judges 16:26	4	Samson	samson	samson
Judges 16:27	167	Samson	samson	samson
Judges 16:28	0	Samson	samson	samson
Judges 16:29	0	Samson	samson	samson
Judges 16:30	0	Samson	samson	samson
Judges 18:30	107	Moses	moses	moses
Judges 20:28	25	Eleazar	-	eleazar-in-jesus-genealogy
Judges 20:28	45	Aaron	aaron	aaron
Ruth 1:2	60	Naomi	naomi	naomi
Ruth 1:3	11	Naomi	naomi	naomi
Ruth 1:4	114	Ruth	ruth	ruth
Ruth 1:8	0	Naomi	naomi	naomi
Ruth 1:11	0	Naomi	naomi	naomi
Ruth 1:14	86	Ruth	ruth	ruth
Ruth 1:16	0	Ruth	ruth	ruth
Ruth 1:19	143	Naomi	naomi	naomi
Ruth 1:20	33	Naomi	naomi	naomi
Ruth 1:21	80	Naomi	naomi	naomi
Ruth 1:22	3	Naomi	naomi	naomi
Ruth 1:22	23	Ruth	ruth	ruth
Ruth 2:1	0	Naomi	naomi	naomi
Ruth 2:1	108	Boaz	boaz	boaz
Ruth 2:2	0	Ruth	ruth	ruth
Ruth 2:2	27	Naomi	naomi	naomi
Ruth 2:3	129	Boaz	boaz	boaz
Ruth 2:4	8	Boaz	boaz	boaz
Ruth 2:5	5	Boaz	boaz	boaz
Ruth 2:6	94	Naomi	naomi	naomi
Ruth 2:8	5	Boaz	boaz	boaz
Ruth 2:8	18	Ruth	ruth	ruth
Ruth 2:11	0	Boaz	boaz	boaz
Ruth 2:14	13	Boaz	boaz	boaz
Ruth 2:15	32	Boaz	boaz	boaz
Ruth 2:19	214	Boaz	boaz	boaz
Ruth 2:20	0	Naomi	naomi	naomi
Ruth 2:20	131	Naomi	naomi	naomi
Ruth 2:21	0	Ruth	ruth	ruth
Ruth 2:22	0	Naomi	naomi	naomi
Ruth 2:22	14	Ruth	ruth	ruth
Ruth 2:23	38	Boaz	boaz	boaz
Ruth 3:1	0	Naomi	naomi	naomi
Ruth 3:2	10	Boaz	boaz	boaz
Ruth 3:7	5	Boaz	boaz	boaz
Ruth 3:9	44	Ruth	ruth	ruth
Ruth 4:1	4	Boaz	boaz	boaz
Ruth 4:1	83	Boaz	boaz	boaz
Ruth 4:3	30	Naomi	naomi	naomi
Ruth 4:5	5	Boaz	boaz	boaz
Ruth 4:5	63	Naomi	naomi	naomi
Ruth 4:5	96	Ruth	ruth	ruth
Ruth 4:8	28	Boaz	boaz	boaz
Ruth 4:9	0	Boaz	boaz	boaz
Ruth 4:9	177	Naomi	naomi	naomi
Ruth 4:10	9	Ruth	ruth	ruth
Ruth 4:11	138	Rachel	rachel	rachel
Ruth 4:11	154	Leah	leah	leah
Ruth 4:12	36	Perez	perez	perez
Ruth 4:13	3	Boaz	boaz	boaz
Ruth 4:13	13	Ruth	ruth	ruth
Ruth 4:14	18	Naomi	naomi	naomi
Ruth 4:16	0	Naomi	naomi	naomi
Ruth 4:17	69	Naomi	naomi	naomi
Ruth 4:17	92	Obed	obed	obed
Ruth 4:17	118	Jesse	jesse	jesse
Ruth 4:17	139	David	david	david
Ruth 4:18	46	Perez	perez	perez
Ruth 4:18	53	Perez	perez	perez
Ruth 4:18	80	Hezron	hezron-son-of-perez	hezron-son-of-perez
Ruth 4:19	4	Hezron	hezron-son-of-perez	hezron-son-of-perez
Ruth 4:19	32	Ram	ram-son-of-hezron	ram-son-of-hezron
Ruth 4:19	41	Ram	ram-son-of-hezron	ram-son-of-hezron
Ruth 4:19	66	Amminadab	amminadab	amminadab
Ruth 4:20	4	Amminadab	amminadab	amminadab
Ruth 4:20	35	Nahshon	nahshon	nahshon
Ruth 4:20	48	Nahshon	nahshon	nahshon
Ruth 4:20	77	Salmon	salmon-father-of-boaz	salmon-father-of-boaz
Ruth 4:21	4	Salmon	salmon-father-of-boaz	salmon-father-of-boaz
Ruth 4:21	32	Boaz	boaz	boaz
Ruth 4:21	42	Boaz	boaz	boaz
Ruth 4:21	68	Obed	obed	obed
Ruth 4:22	4	Obed	obed	obed
Ruth 4:22	30	Jesse	jesse	jesse
Ruth 4:22	41	Jesse	jesse	jesse
Ruth 4:22	68	David	david	david
1 Samuel 1:20	76	Samuel	samuel	samuel
1 Samuel 2:18	4	Samuel	samuel	samuel
1 Samuel 2:21	91	Samuel	samuel	samuel
1 Samuel 2:26	10	Samuel	samuel	samuel
1 Samuel 3:1	10	Samuel	samuel	samuel
1 Samuel 3:3	40	Samuel	samuel	samuel
1 Samuel 3:4	14	Samuel	samuel	samuel
1 Samuel 3:6	26	Samuel	samuel	samuel
1 Samuel 3:6	35	Samuel	samuel	samuel
1 Samuel 3:7	4	Samuel	samuel	samuel
1 Samuel 3:8	14	Samuel	samuel	samuel
1 Samuel 3:9	22	Samuel	samuel	samuel
1 Samuel 3:9	140	Samuel	samuel	samuel
1 Samuel 3:10	55	Samuel	samuel	samuel
1 Samuel 3:10	63	Samuel	samuel	samuel
1 Samuel 3:10	77	Samuel	samuel	samuel
1 Samuel 3:11	15	Samuel	samuel	samuel
1 Samuel 3:15	0	Samuel	samuel	samuel
1 Samuel 3:15	70	Samuel	samuel	samuel
1 Samuel 3:16	16	Samuel	samuel	samuel
1 Samuel 3:16	35	Samuel	samuel	samuel
1 Samuel 3:18	0	Samuel	samuel	samuel
1 Samuel 3:19	0	Samuel	samuel	samuel
1 Samuel 3:20	48	Samuel	samuel	samuel
1 Samuel 3:21	64	Samuel	samuel	samuel
1 Samuel 4:1	12	Samuel	samuel	samuel
1 Samuel 6:14	32	Joshua	-	joshua
1 Samuel 6:18	270	Joshua	-	joshua
1 Samuel 7:1	121	Eleazar	-	eleazar-in-jesus-genealogy
1 Samuel 7:3	0	Samuel	samuel	samuel
1 Samuel 7:5	0	Samuel	samuel	samuel
1 Samuel 7:6	156	Samuel	samuel	samuel
1 Samuel 7:8	31	Samuel	samuel	samuel
1 Samuel 7:9	0	Samuel	samuel	samuel
1 Samuel 7:9	82	Samuel	samuel	samuel
1 Samuel 7:10	3	Samuel	samuel	samuel
1 Samuel 7:12	5	Samuel	samuel	samuel
1 Samuel 7:13	144	Samuel	samuel	samuel
1 Samuel 7:15	0	Samuel	samuel	samuel
1 Samuel 8:1	5	Samuel	samuel	samuel
1 Samuel 8:2	68	Abijah	-	abijah-king-of-judah
1 Samuel 8:4	71	Samuel	samuel	samuel
1 Samuel 8:6	25	Samuel	samuel	samuel
1 Samuel 8:6	79	Samuel	samuel	samuel
1 Samuel 8:7	15	Samuel	samuel	samuel
1 Samuel 8:10	0	Samuel	samuel	samuel
1 Samuel 8:19	49	Samuel	samuel	samuel
1 Samuel 8:21	0	Samuel	samuel	samuel
1 Samuel 8:22	15	Samuel	samuel	samuel
1 Samuel 8:22	70	Samuel	samuel	samuel
1 Samuel 9:2	29	Saul	saul-king-of-israel	paul-of-tarsus
1 Samuel 9:3	21	Saul	saul-king-of-israel	paul-of-tarsus
1 Samuel 9:3	60	Saul	saul-king-of-israel	paul-of-tarsus
1 Samuel 9:5	40	Saul	saul-king-of-israel	paul-of-tarsus
1 Samuel 9:7	5	Saul	saul-king-of-israel	paul-of-tarsus
1 Samuel 9:8	21	Saul	saul-king-of-israel	paul-of-tarsus
1 Samuel 9:10	5	Saul	saul-king-of-israel	paul-of-tarsus
1 Samuel 9:14	64	Samuel	samuel	samuel
1 Samuel 9:15	27	Samuel	samuel	samuel
1 Samuel 9:15	47	Saul	saul-king-of-israel	paul-of-tarsus
1 Samuel 9:17	5	Samuel	samuel	samuel
1 Samuel 9:17	16	Saul	saul-king-of-israel	paul-of-tarsus
1 Samuel 9:18	5	Saul	saul-king-of-israel	paul-of-tarsus
1 Samuel 9:18	21	Samuel	samuel	samuel
1 Samuel 9:19	0	Samuel	samuel	samuel
1 Samuel 9:19	16	Saul	saul-king-of-israel	paul-of-tarsus
1 Samuel 9:21	0	Saul	saul-king-of-israel	paul-of-tarsus
1 Samuel 9:22	0	Samuel	samuel	samuel
1 Samuel 9:22	12	Saul	saul-king-of-israel	paul-of-tarsus
1 Samuel 9:23	0	Samuel	samuel	samuel
1 Samuel 9:24	72	Saul	saul-king-of-israel	paul-of-tarsus
1 Samuel 9:24	78	Samuel	samuel	samuel
1 Samuel 9:24	264	Saul	saul-king-of-israel	paul-of-tarsus
1 Samuel 9:24	278	Samuel	samuel	samuel
1 Samuel 9:25	74	Saul	saul-king-of-israel	paul-of-tarsus
1 Samuel 9:26	38	Samuel	samuel	samuel
1 Samuel 9:26	55	Saul	saul-king-of-israel	paul-of-tarsus
1 Samuel 9:26	121	Saul	saul-king-of-israel	paul-of-tarsus
1 Samuel 9:26	168	Samuel	samuel	samuel
1 Samuel 9:27	48	Samuel	samuel	samuel
1 Samuel 9:27	63	Saul	saul-king-of-israel	paul-of-tarsus
1 Samuel 9:27	130	Samuel	samuel	samuel
1 Samuel 10:1	5	Samuel	samuel	samuel
1 Samuel 10:2	68	Rachel	rachel	rachel
1 Samuel 10:9	55	Samuel	samuel	samuel
1 Samuel 10:10	78	Spirit of God	holy-spirit	holy-spirit
1 Samuel 10:11	168	Saul	saul-king-of-israel	paul-of-tarsus
1 Samuel 10:12	90	Saul	saul-king-of-israel	paul-of-tarsus
1 Samuel 10:14	0	Saul	saul-king-of-israel	paul-of-tarsus
1 Samuel 10:14	145	Samuel	samuel	samuel
1 Samuel 10:15	0	Saul	saul-king-of-israel	paul-of-tarsus
1 Samuel 10:15	40	Samuel	samuel	samuel
1 Samuel 10:16	0	Saul	saul-king-of-israel	paul-of-tarsus
1 Samuel 10:16	125	Samuel	samuel	samuel
1 Samuel 10:17	0	Samuel	samuel	samuel
1 Samuel 10:20	3	Samuel	samuel	samuel
1 Samuel 10:21	105	Saul the son of Kish	saul-king-of-israel	saul-king-of-israel
1 Samuel 10:24	0	Samuel	samuel	samuel
1 Samuel 10:25	5	Samuel	samuel	samuel
1 Samuel 10:25	114	Samuel	samuel	samuel
1 Samuel 10:26	0	Saul	saul-king-of-israel	paul-of-tarsus
1 Samuel 11:5	8	Saul	saul-king-of-israel	paul-of-tarsus
1 Samuel 11:5	59	Saul	saul-king-of-israel	paul-of-tarsus
1 Samuel 11:6	30	Saul	saul-king-of-israel	paul-of-tarsus
1 Samuel 11:7	166	Saul	saul-king-of-israel	paul-of-tarsus
1 Samuel 11:7	181	Samuel	samuel	samuel
1 Samuel 11:11	17	Saul	saul-king-of-israel	paul-of-tarsus
1 Samuel 11:12	19	Samuel	samuel	samuel
1 Samuel 11:12	55	Saul	saul-king-of-israel	paul-of-tarsus
1 Samuel 11:13	0	Saul	saul-king-of-israel	paul-of-tarsus
1 Samuel 11:14	5	Samuel	samuel	samuel
1 Samuel 11:15	51	Saul	saul-king-of-israel	paul-of-tarsus
1 Samuel 11:15	160	Saul	saul-king-of-israel	paul-of-tarsus
1 Samuel 12:1	0	Samuel	samuel	samuel
1 Samuel 12:6	0	Samuel	samuel	samuel
1 Samuel 12:6	55	Moses	moses	moses
1 Samuel 12:6	65	Aaron	aaron	aaron
1 Samuel 12:8	6	Jacob	jacob	jacob
1 Samuel 12:8	84	Moses	moses	moses
1 Samuel 12:8	94	Aaron	aaron	aaron
1 Samuel 12:11	12	Jerubbaal	gideon	gideon
1 Samuel 12:11	44	Samuel	samuel	samuel
1 Samuel 12:18	3	Samuel	samuel	samuel
1 Samuel 12:18	117	Samuel	samuel	samuel
1 Samuel 12:19	23	Samuel	samuel	samuel
1 Samuel 12:20	0	Samuel	samuel	samuel
1 Samuel 13:1	0	Saul	saul-king-of-israel	paul-of-tarsus
1 Samuel 13:2	0	Saul	saul-king-of-israel	paul-of-tarsus
1 Samuel 13:2	85	Saul	saul-king-of-israel	paul-of-tarsus
1 Samuel 13:3	99	Saul	saul-king-of-israel	paul-of-tarsus
1 Samuel 13:4	22	Saul	saul-king-of-israel	paul-of-tarsus
1 Samuel 13:4	182	Saul	saul-king-of-israel	paul-of-tarsus
1 Samuel 13:7	91	Saul	saul-king-of-israel	paul-of-tarsus
1 Samuel 13:8	51	Samuel	samuel	samuel
1 Samuel 13:8	63	Samuel	samuel	samuel
1 Samuel 13:9	0	Saul	saul-king-of-israel	paul-of-tarsus
1 Samuel 13:10	85	Samuel	samuel	samuel
1 Samuel 13:10	102	Saul	saul-king-of-israel	paul-of-tarsus
1 Samuel 13:11	0	Samuel	samuel	samuel
1 Samuel 13:11	35	Saul	saul-king-of-israel	paul-of-tarsus
1 Samuel 13:13	0	Samuel	samuel	samuel
1 Samuel 13:13	15	Saul	saul-king-of-israel	paul-of-tarsus
1 Samuel 13:15	0	Samuel	samuel	samuel
1 Samuel 13:15	58	Saul	saul-king-of-israel	paul-of-tarsus
1 Samuel 13:16	0	Saul	saul-king-of-israel	paul-of-tarsus
1 Samuel 13:22	127	Saul	saul-king-of-israel	paul-of-tarsus
1 Samuel 13:22	150	Saul	saul-king-of-israel	paul-of-tarsus
1 Samuel 14:1	47	Saul	saul-king-of-israel	paul-of-tarsus
1 Samuel 14:2	0	Saul	saul-king-of-israel	paul-of-tarsus
1 Samuel 14:16	16	Saul	saul-king-of-israel	paul-of-tarsus
1 Samuel 14:17	5	Saul	saul-king-of-israel	paul-of-tarsus
1 Samuel 14:18	0	Saul	saul-king-of-israel	paul-of-tarsus
1 Samuel 14:19	6	Saul	saul-king-of-israel	paul-of-tarsus
1 Samuel 14:19	111	Saul	saul-king-of-israel	paul-of-tarsus
1 Samuel 14:20	0	Saul	saul-king-of-israel	paul-of-tarsus
1 Samuel 14:21	174	Saul	saul-king-of-israel	paul-of-tarsus
1 Samuel 14:24	48	Saul	saul-king-of-israel	paul-of-tarsus
1 Samuel 14:33	15	Saul	saul-king-of-israel	paul-of-tarsus
1 Samuel 14:34	0	Saul	saul-king-of-israel	paul-of-tarsus
1 Samuel 14:35	0	Saul	saul-king-of-israel	paul-of-tarsus
1 Samuel 14:36	0	Saul	saul-king-of-israel	paul-of-tarsus
1 Samuel 14:37	0	Saul	saul-king-of-israel	paul-of-tarsus
1 Samuel 14:38	0	Saul	saul-king-of-israel	paul-of-tarsus
1 Samuel 14:40	122	Saul	saul-king-of-israel	paul-of-tarsus
1 Samuel 14:41	10	Saul	saul-king-of-israel	paul-of-tarsus
1 Samuel 14:41	81	Saul	saul-king-of-israel	paul-of-tarsus
1 Samuel 14:42	0	Saul	saul-king-of-israel	paul-of-tarsus
1 Samuel 14:43	5	Saul	saul-king-of-israel	paul-of-tarsus
1 Samuel 14:44	0	Saul	saul-king-of-israel	paul-of-tarsus
1 Samuel 14:45	19	Saul	saul-king-of-israel	paul-of-tarsus
1 Samuel 14:46	5	Saul	saul-king-of-israel	paul-of-tarsus
1 Samuel 14:47	9	Saul	saul-king-of-israel	paul-of-tarsus
1 Samuel 14:49	16	Saul	saul-king-of-israel	paul-of-tarsus
1 Samuel 14:50	12	Saul	saul-king-of-israel	paul-of-tarsus
1 Samuel 14:50	123	Saul	saul-king-of-israel	paul-of-tarsus
1 Samuel 14:51	23	Saul	saul-king-of-israel	paul-of-tarsus
1 Samuel 14:52	61	Saul	saul-king-of-israel	paul-of-tarsus
1 Samuel 14:52	76	Saul	saul-king-of-israel	paul-of-tarsus
1 Samuel 15:1	0	Samuel	samuel	samuel
1 Samuel 15:1	15	Saul	saul-king-of-israel	paul-of-tarsus
1 Samuel 15:4	0	Saul	saul-king-of-israel	paul-of-tarsus
1 Samuel 15:5	0	Saul	saul-king-of-israel	paul-of-tarsus
1 Samuel 15:6	0	Saul	saul-king-of-israel	paul-of-tarsus
1 Samuel 15:7	0	Saul	saul-king-of-israel	paul-of-tarsus
1 Samuel 15:9	4	Saul	saul-king-of-israel	paul-of-tarsus
1 Samuel 15:10	27	Samuel	samuel	samuel
1 Samuel 15:11	34	Saul	saul-king-of-israel	paul-of-tarsus
1 Samuel 15:11	133	Samuel	samuel	samuel
1 Samuel 15:12	0	Samuel	samuel	samuel
1 Samuel 15:12	26	Saul	saul-king-of-israel	paul-of-tarsus
1 Samuel 15:12	51	Samuel	samuel	samuel
1 Samuel 15:12	77	Saul	saul-king-of-israel	paul-of-tarsus
1 Samuel 15:13	0	Samuel	samuel	samuel
1 Samuel 15:13	15	Saul	saul-king-of-israel	paul-of-tarsus
1 Samuel 15:13	25	Saul	saul-king-of-israel	paul-of-tarsus
1 Samuel 15:14	0	Samuel	samuel	samuel
1 Samuel 15:15	0	Saul	saul-king-of-israel	paul-of-tarsus
1 Samuel 15:16	5	Samuel	samuel	samuel
1 Samuel 15:16	20	Saul	saul-king-of-israel	paul-of-tarsus
1 Samuel 15:17	0	Samuel	samuel	samuel
1 Samuel 15:20	0	Saul	saul-king-of-israel	paul-of-tarsus
1 Samuel 15:20	13	Samuel	samuel	samuel
1 Samuel 15:22	0	Samuel	samuel	samuel
1 Samuel 15:24	0	Saul	saul-king-of-israel	paul-of-tarsus
1 Samuel 15:24	13	Samuel	samuel	samuel
1 Samuel 15:26	0	Samuel	samuel	samuel
1 Samuel 15:26	15	Saul	saul-king-of-israel	paul-of-tarsus
1 Samuel 15:27	3	Samuel	samuel	samuel
1 Samuel 15:27	36	Saul	saul-king-of-israel	paul-of-tarsus
1 Samuel 15:28	0	Samuel	samuel	samuel
1 Samuel 15:31	3	Samuel	samuel	samuel
1 Samuel 15:31	25	Saul	saul-king-of-israel	paul-of-tarsus
1 Samuel 15:31	35	Saul	saul-king-of-israel	paul-of-tarsus
1 Samuel 15:32	5	Samuel	samuel	samuel
1 Samuel 15:33	0	Samuel	samuel	samuel
1 Samuel 15:33	106	Samuel	samuel	samuel
1 Samuel 15:34	5	Samuel	samuel	samuel
1 Samuel 15:34	31	Saul	saul-king-of-israel	paul-of-tarsus
1 Samuel 15:35	0	Samuel	samuel	samuel
1 Samuel 15:35	27	Saul	saul-king-of-israel	paul-of-tarsus
1 Samuel 15:35	64	Samuel	samuel	samuel
1 Samuel 15:35	83	Saul	saul-king-of-israel	paul-of-tarsus
1 Samuel 15:35	125	Saul	saul-king-of-israel	paul-of-tarsus
1 Samuel 16:1	15	Samuel	samuel	samuel
1 Samuel 16:1	52	Saul	saul-king-of-israel	paul-of-tarsus
1 Samuel 16:1	165	Jesse	jesse	jesse
1 Samuel 16:2	0	Samuel	samuel	samuel
1 Samuel 16:2	31	Saul	saul-king-of-israel	paul-of-tarsus
1 Samuel 16:3	5	Jesse	jesse	jesse
1 Samuel 16:4	0	Samuel	samuel	samuel
1 Samuel 16:5	128	Jesse	jesse	jesse
1 Samuel 16:7	19	Samuel	samuel	samuel
1 Samuel 16:8	5	Jesse	jesse	jesse
1 Samuel 16:8	53	Samuel	samuel	samuel
1 Samuel 16:9	5	Jesse	jesse	jesse
1 Samuel 16:10	0	Jesse	jesse	jesse
1 Samuel 16:10	44	Samuel	samuel	samuel
1 Samuel 16:10	52	Samuel	samuel	samuel
1 Samuel 16:10	67	Jesse	jesse	jesse
1 Samuel 16:11	0	Samuel	samuel	samuel
1 Samuel 16:11	15	Jesse	jesse	jesse
1 Samuel 16:11	128	Samuel	samuel	samuel
1 Samuel 16:11	143	Jesse	jesse	jesse
1 Samuel 16:13	5	Samuel	samuel	samuel
1 Samuel 16:13	120	David	david	david
1 Samuel 16:13	152	Samuel	samuel	samuel
1 Samuel 16:14	34	Saul	saul-king-of-israel	paul-of-tarsus
1 Samuel 16:15	0	Saul	saul-king-of-israel	paul-of-tarsus
1 Samuel 16:17	0	Saul	saul-king-of-israel	paul-of-tarsus
1 Samuel 16:18	76	Jesse	jesse	jesse
1 Samuel 16:19	10	Saul	saul-king-of-israel	paul-of-tarsus
1 Samuel 16:19	34	Jesse	jesse	jesse
1 Samuel 16:19	60	David	david	david
1 Samuel 16:20	0	Jesse	jesse	jesse
1 Samuel 16:20	96	David	david	david
1 Samuel 16:20	113	Saul	saul-king-of-israel	paul-of-tarsus
1 Samuel 16:21	0	David	david	david
1 Samuel 16:21	14	Saul	saul-king-of-israel	paul-of-tarsus
1 Samuel 16:22	0	Saul	saul-king-of-israel	paul-of-tarsus
1 Samuel 16:22	13	Jesse	jesse	jesse
1 Samuel 16:22	40	David	david	david
1 Samuel 16:23	32	Saul	saul-king-of-israel	paul-of-tarsus
1 Samuel 16:23	38	David	david	david
1 Samuel 16:23	88	Saul	saul-king-of-israel	paul-of-tarsus
1 Samuel 17:2	0	Saul	saul-king-of-israel	paul-of-tarsus
1 Samuel 17:8	157	Saul	saul-king-of-israel	paul-of-tarsus
1 Samuel 17:11	5	Saul	saul-king-of-israel	paul-of-tarsus
1 Samuel 17:12	4	David	david	david
1 Samuel 17:12	76	Jesse	jesse	jesse
1 Samuel 17:12	152	Saul	saul-king-of-israel	paul-of-tarsus
1 Samuel 17:13	25	Jesse	jesse	jesse
1 Samuel 17:13	46	Saul	saul-king-of-israel	paul-of-tarsus
1 Samuel 17:14	0	David	david	david
1 Samuel 17:14	54	Saul	saul-king-of-israel	paul-of-tarsus
1 Samuel 17:15	4	David	david	david
1 Samuel 17:15	35	Saul	saul-king-of-israel	paul-of-tarsus
1 Samuel 17:17	0	Jesse	jesse	jesse
1 Samuel 17:17	14	David	david	david
1 Samuel 17:19	4	Saul	saul-king-of-israel	paul-of-tarsus
1 Samuel 17:20	0	David	david	david
1 Samuel 17:20	92	Jesse	jesse	jesse
1 Samuel 17:22	0	David	david	david
1 Samuel 17:23	161	David	david	david
1 Samuel 17:26	0	David	david	david
1 Samuel 17:28	90	David	david	david
1 Samuel 17:29	0	David	david	david
1 Samuel 17:31	32	David	david	david
1 Samuel 17:31	72	Saul	saul-king-of-israel	paul-of-tarsus
1 Samuel 17:32	0	David	david	david
1 Samuel 17:32	14	Saul	saul-king-of-israel	paul-of-tarsus
1 Samuel 17:33	0	Saul	saul-king-of-israel	paul-of-tarsus
1 Samuel 17:33	13	David	david	david
1 Samuel 17:34	0	David	david	david
1 Samuel 17:34	14	Saul	saul-king-of-israel	paul-of-tarsus
1 Samuel 17:37	0	David	david	david
1 Samuel 17:37	153	Saul	saul-king-of-israel	paul-of-tarsus
1 Samuel 17:37	166	David	david	david
1 Samuel 17:38	0	Saul	saul-king-of-israel	paul-of-tarsus
1 Samuel 17:38	13	David	david	david
1 Samuel 17:39	0	David	david	david
1 Samuel 17:39	90	David	david	david
1 Samuel 17:39	104	Saul	saul-king-of-israel	paul-of-tarsus
1 Samuel 17:39	168	David	david	david
1 Samuel 17:41	39	David	david	david
1 Samuel 17:42	43	David	david	david
1 Samuel 17:43	23	David	david	david
1 Samuel 17:43	99	David	david	david
1 Samuel 17:44	23	David	david	david
1 Samuel 17:45	5	David	david	david
1 Samuel 17:48	60	David	david	david
1 Samuel 17:48	67	David	david	david
1 Samuel 17:49	0	David	david	david
1 Samuel 17:50	3	David	david	david
1 Samuel 17:50	151	David	david	david
1 Samuel 17:51	5	David	david	david
1 Samuel 17:54	0	David	david	david
1 Samuel 17:55	5	Saul	saul-king-of-israel	paul-of-tarsus
1 Samuel 17:55	14	David	david	david
1 Samuel 17:57	3	David	david	david
1 Samuel 17:57	94	Saul	saul-king-of-israel	paul-of-tarsus
1 Samuel 17:58	0	Saul	saul-king-of-israel	paul-of-tarsus
1 Samuel 17:58	54	David	david	david
1 Samuel 17:58	100	Jesse	jesse	jesse
1 Samuel 18:1	33	Saul	saul-king-of-israel	paul-of-tarsus
1 Samuel 18:1	86	David	david	david
1 Samuel 18:2	0	Saul	saul-king-of-israel	paul-of-tarsus
1 Samuel 18:3	18	David	david	david
1 Samuel 18:4	70	David	david	david
1 Samuel 18:5	0	David	david	david
1 Samuel 18:5	24	Saul	saul-king-of-israel	paul-of-tarsus
1 Samuel 18:5	71	Saul	saul-king-of-israel	paul-of-tarsus
1 Samuel 18:5	174	Saul	saul-king-of-israel	paul-of-tarsus
1 Samuel 18:6	19	David	david	david
1 Samuel 18:6	154	Saul	saul-king-of-israel	paul-of-tarsus
1 Samuel 18:7	57	Saul	saul-king-of-israel	paul-of-tarsus
1 Samuel 18:7	91	David	david	david
1 Samuel 18:8	0	Saul	saul-king-of-israel	paul-of-tarsus
1 Samuel 18:8	85	David	david	david
1 Samuel 18:9	0	Saul	saul-king-of-israel	paul-of-tarsus
1 Samuel 18:9	13	David	david	david
1 Samuel 18:10	58	Saul	saul-king-of-israel	paul-of-tarsus
1 Samuel 18:10	110	David	david	david
1 Samuel 18:10	160	Saul	saul-king-of-israel	paul-of-tarsus
1 Samuel 18:11	4	Saul	saul-king-of-israel	paul-of-tarsus
1 Samuel 18:11	51	David	david	david
1 Samuel 18:11	76	David	david	david
1 Samuel 18:12	0	Saul	saul-king-of-israel	paul-of-tarsus
1 Samuel 18:12	19	David	david	david
1 Samuel 18:12	77	Saul	saul-king-of-israel	paul-of-tarsus
1 Samuel 18:13	10	Saul	saul-king-of-israel	paul-of-tarsus
1 Samuel 18:14	0	David	david	david
1 Samuel 18:15	5	Saul	saul-king-of-israel	paul-of-tarsus
1 Samuel 18:16	31	David	david	david
1 Samuel 18:17	0	Saul	saul-king-of-israel	paul-of-tarsus
1 Samuel 18:17	13	David	david	david
1 Samuel 18:17	143	Saul	saul-king-of-israel	paul-of-tarsus
1 Samuel 18:18	0	David	david	david
1 Samuel 18:18	14	Saul	saul-king-of-israel	paul-of-tarsus
1 Samuel 18:19	28	Saul	saul-king-of-israel	paul-of-tarsus
1 Samuel 18:19	71	David	david	david
1 Samuel 18:20	8	Saul	saul-king-of-israel	paul-of-tarsus
1 Samuel 18:20	31	David	david	david
1 Samuel 18:20	52	Saul	saul-king-of-israel	paul-of-tarsus
1 Samuel 18:21	0	Saul	saul-king-of-israel	paul-of-tarsus
1 Samuel 18:21	134	Saul	saul-king-of-israel	paul-of-tarsus
1 Samuel 18:21	147	David	david	david
1 Samuel 18:22	0	Saul	saul-king-of-israel	paul-of-tarsus
1 Samuel 18:22	40	David	david	david
1 Samuel 18:23	0	Saul	saul-king-of-israel	paul-of-tarsus
1 Samuel 18:23	49	David	david	david
1 Samuel 18:23	56	David	david	david
1 Samuel 18:24	16	Saul	saul-king-of-israel	paul-of-tarsus
1 Samuel 18:24	40	David	david	david
1 Samuel 18:25	0	Saul	saul-king-of-israel	paul-of-tarsus
1 Samuel 18:25	17	David	david	david
1 Samuel 18:25	143	Saul	saul-king-of-israel	paul-of-tarsus
1 Samuel 18:25	170	David	david	david
1 Samuel 18:26	23	David	david	david
1 Samuel 18:26	53	David	david	david
1 Samuel 18:27	0	David	david	david
1 Samuel 18:27	90	David	david	david
1 Samuel 18:27	213	Saul	saul-king-of-israel	paul-of-tarsus
1 Samuel 18:28	0	Saul	saul-king-of-israel	paul-of-tarsus
1 Samuel 18:28	39	David	david	david
1 Samuel 18:28	58	Saul	saul-king-of-israel	paul-of-tarsus
1 Samuel 18:29	0	Saul	saul-king-of-israel	paul-of-tarsus
1 Samuel 18:29	29	David	david	david
1 Samuel 18:29	40	Saul	saul-king-of-israel	paul-of-tarsus
1 Samuel 18:29	49	David	david	david
1 Samuel 18:30	77	David	david	david
1 Samuel 18:30	136	Saul	saul-king-of-israel	paul-of-tarsus
1 Samuel 19:1	0	Saul	saul-king-of-israel	paul-of-tarsus
1 Samuel 19:1	79	David	david	david
1 Samuel 19:1	100	Saul	saul-king-of-israel	paul-of-tarsus
1 Samuel 19:1	133	David	david	david
1 Samuel 19:2	14	David	david	david
1 Samuel 19:2	30	Saul	saul-king-of-israel	paul-of-tarsus
1 Samuel 19:4	23	David	david	david
1 Samuel 19:4	32	Saul	saul-king-of-israel	paul-of-tarsus
1 Samuel 19:4	119	David	david	david
1 Samuel 19:5	190	David	david	david
1 Samuel 19:6	0	Saul	saul-king-of-israel	paul-of-tarsus
1 Samuel 19:6	44	Saul	saul-king-of-israel	paul-of-tarsus
1 Samuel 19:7	16	David	david	david
1 Samuel 19:7	87	David	david	david
1 Samuel 19:7	96	Saul	saul-king-of-israel	paul-of-tarsus
1 Samuel 19:8	21	David	david	david
1 Samuel 19:9	34	Saul	saul-king-of-israel	paul-of-tarsus
1 Samuel 19:9	95	David	david	david
1 Samuel 19:10	0	Saul	saul-king-of-israel	paul-of-tarsus
1 Samuel 19:10	19	David	david	david
1 Samuel 19:10	80	Saul	saul-king-of-israel	paul-of-tarsus
1 Samuel 19:10	135	David	david	david
1 Samuel 19:11	0	Saul	saul-king-of-israel	paul-of-tarsus
1 Samuel 19:11	24	David	david	david
1 Samuel 19:11	93	David	david	david
1 Samuel 19:12	14	David	david	david
1 Samuel 19:14	5	Saul	saul-king-of-israel	paul-of-tarsus
1 Samuel 19:14	34	David	david	david
1 Samuel 19:15	0	Saul	saul-king-of-israel	paul-of-tarsus
1 Samuel 19:15	32	David	david	david
1 Samuel 19:17	0	Saul	saul-king-of-israel	paul-of-tarsus
1 Samuel 19:17	114	Saul	saul-king-of-israel	paul-of-tarsus
1 Samuel 19:18	4	David	david	david
1 Samuel 19:18	40	Samuel	samuel	samuel
1 Samuel 19:18	79	Saul	saul-king-of-israel	paul-of-tarsus
1 Samuel 19:18	108	Samuel	samuel	samuel
1 Samuel 19:19	0	Saul	saul-king-of-israel	paul-of-tarsus
1 Samuel 19:19	32	David	david	david
1 Samuel 19:20	0	Saul	saul-king-of-israel	paul-of-tarsus
1 Samuel 19:20	30	David	david	david
1 Samuel 19:20	100	Samuel	samuel	samuel
1 Samuel 19:20	156	Saul	saul-king-of-israel	paul-of-tarsus
1 Samuel 19:21	5	Saul	saul-king-of-israel	paul-of-tarsus
1 Samuel 19:21	72	Saul	saul-king-of-israel	paul-of-tarsus
1 Samuel 19:22	97	Samuel	samuel	samuel
1 Samuel 19:22	108	David	david	david
1 Samuel 19:24	64	Samuel	samuel	samuel
1 Samuel 19:24	148	Saul	saul-king-of-israel	paul-of-tarsus
1 Samuel 20:1	0	David	david	david
1 Samuel 20:3	0	David	david	david
1 Samuel 20:4	22	David	david	david
1 Samuel 20:5	0	David	david	david
1 Samuel 20:6	44	David	david	david
1 Samuel 20:10	5	David	david	david
1 Samuel 20:11	17	David	david	david
1 Samuel 20:12	17	David	david	david
1 Samuel 20:12	161	David	david	david
1 Samuel 20:15	128	David	david	david
1 Samuel 20:16	33	David	david	david
1 Samuel 20:16	95	David	david	david
1 Samuel 20:17	16	David	david	david
1 Samuel 20:20	61	mark	john-mark	john-mark
1 Samuel 20:24	3	David	david	david
1 Samuel 20:25	115	Saul	saul-king-of-israel	paul-of-tarsus
1 Samuel 20:25	132	David	david	david
1 Samuel 20:26	13	Saul	saul-king-of-israel	paul-of-tarsus
1 Samuel 20:27	52	David	david	david
1 Samuel 20:27	77	Saul	saul-king-of-israel	paul-of-tarsus
1 Samuel 20:27	132	Jesse	jesse	jesse
1 Samuel 20:28	18	Saul	saul-king-of-israel	paul-of-tarsus
1 Samuel 20:28	25	David	david	david
1 Samuel 20:30	5	Saul	saul-king-of-israel	paul-of-tarsus
1 Samuel 20:30	149	Jesse	jesse	jesse
1 Samuel 20:31	26	Jesse	jesse	jesse
1 Samuel 20:32	18	Saul	saul-king-of-israel	paul-of-tarsus
1 Samuel 20:33	0	Saul	saul-king-of-israel	paul-of-tarsus
1 Samuel 20:33	102	David	david	david
1 Samuel 20:34	118	David	david	david
1 Samuel 20:35	76	David	david	david
1 Samuel 20:39	52	David	david	david
1 Samuel 20:41	29	David	david	david
1 Samuel 20:41	182	David	david	david
1 Samuel 20:42	17	David	david	david
1 Samuel 21:1	5	David	david	david
1 Samuel 21:1	71	David	david	david
1 Samuel 21:2	0	David	david	david
1 Samuel 21:4	20	David	david	david
1 Samuel 21:5	0	David	david	david
1 Samuel 21:7	37	Saul	saul-king-of-israel	paul-of-tarsus
1 Samuel 21:7	162	Saul	saul-king-of-israel	paul-of-tarsus
1 Samuel 21:8	0	David	david	david
1 Samuel 21:9	229	David	david	david
1 Samuel 21:10	0	David	david	david
1 Samuel 21:10	43	Saul	saul-king-of-israel	paul-of-tarsus
1 Samuel 21:11	48	David	david	david
1 Samuel 21:11	138	Saul	saul-king-of-israel	paul-of-tarsus
1 Samuel 21:11	172	David	david	david
1 Samuel 21:12	0	David	david	david
1 Samuel 22:1	0	David	david	david
1 Samuel 22:3	0	David	david	david
1 Samuel 22:4	83	David	david	david
1 Samuel 22:5	24	David	david	david
1 Samuel 22:5	107	David	david	david
1 Samuel 22:6	0	Saul	saul-king-of-israel	paul-of-tarsus
1 Samuel 22:6	16	David	david	david
1 Samuel 22:6	74	Saul	saul-king-of-israel	paul-of-tarsus
1 Samuel 22:7	0	Saul	saul-king-of-israel	paul-of-tarsus
1 Samuel 22:7	91	Jesse	jesse	jesse
1 Samuel 22:8	126	Jesse	jesse	jesse
1 Samuel 22:9	52	Saul	saul-king-of-israel	paul-of-tarsus
1 Samuel 22:9	95	Jesse	jesse	jesse
1 Samuel 22:12	0	Saul	saul-king-of-israel	paul-of-tarsus
1 Samuel 22:13	0	Saul	saul-king-of-israel	paul-of-tarsus
1 Samuel 22:13	73	Jesse	jesse	jesse
1 Samuel 22:14	91	David	david	david
1 Samuel 22:17	119	David	david	david
1 Samuel 22:20	89	David	david	david
1 Samuel 22:21	14	David	david	david
1 Samuel 22:21	25	Saul	saul-king-of-israel	paul-of-tarsus
1 Samuel 22:22	0	David	david	david
1 Samuel 22:22	104	Saul	saul-king-of-israel	paul-of-tarsus
1 Samuel 23:1	0	David	david	david
1 Samuel 23:2	10	David	david	david
1 Samuel 23:2	102	David	david	david
1 Samuel 23:3	0	David	david	david
1 Samuel 23:4	5	David	david	david
1 Samuel 23:5	0	David	david	david
1 Samuel 23:5	144	David	david	david
1 Samuel 23:6	43	David	david	david
1 Samuel 23:7	0	Saul	saul-king-of-israel	paul-of-tarsus
1 Samuel 23:7	19	David	david	david
1 Samuel 23:7	45	Saul	saul-king-of-israel	paul-of-tarsus
1 Samuel 23:8	0	Saul	saul-king-of-israel	paul-of-tarsus
1 Samuel 23:8	70	David	david	david
1 Samuel 23:9	0	David	david	david
1 Samuel 23:9	16	Saul	saul-king-of-israel	paul-of-tarsus
1 Samuel 23:10	5	David	david	david
1 Samuel 23:10	82	Saul	saul-king-of-israel	paul-of-tarsus
1 Samuel 23:11	57	Saul	saul-king-of-israel	paul-of-tarsus
1 Samuel 23:12	5	David	david	david
1 Samuel 23:12	80	Saul	saul-king-of-israel	paul-of-tarsus
1 Samuel 23:13	5	David	david	david
1 Samuel 23:13	119	Saul	saul-king-of-israel	paul-of-tarsus
1 Samuel 23:13	138	David	david	david
1 Samuel 23:14	0	David	david	david
1 Samuel 23:14	111	Saul	saul-king-of-israel	paul-of-tarsus
1 Samuel 23:15	0	David	david	david
1 Samuel 23:15	15	Saul	saul-king-of-israel	paul-of-tarsus
1 Samuel 23:15	51	David	david	david
1 Samuel 23:16	10	Saul	saul-king-of-israel	paul-of-tarsus
1 Samuel 23:16	41	David	david	david
1 Samuel 23:17	50	Saul	saul-king-of-israel	paul-of-tarsus
1 Samuel 23:17	146	Saul	saul-king-of-israel	paul-of-tarsus
1 Samuel 23:18	46	David	david	david
1 Samuel 23:19	29	Saul	saul-king-of-israel	paul-of-tarsus
1 Samuel 23:19	62	David	david	david
1 Samuel 23:21	0	Saul	saul-king-of-israel	paul-of-tarsus
1 Samuel 23:24	36	Saul	saul-king-of-israel	paul-of-tarsus
1 Samuel 23:24	46	David	david	david
1 Samuel 23:25	0	Saul	saul-king-of-israel	paul-of-tarsus
1 Samuel 23:25	40	David	david	david
1 Samuel 23:25	125	Saul	saul-king-of-israel	paul-of-tarsus
1 Samuel 23:25	153	David	david	david
1 Samuel 23:26	0	Saul	saul-king-of-israel	paul-of-tarsus
1 Samuel 23:26	44	David	david	david
1 Samuel 23:26	96	David	david	david
1 Samuel 23:26	134	Saul	saul-king-of-israel	paul-of-tarsus
1 Samuel 23:26	144	Saul	saul-king-of-israel	paul-of-tarsus
1 Samuel 23:26	172	David	david	david
1 Samuel 23:27	24	Saul	saul-king-of-israel	paul-of-tarsus
1 Samuel 23:28	3	Saul	saul-king-of-israel	paul-of-tarsus
1 Samuel 23:28	31	David	david	david
1 Samuel 23:29	0	David	david	david
1 Samuel 24:1	5	Saul	saul-king-of-israel	paul-of-tarsus
1 Samuel 24:1	77	David	david	david
1 Samuel 24:2	5	Saul	saul-king-of-israel	paul-of-tarsus
1 Samuel 24:2	77	David	david	david
1 Samuel 24:3	66	Saul	saul-king-of-israel	paul-of-tarsus
1 Samuel 24:3	103	David	david	david
1 Samuel 24:4	0	David	david	david
1 Samuel 24:4	183	David	david	david
1 Samuel 24:4	221	Saul	saul-king-of-israel	paul-of-tarsus
1 Samuel 24:5	11	David	david	david
1 Samuel 24:5	60	Saul	saul-king-of-israel	paul-of-tarsus
1 Samuel 24:7	3	David	david	david
1 Samuel 24:7	81	Saul	saul-king-of-israel	paul-of-tarsus
1 Samuel 24:7	87	Saul	saul-king-of-israel	paul-of-tarsus
1 Samuel 24:8	0	David	david	david
1 Samuel 24:8	70	Saul	saul-king-of-israel	paul-of-tarsus
1 Samuel 24:8	109	Saul	saul-king-of-israel	paul-of-tarsus
1 Samuel 24:8	133	David	david	david
1 Samuel 24:9	0	David	david	david
1 Samuel 24:9	14	Saul	saul-king-of-israel	paul-of-tarsus
1 Samuel 24:9	72	David	david	david
1 Samuel 24:16	22	David	david	david
1 Samuel 24:16	65	Saul	saul-king-of-israel	paul-of-tarsus
1 Samuel 24:16	76	Saul	saul-king-of-israel	paul-of-tarsus
1 Samuel 24:16	115	David	david	david
1 Samuel 24:16	123	Saul	saul-king-of-israel	paul-of-tarsus
1 Samuel 24:17	11	David	david	david
1 Samuel 24:22	0	David	david	david
1 Samuel 24:22	15	Saul	saul-king-of-israel	paul-of-tarsus
1 Samuel 24:22	21	Saul	saul-king-of-israel	paul-of-tarsus
1 Samuel 24:22	41	David	david	david
1 Samuel 25:1	0	Samuel	samuel	samuel
1 Samuel 25:1	122	David	david	david
1 Samuel 25:3	191	Caleb	caleb	caleb
1 Samuel 25:4	0	David	david	david
1 Samuel 25:5	0	David	david	david
1 Samuel 25:5	30	David	david	david
1 Samuel 25:8	199	David	david	david
1 Samuel 25:9	5	David	david	david
1 Samuel 25:9	80	David	david	david
1 Samuel 25:10	15	David	david	david
1 Samuel 25:10	51	David	david	david
1 Samuel 25:10	76	Jesse	jesse	jesse
1 Samuel 25:12	3	David	david	david
1 Samuel 25:13	0	David	david	david
1 Samuel 25:13	81	David	david	david
1 Samuel 25:13	142	David	david	david
1 Samuel 25:14	70	David	david	david
1 Samuel 25:20	85	David	david	david
1 Samuel 25:21	4	David	david	david
1 Samuel 25:22	28	David	david	david
1 Samuel 25:23	17	David	david	david
1 Samuel 25:23	79	David	david	david
1 Samuel 25:32	0	David	david	david
1 Samuel 25:35	3	David	david	david
1 Samuel 25:39	5	David	david	david
1 Samuel 25:39	234	David	david	david
1 Samuel 25:40	5	David	david	david
1 Samuel 25:40	81	David	david	david
1 Samuel 25:42	130	David	david	david
1 Samuel 25:43	0	David	david	david
1 Samuel 25:44	4	Saul	saul-king-of-israel	paul-of-tarsus
1 Samuel 25:44	40	David	david	david
1 Samuel 26:1	21	Saul	saul-king-of-israel	paul-of-tarsus
1 Samuel 26:1	54	David	david	david
1 Samuel 26:2	5	Saul	saul-king-of-israel	paul-of-tarsus
1 Samuel 26:2	119	David	david	david
1 Samuel 26:3	0	Saul	saul-king-of-israel	paul-of-tarsus
1 Samuel 26:3	83	David	david	david
1 Samuel 26:3	131	Saul	saul-king-of-israel	paul-of-tarsus
1 Samuel 26:4	0	David	david	david
1 Samuel 26:4	52	Saul	saul-king-of-israel	paul-of-tarsus
1 Samuel 26:5	5	David	david	david
1 Samuel 26:5	46	Saul	saul-king-of-israel	paul-of-tarsus
1 Samuel 26:5	69	David	david	david
1 Samuel 26:5	95	Saul	saul-king-of-israel	paul-of-tarsus
1 Samuel 26:5	157	Saul	saul-king-of-israel	paul-of-tarsus
1 Samuel 26:6	5	David	david	david
1 Samuel 26:6	144	Saul	saul-king-of-israel	paul-of-tarsus
1 Samuel 26:7	3	David	david	david
1 Samuel 26:7	63	Saul	saul-king-of-israel	paul-of-tarsus
1 Samuel 26:8	21	David	david	david
1 Samuel 26:9	0	David	david	david
1 Samuel 26:10	0	David	david	david
1 Samuel 26:12	3	David	david	david
1 Samuel 26:12	50	Saul	saul-king-of-israel	paul-of-tarsus
1 Samuel 26:13	5	David	david	david
1 Samuel 26:14	4	David	david	david
1 Samuel 26:15	0	David	david	david
1 Samuel 26:17	0	Saul	saul-king-of-israel	paul-of-tarsus
1 Samuel 26:17	10	David	david	david
1 Samuel 26:17	63	David	david	david
1 Samuel 26:17	71	David	david	david
1 Samuel 26:21	5	Saul	saul-king-of-israel	paul-of-tarsus
1 Samuel 26:21	47	David	david	david
1 Samuel 26:22	0	David	david	david
1 Samuel 26:25	5	Saul	saul-king-of-israel	paul-of-tarsus
1 Samuel 26:25	18	David	david	david
1 Samuel 26:25	50	David	david	david
1 Samuel 26:25	113	David	david	david
1 Samuel 26:25	137	Saul	saul-king-of-israel	paul-of-tarsus
1 Samuel 27:1	0	David	david	david
1 Samuel 27:1	67	Saul	saul-king-of-israel	paul-of-tarsus
1 Samuel 27:1	168	Saul	saul-king-of-israel	paul-of-tarsus
1 Samuel 27:2	0	David	david	david
1 Samuel 27:3	0	David	david	david
1 Samuel 27:3	84	David	david	david
1 Samuel 27:4	0	Saul	saul-king-of-israel	paul-of-tarsus
1 Samuel 27:4	19	David	david	david
1 Samuel 27:5	0	David	david	david
1 Samuel 27:7	28	David	david	david
1 Samuel 27:8	0	David	david	david
1 Samuel 27:9	0	David	david	david
1 Samuel 27:10	56	David	david	david
1 Samuel 27:11	0	David	david	david
1 Samuel 27:11	114	David	david	david
1 Samuel 27:12	16	David	david	david
1 Samuel 28:1	112	David	david	david
1 Samuel 28:2	0	David	david	david
1 Samuel 28:2	89	David	david	david
1 Samuel 28:3	4	Samuel	samuel	samuel
1 Samuel 28:3	104	Saul	saul-king-of-israel	paul-of-tarsus
1 Samuel 28:4	83	Saul	saul-king-of-israel	paul-of-tarsus
1 Samuel 28:5	5	Saul	saul-king-of-israel	paul-of-tarsus
1 Samuel 28:6	5	Saul	saul-king-of-israel	paul-of-tarsus
1 Samuel 28:7	5	Saul	saul-king-of-israel	paul-of-tarsus
1 Samuel 28:8	0	Saul	saul-king-of-israel	paul-of-tarsus
1 Samuel 28:9	46	Saul	saul-king-of-israel	paul-of-tarsus
1 Samuel 28:10	0	Saul	saul-king-of-israel	paul-of-tarsus
1 Samuel 28:11	69	Samuel	samuel	samuel
1 Samuel 28:12	19	Samuel	samuel	samuel
1 Samuel 28:12	79	Saul	saul-king-of-israel	paul-of-tarsus
1 Samuel 28:12	132	Saul	saul-king-of-israel	paul-of-tarsus
1 Samuel 28:13	76	Saul	saul-king-of-israel	paul-of-tarsus
1 Samuel 28:14	102	Saul	saul-king-of-israel	paul-of-tarsus
1 Samuel 28:14	129	Samuel	samuel	samuel
1 Samuel 28:15	0	Samuel	samuel	samuel
1 Samuel 28:15	15	Saul	saul-king-of-israel	paul-of-tarsus
1 Samuel 28:15	66	Saul	saul-king-of-israel	paul-of-tarsus
1 Samuel 28:16	0	Samuel	samuel	samuel
1 Samuel 28:17	127	David	david	david
1 Samuel 28:20	5	Saul	saul-king-of-israel	paul-of-tarsus
1 Samuel 28:20	87	Samuel	samuel	samuel
1 Samuel 28:21	18	Saul	saul-king-of-israel	paul-of-tarsus
1 Samuel 28:25	22	Saul	saul-king-of-israel	paul-of-tarsus
1 Samuel 29:2	73	David	david	david
1 Samuel 29:3	129	David	david	david
1 Samuel 29:3	151	Saul	saul-king-of-israel	paul-of-tarsus
1 Samuel 29:5	11	David	david	david
1 Samuel 29:5	73	Saul	saul-king-of-israel	paul-of-tarsus
1 Samuel 29:5	107	David	david	david
1 Samuel 29:6	19	David	david	david
1 Samuel 29:8	0	David	david	david
1 Samuel 29:9	16	David	david	david
1 Samuel 29:11	3	David	david	david
1 Samuel 30:1	5	David	david	david
1 Samuel 30:3	5	David	david	david
1 Samuel 30:4	5	David	david	david
1 Samuel 30:5	0	David	david	david
1 Samuel 30:6	0	David	david	david
1 Samuel 30:6	167	David	david	david
1 Samuel 30:7	0	David	david	david
1 Samuel 30:7	124	David	david	david
1 Samuel 30:8	0	David	david	david
1 Samuel 30:9	3	David	david	david
1 Samuel 30:10	4	David	david	david
1 Samuel 30:11	56	David	david	david
1 Samuel 30:13	0	David	david	david
1 Samuel 30:14	104	Caleb	caleb	caleb
1 Samuel 30:15	0	David	david	david
1 Samuel 30:17	0	David	david	david
1 Samuel 30:18	0	David	david	david
1 Samuel 30:18	55	David	david	david
1 Samuel 30:19	147	David	david	david
1 Samuel 30:20	0	David	david	david
1 Samuel 30:20	107	David	david	david
1 Samuel 30:21	0	David	david	david
1 Samuel 30:21	80	David	david	david
1 Samuel 30:21	165	David	david	david
1 Samuel 30:21	219	David	david	david
1 Samuel 30:22	65	David	david	david
1 Samuel 30:23	5	David	david	david
1 Samuel 30:26	5	David	david	david
1 Samuel 30:31	57	David	david	david
1 Samuel 31:2	25	Saul	saul-king-of-israel	paul-of-tarsus
1 Samuel 31:2	122	Saul	saul-king-of-israel	paul-of-tarsus
1 Samuel 31:3	29	Saul	saul-king-of-israel	paul-of-tarsus
1 Samuel 31:4	5	Saul	saul-king-of-israel	paul-of-tarsus
1 Samuel 31:4	217	Saul	saul-king-of-israel	paul-of-tarsus
1 Samuel 31:5	31	Saul	saul-king-of-israel	paul-of-tarsus
1 Samuel 31:6	3	Saul	saul-king-of-israel	paul-of-tarsus
1 Samuel 31:7	145	Saul	saul-king-of-israel	paul-of-tarsus
1 Samuel 31:8	74	Saul	saul-king-of-israel	paul-of-tarsus
1 Samuel 31:11	77	Saul	saul-king-of-israel	paul-of-tarsus
1 Samuel 31:12	64	Saul	saul-king-of-israel	paul-of-tarsus
2 Samuel 1:1	19	Saul	saul-king-of-israel	paul-of-tarsus
2 Samuel 1:1	30	David	david	david
2 Samuel 1:1	91	David	david	david
2 Samuel 1:2	58	Saul	saul-king-of-israel	paul-of-tarsus
2 Samuel 1:2	126	David	david	david
2 Samuel 1:3	0	David	david	david
2 Samuel 1:4	0	David	david	david
2 Samuel 1:4	158	Saul	saul-king-of-israel	paul-of-tarsus
2 Samuel 1:5	0	David	david	david
2 Samuel 1:5	64	Saul	saul-king-of-israel	paul-of-tarsus
2 Samuel 1:6	83	Saul	saul-king-of-israel	paul-of-tarsus
2 Samuel 1:11	5	David	david	david
2 Samuel 1:12	50	Saul	saul-king-of-israel	paul-of-tarsus
2 Samuel 1:13	0	David	david	david
2 Samuel 1:14	0	David	david	david
2 Samuel 1:15	0	David	david	david
2 Samuel 1:16	0	David	david	david
2 Samuel 1:17	0	David	david	david
2 Samuel 1:17	42	Saul	saul-king-of-israel	paul-of-tarsus
2 Samuel 1:21	165	Saul	saul-king-of-israel	paul-of-tarsus
2 Samuel 1:22	90	Saul	saul-king-of-israel	paul-of-tarsus
2 Samuel 1:23	0	Saul	saul-king-of-israel	paul-of-tarsus
2 Samuel 1:24	35	Saul	saul-king-of-israel	paul-of-tarsus
2 Samuel 2:1	12	David	david	david
2 Samuel 2:1	124	David	david	david
2 Samuel 2:2	3	David	david	david
2 Samuel 2:3	0	David	david	david
2 Samuel 2:4	47	David	david	david
2 Samuel 2:4	93	David	david	david
2 Samuel 2:4	148	Saul	saul-king-of-israel	paul-of-tarsus
2 Samuel 2:5	0	David	david	david
2 Samuel 2:5	153	Saul	saul-king-of-israel	paul-of-tarsus
2 Samuel 2:7	60	Saul	saul-king-of-israel	paul-of-tarsus
2 Samuel 2:8	37	Saul	saul-king-of-israel	paul-of-tarsus
2 Samuel 2:8	82	Saul	saul-king-of-israel	paul-of-tarsus
2 Samuel 2:10	12	Saul	saul-king-of-israel	paul-of-tarsus
2 Samuel 2:10	138	David	david	david
2 Samuel 2:11	14	David	david	david
2 Samuel 2:12	64	Saul	saul-king-of-israel	paul-of-tarsus
2 Samuel 2:13	28	David	david	david
2 Samuel 2:15	91	Saul	saul-king-of-israel	paul-of-tarsus
2 Samuel 2:15	111	David	david	david
2 Samuel 2:17	89	David	david	david
2 Samuel 2:30	102	David	david	david
2 Samuel 2:31	4	David	david	david
2 Samuel 3:1	31	Saul	saul-king-of-israel	paul-of-tarsus
2 Samuel 3:1	48	David	david	david
2 Samuel 3:1	63	David	david	david
2 Samuel 3:1	101	Saul	saul-king-of-israel	paul-of-tarsus
2 Samuel 3:2	18	David	david	david
2 Samuel 3:5	34	David	david	david
2 Samuel 3:5	67	David	david	david
2 Samuel 3:6	28	Saul	saul-king-of-israel	paul-of-tarsus
2 Samuel 3:6	45	David	david	david
2 Samuel 3:6	89	Saul	saul-king-of-israel	paul-of-tarsus
2 Samuel 3:7	4	Saul	saul-king-of-israel	paul-of-tarsus
2 Samuel 3:8	129	Saul	saul-king-of-israel	paul-of-tarsus
2 Samuel 3:8	236	David	david	david
2 Samuel 3:9	62	David	david	david
2 Samuel 3:10	29	Saul	saul-king-of-israel	paul-of-tarsus
2 Samuel 3:10	57	David	david	david
2 Samuel 3:12	25	David	david	david
2 Samuel 3:13	144	Saul	saul-king-of-israel	paul-of-tarsus
2 Samuel 3:14	0	David	david	david
2 Samuel 3:14	37	Saul	saul-king-of-israel	paul-of-tarsus
2 Samuel 3:17	90	David	david	david
2 Samuel 3:18	41	David	david	david
2 Samuel 3:18	83	David	david	david
2 Samuel 3:19	86	David	david	david
2 Samuel 3:20	17	David	david	david
2 Samuel 3:20	59	David	david	david
2 Samuel 3:21	14	David	david	david
2 Samuel 3:21	188	David	david	david
2 Samuel 3:22	8	David	david	david
2 Samuel 3:22	117	David	david	david
2 Samuel 3:26	28	David	david	david
2 Samuel 3:26	121	David	david	david
2 Samuel 3:28	16	David	david	david
2 Samuel 3:31	0	David	david	david
2 Samuel 3:31	154	David	david	david
2 Samuel 3:35	28	David	david	david
2 Samuel 3:35	73	David	david	david
2 Samuel 4:1	5	Saul	saul-king-of-israel	paul-of-tarsus
2 Samuel 4:2	0	Saul	saul-king-of-israel	paul-of-tarsus
2 Samuel 4:4	14	Saul	saul-king-of-israel	paul-of-tarsus
2 Samuel 4:4	109	Saul	saul-king-of-israel	paul-of-tarsus
2 Samuel 4:8	39	David	david	david
2 Samuel 4:8	122	Saul	saul-king-of-israel	paul-of-tarsus
2 Samuel 4:8	207	Saul	saul-king-of-israel	paul-of-tarsus
2 Samuel 4:9	0	David	david	david
2 Samuel 4:10	31	Saul	saul-king-of-israel	paul-of-tarsus
2 Samuel 4:12	0	David	david	david
2 Samuel 5:1	38	David	david	david
2 Samuel 5:2	20	Saul	saul-king-of-israel	paul-of-tarsus
2 Samuel 5:3	65	David	david	david
2 Samuel 5:3	140	David	david	david
2 Samuel 5:4	0	David	david	david
2 Samuel 5:6	104	David	david	david
2 Samuel 5:6	182	David	david	david
2 Samuel 5:7	13	David	david	david
2 Samuel 5:7	56	David	david	david
2 Samuel 5:8	0	David	david	david
2 Samuel 5:8	141	David	david	david
2 Samuel 5:9	0	David	david	david
2 Samuel 5:9	45	David	david	david
2 Samuel 5:9	59	David	david	david
2 Samuel 5:10	0	David	david	david
2 Samuel 5:11	38	David	david	david
2 Samuel 5:11	102	David	david	david
2 Samuel 5:12	0	David	david	david
2 Samuel 5:13	0	David	david	david
2 Samuel 5:13	139	David	david	david
2 Samuel 5:14	81	Nathan	-	nathan-the-prophet
2 Samuel 5:14	89	Solomon	solomon	solomon
2 Samuel 5:17	50	David	david	david
2 Samuel 5:17	110	David	david	david
2 Samuel 5:17	121	David	david	david
2 Samuel 5:19	0	David	david	david
2 Samuel 5:19	126	David	david	david
2 Samuel 5:20	0	David	david	david
2 Samuel 5:20	32	David	david	david
2 Samuel 5:21	34	David	david	david
2 Samuel 5:23	5	David	david	david
2 Samuel 5:25	0	David	david	david
2 Samuel 6:1	0	David	david	david
2 Samuel 6:2	0	David	david	david
2 Samuel 6:5	0	David	david	david
2 Samuel 6:8	0	David	david	david
2 Samuel 6:8	92	Perez	perez	perez
2 Samuel 6:9	0	David	david	david
2 Samuel 6:10	3	David	david	david
2 Samuel 6:10	55	David	david	david
2 Samuel 6:10	73	David	david	david
2 Samuel 6:10	101	Obed	obed	obed
2 Samuel 6:11	25	Obed	obed	obed
2 Samuel 6:11	88	Obed	obed	obed
2 Samuel 6:12	5	David	david	david
2 Samuel 6:12	54	Obed	obed	obed
2 Samuel 6:12	120	David	david	david
2 Samuel 6:12	174	Obed	obed	obed
2 Samuel 6:12	189	David	david	david
2 Samuel 6:14	0	David	david	david
2 Samuel 6:14	51	David	david	david
2 Samuel 6:15	3	David	david	david
2 Samuel 6:16	26	David	david	david
2 Samuel 6:16	63	Saul	saul-king-of-israel	paul-of-tarsus
2 Samuel 6:16	112	David	david	david
2 Samuel 6:17	86	David	david	david
2 Samuel 6:17	116	David	david	david
2 Samuel 6:18	5	David	david	david
2 Samuel 6:20	5	David	david	david
2 Samuel 6:20	67	Saul	saul-king-of-israel	paul-of-tarsus
2 Samuel 6:20	89	David	david	david
2 Samuel 6:21	0	David	david	david
2 Samuel 6:23	23	Saul	saul-king-of-israel	paul-of-tarsus
2 Samuel 7:2	17	Nathan	nathan-the-prophet	nathan-the-prophet
2 Samuel 7:3	0	Nathan	nathan-the-prophet	nathan-the-prophet
2 Samuel 7:4	39	Nathan	nathan-the-prophet	nathan-the-prophet
2 Samuel 7:5	24	David	david	david
2 Samuel 7:8	30	David	david	david
2 Samuel 7:15	67	Saul	saul-king-of-israel	paul-of-tarsus
2 Samuel 7:17	0	Nathan	nathan-the-prophet	nathan-the-prophet
2 Samuel 7:17	16	David	david	david
2 Samuel 7:18	5	David	david	david
2 Samuel 7:20	14	David	david	david
2 Samuel 7:26	112	David	david	david
2 Samuel 8:1	12	David	david	david
2 Samuel 8:1	63	David	david	david
2 Samuel 8:2	196	David	david	david
2 Samuel 8:3	0	David	david	david
2 Samuel 8:4	0	David	david	david
2 Samuel 8:4	85	David	david	david
2 Samuel 8:5	67	David	david	david
2 Samuel 8:6	5	David	david	david
2 Samuel 8:6	82	David	david	david
2 Samuel 8:6	133	David	david	david
2 Samuel 8:7	0	David	david	david
2 Samuel 8:8	56	David	david	david
2 Samuel 8:9	35	David	david	david
2 Samuel 8:10	14	Joram	joram-king-of-judah	joram-king-of-judah
2 Samuel 8:10	36	David	david	david
2 Samuel 8:10	164	Joram	joram-king-of-judah	joram-king-of-judah
2 Samuel 8:11	5	David	david	david
2 Samuel 8:13	0	David	david	david
2 Samuel 8:14	104	David	david	david
2 Samuel 8:14	134	David	david	david
2 Samuel 8:15	0	David	david	david
2 Samuel 8:15	35	David	david	david
2 Samuel 8:16	43	Jehoshaphat	jehoshaphat	jehoshaphat
2 Samuel 8:17	0	Zadok	-	zadok-in-jesus-genealogy
2 Samuel 8:18	73	David	david	david
2 Samuel 9:1	0	David	david	david
2 Samuel 9:1	45	Saul	saul-king-of-israel	paul-of-tarsus
2 Samuel 9:2	13	Saul	saul-king-of-israel	paul-of-tarsus
2 Samuel 9:2	80	David	david	david
2 Samuel 9:3	40	Saul	saul-king-of-israel	paul-of-tarsus
2 Samuel 9:5	10	David	david	david
2 Samuel 9:6	46	Saul	saul-king-of-israel	paul-of-tarsus
2 Samuel 9:6	60	David	david	david
2 Samuel 9:6	109	David	david	david
2 Samuel 9:7	0	David	david	david
2 Samuel 9:7	153	Saul	saul-king-of-israel	paul-of-tarsus
2 Samuel 9:9	30	Saul	saul-king-of-israel	paul-of-tarsus
2 Samuel 9:9	85	Saul	saul-king-of-israel	paul-of-tarsus
2 Samuel 10:2	0	David	david	david
2 Samuel 10:2	103	David	david	david
2 Samuel 10:2	168	David	david	david
2 Samuel 10:3	86	David	david	david
2 Samuel 10:3	158	David	david	david
2 Samuel 10:4	14	David	david	david
2 Samuel 10:5	15	David	david	david
2 Samuel 10:6	62	David	david	david
2 Samuel 10:7	5	David	david	david
2 Samuel 10:17	0	David	david	david
2 Samuel 10:17	145	David	david	david
2 Samuel 10:18	36	David	david	david
2 Samuel 11:1	58	David	david	david
2 Samuel 11:1	185	David	david	david
2 Samuel 11:2	12	David	david	david
2 Samuel 11:3	0	David	david	david
2 Samuel 11:3	63	Bathsheba	bathsheba	bathsheba
2 Samuel 11:3	97	Uriah the Hittite	uriah-the-hittite	uriah-the-hittite
2 Samuel 11:4	0	David	david	david
2 Samuel 11:5	43	David	david	david
2 Samuel 11:6	0	David	david	david
2 Samuel 11:6	29	Uriah the Hittite	uriah-the-hittite	uriah-the-hittite
2 Samuel 11:6	68	David	david	david
2 Samuel 11:7	28	David	david	david
2 Samuel 11:8	0	David	david	david
2 Samuel 11:10	19	David	david	david
2 Samuel 11:10	71	David	david	david
2 Samuel 11:11	14	David	david	david
2 Samuel 11:12	0	David	david	david
2 Samuel 11:13	5	David	david	david
2 Samuel 11:14	16	David	david	david
2 Samuel 11:17	85	David	david	david
2 Samuel 11:17	107	Uriah the Hittite	uriah-the-hittite	uriah-the-hittite
2 Samuel 11:18	24	David	david	david
2 Samuel 11:21	202	Uriah the Hittite	uriah-the-hittite	uriah-the-hittite
2 Samuel 11:22	43	David	david	david
2 Samuel 11:23	22	David	david	david
2 Samuel 11:24	113	Uriah the Hittite	uriah-the-hittite	uriah-the-hittite
2 Samuel 11:25	5	David	david	david
2 Samuel 11:27	28	David	david	david
2 Samuel 11:27	135	David	david	david
2 Samuel 12:1	12	Nathan	nathan-the-prophet	nathan-the-prophet
2 Samuel 12:1	22	David	david	david
2 Samuel 12:5	0	David	david	david
2 Samuel 12:5	57	Nathan	nathan-the-prophet	nathan-the-prophet
2 Samuel 12:7	0	Nathan	nathan-the-prophet	nathan-the-prophet
2 Samuel 12:7	15	David	david	david
2 Samuel 12:7	159	Saul	saul-king-of-israel	paul-of-tarsus
2 Samuel 12:9	92	Uriah the Hittite	uriah-the-hittite	uriah-the-hittite
2 Samuel 12:10	104	Uriah the Hittite	uriah-the-hittite	uriah-the-hittite
2 Samuel 12:13	0	David	david	david
2 Samuel 12:13	14	Nathan	nathan-the-prophet	nathan-the-prophet
2 Samuel 12:13	54	Nathan	nathan-the-prophet	nathan-the-prophet
2 Samuel 12:13	69	David	david	david
2 Samuel 12:15	0	Nathan	nathan-the-prophet	nathan-the-prophet
2 Samuel 12:15	80	David	david	david
2 Samuel 12:16	0	David	david	david
2 Samuel 12:16	46	David	david	david
2 Samuel 12:18	36	David	david	david
2 Samuel 12:19	9	David	david	david
2 Samuel 12:19	63	David	david	david
2 Samuel 12:19	108	David	david	david
2 Samuel 12:20	5	David	david	david
2 Samuel 12:24	0	David	david	david
2 Samuel 12:24	16	Bathsheba	bathsheba	bathsheba
2 Samuel 12:24	113	Solomon	solomon	solomon
2 Samuel 12:25	27	Nathan	nathan-the-prophet	nathan-the-prophet
2 Samuel 12:27	24	David	david	david
2 Samuel 12:29	0	David	david	david
2 Samuel 12:30	138	David	david	david
2 Samuel 12:31	211	David	david	david
2 Samuel 13:1	31	David	david	david
2 Samuel 13:1	104	David	david	david
2 Samuel 13:3	68	David	david	david
2 Samuel 13:7	5	David	david	david
2 Samuel 13:21	14	David	david	david
2 Samuel 13:28	41	Mark	john-mark	john-mark
2 Samuel 13:30	45	David	david	david
2 Samuel 13:32	29	David	david	david
2 Samuel 13:37	73	David	david	david
2 Samuel 13:39	5	David	david	david
2 Samuel 15:12	42	David	david	david
2 Samuel 15:12	50	counselor	holy-spirit	holy-spirit
2 Samuel 15:13	20	David	david	david
2 Samuel 15:14	0	David	david	david
2 Samuel 15:22	0	David	david	david
2 Samuel 15:24	8	Zadok	-	zadok-in-jesus-genealogy
2 Samuel 15:25	17	Zadok	-	zadok-in-jesus-genealogy
2 Samuel 15:27	22	Zadok	-	zadok-in-jesus-genealogy
2 Samuel 15:29	0	Zadok	-	zadok-in-jesus-genealogy
2 Samuel 15:30	0	David	david	david
2 Samuel 15:31	13	David	david	david
2 Samuel 15:31	81	David	david	david
2 Samuel 15:32	5	David	david	david
2 Samuel 15:33	0	David	david	david
2 Samuel 15:35	15	Zadok	-	zadok-in-jesus-genealogy
2 Samuel 15:35	126	Zadok	-	zadok-in-jesus-genealogy
2 Samuel 15:36	59	Zadok	-	zadok-in-jesus-genealogy
2 Samuel 15:37	11	David	david	david
2 Samuel 16:1	5	David	david	david
2 Samuel 16:5	10	David	david	david
2 Samuel 16:5	64	Saul	saul-king-of-israel	paul-of-tarsus
2 Samuel 16:6	18	David	david	david
2 Samuel 16:6	57	David	david	david
2 Samuel 16:8	44	Saul	saul-king-of-israel	paul-of-tarsus
2 Samuel 16:10	127	David	david	david
2 Samuel 16:11	0	David	david	david
2 Samuel 16:13	3	David	david	david
2 Samuel 16:16	25	David	david	david
2 Samuel 16:23	159	David	david	david
2 Samuel 17:1	111	David	david	david
2 Samuel 17:15	20	Zadok	-	zadok-in-jesus-genealogy
2 Samuel 17:16	37	David	david	david
2 Samuel 17:17	126	David	david	david
2 Samuel 17:21	78	David	david	david
2 Samuel 17:21	102	David	david	david
2 Samuel 17:22	5	David	david	david
2 Samuel 17:24	5	David	david	david
2 Samuel 17:27	5	David	david	david
2 Samuel 17:29	50	David	david	david
2 Samuel 18:1	0	David	david	david
2 Samuel 18:2	0	David	david	david
2 Samuel 18:7	46	David	david	david
2 Samuel 18:9	25	David	david	david
2 Samuel 18:19	24	Zadok	-	zadok-in-jesus-genealogy
2 Samuel 18:22	24	Zadok	-	zadok-in-jesus-genealogy
2 Samuel 18:24	4	David	david	david
2 Samuel 18:27	99	Zadok	-	zadok-in-jesus-genealogy
2 Samuel 19:11	5	David	david	david
2 Samuel 19:11	19	Zadok	-	zadok-in-jesus-genealogy
2 Samuel 19:16	116	David	david	david
2 Samuel 19:17	72	Saul	saul-king-of-israel	paul-of-tarsus
2 Samuel 19:20	112	Joseph	joseph-son-of-jacob	joseph-son-of-jacob
2 Samuel 19:22	0	David	david	david
2 Samuel 19:24	24	Saul	saul-king-of-israel	paul-of-tarsus
2 Samuel 19:41	193	David	david	david
2 Samuel 19:43	118	David	david	david
2 Samuel 20:1	154	David	david	david
2 Samuel 20:1	203	Jesse	jesse	jesse
2 Samuel 20:2	48	David	david	david
2 Samuel 20:3	0	David	david	david
2 Samuel 20:6	0	David	david	david
2 Samuel 20:11	87	David	david	david
2 Samuel 20:14	44	Abel	abel	abel
2 Samuel 20:15	30	Abel	abel	abel
2 Samuel 20:18	90	Abel	abel	abel
2 Samuel 20:21	151	David	david	david
2 Samuel 20:24	49	Jehoshaphat	jehoshaphat	jehoshaphat
2 Samuel 20:25	22	Zadok	-	zadok-in-jesus-genealogy
2 Samuel 20:26	42	David	david	david
2 Samuel 21:1	34	David	david	david
2 Samuel 21:1	78	David	david	david
2 Samuel 21:1	135	Saul	saul-king-of-israel	paul-of-tarsus
2 Samuel 21:2	191	Saul	saul-king-of-israel	paul-of-tarsus
2 Samuel 21:3	4	David	david	david
2 Samuel 21:4	78	Saul	saul-king-of-israel	paul-of-tarsus
2 Samuel 21:7	65	Saul	saul-king-of-israel	paul-of-tarsus
2 Samuel 21:7	127	David	david	david
2 Samuel 21:7	157	Saul	saul-king-of-israel	paul-of-tarsus
2 Samuel 21:8	80	Saul	saul-king-of-israel	paul-of-tarsus
2 Samuel 21:8	155	Saul	saul-king-of-israel	paul-of-tarsus
2 Samuel 21:11	0	David	david	david
2 Samuel 21:11	66	Saul	saul-king-of-israel	paul-of-tarsus
2 Samuel 21:12	3	David	david	david
2 Samuel 21:12	36	Saul	saul-king-of-israel	paul-of-tarsus
2 Samuel 21:12	234	Saul	saul-king-of-israel	paul-of-tarsus
2 Samuel 21:13	42	Saul	saul-king-of-israel	paul-of-tarsus
2 Samuel 21:14	25	Saul	saul-king-of-israel	paul-of-tarsus
2 Samuel 21:15	47	David	david	david
2 Samuel 21:15	127	David	david	david
2 Samuel 21:16	177	David	david	david
2 Samuel 21:17	102	David	david	david
2 Samuel 21:21	51	David	david	david
2 Samuel 21:22	72	David	david	david
2 Samuel 22:1	0	David	david	david
2 Samuel 22:1	141	Saul	saul-king-of-israel	paul-of-tarsus
2 Samuel 22:51	86	David	david	david
2 Samuel 23:1	32	David	david	david
2 Samuel 23:1	39	David	david	david
2 Samuel 23:1	56	Jesse	jesse	jesse
2 Samuel 23:1	132	Jacob	jacob	jacob
2 Samuel 23:8	43	David	david	david
2 Samuel 23:9	14	Eleazar	-	eleazar-in-jesus-genealogy
2 Samuel 23:9	95	David	david	david
2 Samuel 23:13	53	David	david	david
2 Samuel 23:14	0	David	david	david
2 Samuel 23:15	0	David	david	david
2 Samuel 23:16	160	David	david	david
2 Samuel 23:23	74	David	david	david
2 Samuel 23:36	16	Nathan	-	nathan-the-prophet
2 Samuel 23:39	4	Uriah the Hittite	uriah-the-hittite	uriah-the-hittite
2 Samuel 24:1	57	David	david	david
2 Samuel 24:10	0	David	david	david
2 Samuel 24:10	58	David	david	david
2 Samuel 24:11	5	David	david	david
2 Samuel 24:11	74	David	david	david
2 Samuel 24:12	17	David	david	david
2 Samuel 24:13	15	David	david	david
2 Samuel 24:14	0	David	david	david
2 Samuel 24:17	0	David	david	david
2 Samuel 24:18	21	David	david	david
2 Samuel 24:19	0	David	david	david
2 Samuel 24:21	62	David	david	david
2 Samuel 24:22	16	David	david	david
2 Samuel 24:24	163	David	david	david
2 Samuel 24:25	0	David	david	david
1 Kings 1:1	9	David	david	david
1 Kings 1:8	4	Zadok	-	zadok-in-jesus-genealogy
1 Kings 1:8	51	Nathan	nathan-the-prophet	nathan-the-prophet
1 Kings 1:8	119	David	david	david
1 Kings 1:10	19	Nathan	nathan-the-prophet	nathan-the-prophet
1 Kings 1:10	76	Solomon	solomon	solomon
1 Kings 1:11	5	Nathan	nathan-the-prophet	nathan-the-prophet
1 Kings 1:11	21	Bathsheba	bathsheba	bathsheba
1 Kings 1:11	45	Solomon	solomon	solomon
1 Kings 1:11	126	David	david	david
1 Kings 1:12	98	Solomon	solomon	solomon
1 Kings 1:13	14	David	david	david
1 Kings 1:13	105	Solomon	solomon	solomon
1 Kings 1:15	0	Bathsheba	bathsheba	bathsheba
1 Kings 1:16	0	Bathsheba	bathsheba	bathsheba
1 Kings 1:17	84	Solomon	solomon	solomon
1 Kings 1:19	174	Solomon	solomon	solomon
1 Kings 1:21	91	Solomon	solomon	solomon
1 Kings 1:22	51	Nathan	nathan-the-prophet	nathan-the-prophet
1 Kings 1:23	37	Nathan	nathan-the-prophet	nathan-the-prophet
1 Kings 1:24	0	Nathan	nathan-the-prophet	nathan-the-prophet
1 Kings 1:26	47	Zadok	-	zadok-in-jesus-genealogy
1 Kings 1:26	111	Solomon	solomon	solomon
1 Kings 1:28	10	David	david	david
1 Kings 1:28	32	Bathsheba	bathsheba	bathsheba
1 Kings 1:30	82	Solomon	solomon	solomon
1 Kings 1:31	5	Bathsheba	bathsheba	bathsheba
1 Kings 1:31	109	David	david	david
1 Kings 1:32	5	David	david	david
1 Kings 1:32	29	Zadok	-	zadok-in-jesus-genealogy
1 Kings 1:32	47	Nathan	nathan-the-prophet	nathan-the-prophet
1 Kings 1:33	75	Solomon	solomon	solomon
1 Kings 1:34	4	Zadok	-	zadok-in-jesus-genealogy
1 Kings 1:34	25	Nathan	nathan-the-prophet	nathan-the-prophet
1 Kings 1:34	122	Solomon	solomon	solomon
1 Kings 1:37	65	Solomon	solomon	solomon
1 Kings 1:37	134	David	david	david
1 Kings 1:38	3	Zadok	-	zadok-in-jesus-genealogy
1 Kings 1:38	21	Nathan	nathan-the-prophet	nathan-the-prophet
1 Kings 1:38	127	Solomon	solomon	solomon
1 Kings 1:38	148	David	david	david
1 Kings 1:39	0	Zadok	-	zadok-in-jesus-genealogy
1 Kings 1:39	66	Solomon	solomon	solomon
1 Kings 1:39	139	Solomon	solomon	solomon
1 Kings 1:43	58	David	david	david
1 Kings 1:43	73	Solomon	solomon	solomon
1 Kings 1:44	27	Zadok	-	zadok-in-jesus-genealogy
1 Kings 1:44	45	Nathan	nathan-the-prophet	nathan-the-prophet
1 Kings 1:45	0	Zadok	-	zadok-in-jesus-genealogy
1 Kings 1:45	21	Nathan	nathan-the-prophet	nathan-the-prophet
1 Kings 1:46	6	Solomon	solomon	solomon
1 Kings 1:47	57	David	david	david
1 Kings 1:47	103	Solomon	solomon	solomon
1 Kings 1:50	31	Solomon	solomon	solomon
1 Kings 1:51	0	Solomon	solomon	solomon
1 Kings 1:51	47	Solomon	solomon	solomon
1 Kings 1:51	130	Solomon	solomon	solomon
1 Kings 1:52	0	Solomon	solomon	solomon
1 Kings 1:53	8	Solomon	solomon	solomon
1 Kings 1:53	95	Solomon	solomon	solomon
1 Kings 1:53	108	Solomon	solomon	solomon
1 Kings 2:1	16	David	david	david
1 Kings 2:1	69	Solomon	solomon	solomon
1 Kings 2:10	0	David	david	david
1 Kings 2:10	48	David	david	david
1 Kings 2:11	14	David	david	david
1 Kings 2:12	0	Solomon	solomon	solomon
1 Kings 2:12	15	David	david	david
1 Kings 2:13	41	Bathsheba	bathsheba	bathsheba
1 Kings 2:13	65	Solomon	solomon	solomon
1 Kings 2:17	26	Solomon	solomon	solomon
1 Kings 2:18	0	Bathsheba	bathsheba	bathsheba
1 Kings 2:19	0	Bathsheba	bathsheba	bathsheba
1 Kings 2:19	33	Solomon	solomon	solomon
1 Kings 2:22	5	Solomon	solomon	solomon
1 Kings 2:23	10	Solomon	solomon	solomon
1 Kings 2:24	79	David	david	david
1 Kings 2:25	5	Solomon	solomon	solomon
1 Kings 2:26	196	David	david	david
1 Kings 2:27	3	Solomon	solomon	solomon
1 Kings 2:29	5	Solomon	solomon	solomon
1 Kings 2:29	94	Solomon	solomon	solomon
1 Kings 2:32	154	David	david	david
1 Kings 2:33	98	David	david	david
1 Kings 2:35	86	Zadok	-	zadok-in-jesus-genealogy
1 Kings 2:41	0	Solomon	solomon	solomon
1 Kings 2:44	93	David	david	david
1 Kings 2:45	9	Solomon	solomon	solomon
1 Kings 2:45	38	David	david	david
1 Kings 2:46	145	Solomon	solomon	solomon
1 Kings 3:1	0	Solomon	solomon	solomon
1 Kings 3:1	103	David	david	david
1 Kings 3:3	0	Solomon	solomon	solomon
1 Kings 3:3	49	David	david	david
1 Kings 3:4	79	Solomon	solomon	solomon
1 Kings 3:5	30	Solomon	solomon	solomon
1 Kings 3:6	0	Solomon	solomon	solomon
1 Kings 3:6	46	David	david	david
1 Kings 3:7	63	David	david	david
1 Kings 3:10	36	Solomon	solomon	solomon
1 Kings 3:14	85	David	david	david
1 Kings 3:15	0	Solomon	solomon	solomon
1 Kings 4:1	5	Solomon	solomon	solomon
1 Kings 4:2	36	Azariah	-	uzziah
1 Kings 4:2	55	Zadok	-	zadok-in-jesus-genealogy
1 Kings 4:3	51	Jehoshaphat	jehoshaphat	jehoshaphat
1 Kings 4:4	47	Zadok	-	zadok-in-jesus-genealogy
1 Kings 4:5	0	Azariah	-	uzziah
1 Kings 4:5	19	Nathan	-	nathan-the-prophet
1 Kings 4:5	66	Nathan	-	nathan-the-prophet
1 Kings 4:7	0	Solomon	solomon	solomon
1 Kings 4:11	56	Solomon	solomon	solomon
1 Kings 4:12	130	Abel	abel	abel
1 Kings 4:13	58	Manasseh	-	manasseh-king-of-judah
1 Kings 4:15	60	Solomon	solomon	solomon
1 Kings 4:17	0	Jehoshaphat	jehoshaphat	jehoshaphat
1 Kings 4:21	0	Solomon	solomon	solomon
1 Kings 4:21	143	Solomon	solomon	solomon
1 Kings 4:22	0	Solomon	solomon	solomon
1 Kings 4:25	124	Solomon	solomon	solomon
1 Kings 4:26	0	Solomon	solomon	solomon
1 Kings 4:27	38	Solomon	solomon	solomon
1 Kings 4:27	76	Solomon	solomon	solomon
1 Kings 4:29	9	Solomon	solomon	solomon
1 Kings 4:30	0	Solomon	solomon	solomon
1 Kings 4:34	49	Solomon	solomon	solomon
1 Kings 5:1	40	Solomon	solomon	solomon
1 Kings 5:1	153	David	david	david
1 Kings 5:2	0	Solomon	solomon	solomon
1 Kings 5:3	15	David	david	david
1 Kings 5:5	84	David	david	david
1 Kings 5:7	30	Solomon	solomon	solomon
1 Kings 5:7	113	David	david	david
1 Kings 5:8	14	Solomon	solomon	solomon
1 Kings 5:10	14	Solomon	solomon	solomon
1 Kings 5:11	0	Solomon	solomon	solomon
1 Kings 5:11	105	Solomon	solomon	solomon
1 Kings 5:12	12	Solomon	solomon	solomon
1 Kings 5:12	82	Solomon	solomon	solomon
1 Kings 5:13	5	Solomon	solomon	solomon
1 Kings 5:15	0	Solomon	solomon	solomon
1 Kings 5:16	8	Solomon	solomon	solomon
1 Kings 5:18	0	Solomon	solomon	solomon
1 Kings 6:1	125	Solomon	solomon	solomon
1 Kings 6:2	21	Solomon	solomon	solomon
1 Kings 6:11	22	Solomon	solomon	solomon
1 Kings 6:12	210	David	david	david
1 Kings 6:14	3	Solomon	solomon	solomon
1 Kings 6:21	3	Solomon	solomon	solomon
1 Kings 7:1	0	Solomon	solomon	solomon
1 Kings 7:8	139	Solomon	solomon	solomon
1 Kings 7:13	5	Solomon	solomon	solomon
1 Kings 7:14	208	Solomon	solomon	solomon
1 Kings 7:21	157	Boaz	-	boaz
1 Kings 7:40	113	Solomon	solomon	solomon
1 Kings 7:45	89	Solomon	solomon	solomon
1 Kings 7:47	0	Solomon	solomon	solomon
1 Kings 7:48	0	Solomon	solomon	solomon
1 Kings 7:51	28	Solomon	solomon	solomon
1 Kings 7:51	72	Solomon	solomon	solomon
1 Kings 7:51	108	David	david	david
1 Kings 8:1	5	Solomon	solomon	solomon
1 Kings 8:1	153	Solomon	solomon	solomon
1 Kings 8:1	223	David	david	david
1 Kings 8:2	51	Solomon	solomon	solomon
1 Kings 8:5	5	Solomon	solomon	solomon
1 Kings 8:9	64	Moses	moses	moses
1 Kings 8:12	5	Solomon	solomon	solomon
1 Kings 8:15	76	David	david	david
1 Kings 8:16	168	David	david	david
1 Kings 8:17	28	David	david	david
1 Kings 8:18	19	David	david	david
1 Kings 8:20	83	David	david	david
1 Kings 8:22	0	Solomon	solomon	solomon
1 Kings 8:24	31	David	david	david
1 Kings 8:25	69	David	david	david
1 Kings 8:26	97	David	david	david
1 Kings 8:53	104	Moses	moses	moses
1 Kings 8:54	21	Solomon	solomon	solomon
1 Kings 8:56	172	Moses	moses	moses
1 Kings 8:63	0	Solomon	solomon	solomon
1 Kings 8:65	3	Solomon	solomon	solomon
1 Kings 8:66	172	David	david	david
1 Kings 9:1	5	Solomon	solomon	solomon
1 Kings 9:1	84	Solomon	solomon	solomon
1 Kings 9:2	19	Solomon	solomon	solomon
1 Kings 9:4	43	David	david	david
1 Kings 9:5	87	David	david	david
1 Kings 9:10	37	Solomon	solomon	solomon
1 Kings 9:11	42	Solomon	solomon	solomon
1 Kings 9:11	136	Solomon	solomon	solomon
1 Kings 9:12	47	Solomon	solomon	solomon
1 Kings 9:15	42	Solomon	solomon	solomon
1 Kings 9:16	163	Solomon	solomon	solomon
1 Kings 9:17	0	Solomon	solomon	solomon
1 Kings 9:19	28	Solomon	solomon	solomon
1 Kings 9:19	114	Solomon	solomon	solomon
1 Kings 9:21	123	Solomon	solomon	solomon
1 Kings 9:22	30	Solomon	solomon	solomon
1 Kings 9:23	63	Solomon	solomon	solomon
1 Kings 9:24	38	David	david	david
1 Kings 9:24	70	Solomon	solomon	solomon
1 Kings 9:25	0	Solomon	solomon	solomon
1 Kings 9:26	5	Solomon	solomon	solomon
1 Kings 9:27	97	Solomon	solomon	solomon
1 Kings 9:28	105	Solomon	solomon	solomon
1 Kings 10:1	45	Solomon	solomon	solomon
1 Kings 10:2	141	Solomon	solomon	solomon
1 Kings 10:3	0	Solomon	solomon	solomon
1 Kings 10:4	51	Solomon	solomon	solomon
1 Kings 10:10	209	Solomon	solomon	solomon
1 Kings 10:13	5	Solomon	solomon	solomon
1 Kings 10:13	95	Solomon	solomon	solomon
1 Kings 10:14	36	Solomon	solomon	solomon
1 Kings 10:16	5	Solomon	solomon	solomon
1 Kings 10:21	9	Solomon	solomon	solomon
1 Kings 10:21	205	Solomon	solomon	solomon
1 Kings 10:23	8	Solomon	solomon	solomon
1 Kings 10:24	37	Solomon	solomon	solomon
1 Kings 10:26	0	Solomon	solomon	solomon
1 Kings 10:28	17	Solomon	solomon	solomon
1 Kings 11:1	9	Solomon	solomon	solomon
1 Kings 11:2	197	Solomon	solomon	solomon
1 Kings 11:4	5	Solomon	solomon	solomon
1 Kings 11:4	139	David	david	david
1 Kings 11:5	4	Solomon	solomon	solomon
1 Kings 11:6	0	Solomon	solomon	solomon
1 Kings 11:6	88	David	david	david
1 Kings 11:7	5	Solomon	solomon	solomon
1 Kings 11:9	22	Solomon	solomon	solomon
1 Kings 11:11	25	Solomon	solomon	solomon
1 Kings 11:12	49	David	david	david
1 Kings 11:13	89	David	david	david
1 Kings 11:14	33	Solomon	solomon	solomon
1 Kings 11:15	9	David	david	david
1 Kings 11:21	31	David	david	david
1 Kings 11:24	66	David	david	david
1 Kings 11:25	46	Solomon	solomon	solomon
1 Kings 11:26	66	Solomon	solomon	solomon
1 Kings 11:27	64	Solomon	solomon	solomon
1 Kings 11:27	123	David	david	david
1 Kings 11:28	48	Solomon	solomon	solomon
1 Kings 11:28	157	Joseph	joseph-son-of-jacob	joseph-son-of-jacob
1 Kings 11:31	128	Solomon	solomon	solomon
1 Kings 11:32	45	David	david	david
1 Kings 11:33	282	David	david	david
1 Kings 11:34	118	David	david	david
1 Kings 11:36	39	David	david	david
1 Kings 11:38	168	David	david	david
1 Kings 11:38	263	David	david	david
1 Kings 11:39	32	David	david	david
1 Kings 11:40	10	Solomon	solomon	solomon
1 Kings 11:40	146	Solomon	solomon	solomon
1 Kings 11:41	28	Solomon	solomon	solomon
1 Kings 11:41	121	Solomon	solomon	solomon
1 Kings 11:42	14	Solomon	solomon	solomon
1 Kings 11:43	0	Solomon	solomon	solomon
1 Kings 11:43	61	David	david	david
1 Kings 11:43	79	Rehoboam	rehoboam	rehoboam
1 Kings 12:1	0	Rehoboam	rehoboam	rehoboam
1 Kings 12:2	113	Solomon	solomon	solomon
1 Kings 12:3	90	Rehoboam	rehoboam	rehoboam
1 Kings 12:6	5	Rehoboam	rehoboam	rehoboam
1 Kings 12:6	66	Solomon	solomon	solomon
1 Kings 12:12	39	Rehoboam	rehoboam	rehoboam
1 Kings 12:16	120	David	david	david
1 Kings 12:16	170	Jesse	jesse	jesse
1 Kings 12:16	227	David	david	david
1 Kings 12:17	68	Rehoboam	rehoboam	rehoboam
1 Kings 12:18	10	Rehoboam	rehoboam	rehoboam
1 Kings 12:18	131	Rehoboam	rehoboam	rehoboam
1 Kings 12:19	27	David	david	david
1 Kings 12:20	161	David	david	david
1 Kings 12:21	5	Rehoboam	rehoboam	rehoboam
1 Kings 12:21	229	Rehoboam	rehoboam	rehoboam
1 Kings 12:21	249	Solomon	solomon	solomon
1 Kings 12:23	10	Rehoboam	rehoboam	rehoboam
1 Kings 12:23	30	Solomon	solomon	solomon
1 Kings 12:26	60	David	david	david
1 Kings 12:27	144	Rehoboam	rehoboam	rehoboam
1 Kings 12:27	205	Rehoboam	rehoboam	rehoboam
1 Kings 12:31	103	Levi	-	matthew-levi
1 Kings 13:2	114	David	david	david
1 Kings 13:2	129	Josiah	-	josiah
1 Kings 14:1	13	Abijah	abijah-king-of-judah	abijah-king-of-judah
1 Kings 14:8	31	David	david	david
1 Kings 14:8	103	David	david	david
1 Kings 14:21	0	Rehoboam	rehoboam	rehoboam
1 Kings 14:21	20	Solomon	solomon	solomon
1 Kings 14:21	46	Rehoboam	rehoboam	rehoboam
1 Kings 14:25	26	Rehoboam	rehoboam	rehoboam
1 Kings 14:26	155	Solomon	solomon	solomon
1 Kings 14:27	5	Rehoboam	rehoboam	rehoboam
1 Kings 14:29	28	Rehoboam	rehoboam	rehoboam
1 Kings 14:30	22	Rehoboam	rehoboam	rehoboam
1 Kings 14:31	0	Rehoboam	rehoboam	rehoboam
1 Kings 14:31	68	David	david	david
1 Kings 14:31	127	Abijam	abijah-king-of-judah	abijah-king-of-judah
1 Kings 15:1	62	Abijam	abijah-king-of-judah	abijah-king-of-judah
1 Kings 15:3	138	David	david	david
1 Kings 15:4	17	David	david	david
1 Kings 15:5	8	David	david	david
1 Kings 15:5	170	Uriah the Hittite	uriah-the-hittite	uriah-the-hittite
1 Kings 15:6	26	Rehoboam	rehoboam	rehoboam
1 Kings 15:7	24	Abijam	abijah-king-of-judah	abijah-king-of-judah
1 Kings 15:7	148	Abijam	abijah-king-of-judah	abijah-king-of-judah
1 Kings 15:8	0	Abijam	abijah-king-of-judah	abijah-king-of-judah
1 Kings 15:8	54	David	david	david
1 Kings 15:8	72	Asa	asa	asa
1 Kings 15:9	50	Asa	asa	asa
1 Kings 15:11	0	Asa	asa	asa
1 Kings 15:11	50	David	david	david
1 Kings 15:13	109	Asa	asa	asa
1 Kings 15:14	67	Asa	asa	asa
1 Kings 15:16	22	Asa	asa	asa
1 Kings 15:17	117	Asa	asa	asa
1 Kings 15:18	5	Asa	asa	asa
1 Kings 15:18	189	Asa	asa	asa
1 Kings 15:20	27	Asa	asa	asa
1 Kings 15:20	128	Abel	abel	abel
1 Kings 15:22	10	Asa	asa	asa
1 Kings 15:22	162	Asa	asa	asa
1 Kings 15:23	32	Asa	asa	asa
1 Kings 15:24	0	Asa	asa	asa
1 Kings 15:24	74	David	david	david
1 Kings 15:24	92	Jehoshaphat	jehoshaphat	jehoshaphat
1 Kings 15:25	75	Asa	asa	asa
1 Kings 15:28	26	Asa	asa	asa
1 Kings 15:32	22	Asa	asa	asa
1 Kings 15:33	21	Asa	asa	asa
1 Kings 16:8	28	Asa	asa	asa
1 Kings 16:10	80	Asa	asa	asa
1 Kings 16:15	30	Asa	asa	asa
1 Kings 16:23	28	Asa	asa	asa
1 Kings 16:29	29	Asa	asa	asa
1 Kings 16:31	106	Jezebel	jezebel	jezebel
1 Kings 16:34	216	Joshua	-	joshua
1 Kings 17:1	0	Elijah	elijah	elijah
1 Kings 17:13	0	Elijah	elijah	elijah
1 Kings 17:15	44	Elijah	elijah	elijah
1 Kings 17:16	111	Elijah	elijah	elijah
1 Kings 17:18	12	Elijah	elijah	elijah
1 Kings 17:22	32	Elijah	elijah	elijah
1 Kings 17:23	0	Elijah	elijah	elijah
1 Kings 17:23	113	Elijah	elijah	elijah
1 Kings 17:24	18	Elijah	elijah	elijah
1 Kings 18:1	39	Elijah	elijah	elijah
1 Kings 18:2	0	Elijah	elijah	elijah
1 Kings 18:4	9	Jezebel	jezebel	jezebel
1 Kings 18:7	35	Elijah	elijah	elijah
1 Kings 18:7	122	Elijah	elijah	elijah
1 Kings 18:8	56	Elijah	elijah	elijah
1 Kings 18:11	43	Elijah	elijah	elijah
1 Kings 18:13	39	Jezebel	jezebel	jezebel
1 Kings 18:14	43	Elijah	elijah	elijah
1 Kings 18:15	0	Elijah	elijah	elijah
1 Kings 18:16	66	Elijah	elijah	elijah
1 Kings 18:17	14	Elijah	elijah	elijah
1 Kings 18:19	173	Jezebel	jezebel	jezebel
1 Kings 18:21	0	Elijah	elijah	elijah
1 Kings 18:22	5	Elijah	elijah	elijah
1 Kings 18:25	0	Elijah	elijah	elijah
1 Kings 18:27	9	Elijah	elijah	elijah
1 Kings 18:30	0	Elijah	elijah	elijah
1 Kings 18:31	0	Elijah	elijah	elijah
1 Kings 18:31	80	Jacob	jacob	jacob
1 Kings 18:36	37	Elijah	elijah	elijah
1 Kings 18:36	97	Abraham	abraham	abraham
1 Kings 18:36	109	Isaac	isaac	isaac
1 Kings 18:40	0	Elijah	elijah	elijah
1 Kings 18:40	103	Elijah	elijah	elijah
1 Kings 18:41	0	Elijah	elijah	elijah
1 Kings 18:42	37	Elijah	elijah	elijah
1 Kings 18:46	21	Elijah	elijah	elijah
1 Kings 19:1	10	Jezebel	jezebel	jezebel
1 Kings 19:1	27	Elijah	elijah	elijah
1 Kings 19:2	5	Jezebel	jezebel	jezebel
1 Kings 19:2	33	Elijah	elijah	elijah
1 Kings 19:9	128	Elijah	elijah	elijah
1 Kings 19:13	5	Elijah	elijah	elijah
1 Kings 19:13	171	Elijah	elijah	elijah
1 Kings 19:16	65	Elisha	elisha	elisha
1 Kings 19:16	94	Abel	abel	abel
1 Kings 19:17	100	Elisha	elisha	elisha
1 Kings 19:19	37	Elisha	elisha	elisha
1 Kings 19:19	142	Elijah	elijah	elijah
1 Kings 19:20	0	Elisha	elisha	elisha
1 Kings 19:20	36	Elijah	elijah	elijah
1 Kings 19:21	200	Elijah	elijah	elijah
1 Kings 20:22	92	mark	john-mark	john-mark
1 Kings 21:5	4	Jezebel	jezebel	jezebel
1 Kings 21:7	0	Jezebel	jezebel	jezebel
1 Kings 21:11	82	Jezebel	jezebel	jezebel
1 Kings 21:14	18	Jezebel	jezebel	jezebel
1 Kings 21:15	5	Jezebel	jezebel	jezebel
1 Kings 21:15	62	Jezebel	jezebel	jezebel
1 Kings 21:17	22	Elijah	elijah	elijah
1 Kings 21:20	13	Elijah	elijah	elijah
1 Kings 21:23	21	Jezebel	jezebel	jezebel
1 Kings 21:23	57	Jezebel	jezebel	jezebel
1 Kings 21:25	99	Jezebel	jezebel	jezebel
1 Kings 21:28	22	Elijah	elijah	elijah
1 Kings 22:2	19	Jehoshaphat	jehoshaphat	jehoshaphat
1 Kings 22:4	11	Jehoshaphat	jehoshaphat	jehoshaphat
1 Kings 22:4	74	Jehoshaphat	jehoshaphat	jehoshaphat
1 Kings 22:5	0	Jehoshaphat	jehoshaphat	jehoshaphat
1 Kings 22:7	4	Jehoshaphat	jehoshaphat	jehoshaphat
1 Kings 22:8	27	Jehoshaphat	jehoshaphat	jehoshaphat
1 Kings 22:8	194	Jehoshaphat	jehoshaphat	jehoshaphat
1 Kings 22:10	27	Jehoshaphat	jehoshaphat	jehoshaphat
1 Kings 22:18	27	Jehoshaphat	jehoshaphat	jehoshaphat
1 Kings 22:26	62	Amon	-	amon-king-of-judah
1 Kings 22:29	26	Jehoshaphat	jehoshaphat	jehoshaphat
1 Kings 22:30	27	Jehoshaphat	jehoshaphat	jehoshaphat
1 Kings 22:32	38	Jehoshaphat	jehoshaphat	jehoshaphat
1 Kings 22:32	143	Jehoshaphat	jehoshaphat	jehoshaphat
1 Kings 22:41	0	Jehoshaphat	jehoshaphat	jehoshaphat
1 Kings 22:41	23	Asa	asa	asa
1 Kings 22:42	0	Jehoshaphat	jehoshaphat	jehoshaphat
1 Kings 22:43	28	Asa	asa	asa
1 Kings 22:44	0	Jehoshaphat	jehoshaphat	jehoshaphat
1 Kings 22:45	28	Jehoshaphat	jehoshaphat	jehoshaphat
1 Kings 22:46	70	Asa	asa	asa
1 Kings 22:48	0	Jehoshaphat	jehoshaphat	jehoshaphat
1 Kings 22:49	37	Jehoshaphat	jehoshaphat	jehoshaphat
1 Kings 22:49	108	Jehoshaphat	jehoshaphat	jehoshaphat
1 Kings 22:50	0	Jehoshaphat	jehoshaphat	jehoshaphat
1 Kings 22:50	82	David	david	david
1 Kings 22:50	96	Jehoram	joram-king-of-judah	joram-king-of-judah
1 Kings 22:51	89	Jehoshaphat	jehoshaphat	jehoshaphat
2 Kings 1:3	27	Elijah	elijah	elijah
2 Kings 1:4	121	Elijah	elijah	elijah
2 Kings 1:8	101	Elijah	elijah	elijah
2 Kings 1:10	0	Elijah	elijah	elijah
2 Kings 1:12	0	Elijah	elijah	elijah
2 Kings 1:13	133	Elijah	elijah	elijah
2 Kings 1:15	23	Elijah	elijah	elijah
2 Kings 1:17	44	Elijah	elijah	elijah
2 Kings 1:17	63	Jehoram	joram-king-of-judah	joram-king-of-judah
2 Kings 1:17	121	Jehoram	joram-king-of-judah	joram-king-of-judah
2 Kings 1:17	140	Jehoshaphat	jehoshaphat	jehoshaphat
2 Kings 2:1	30	Elijah	elijah	elijah
2 Kings 2:1	68	Elijah	elijah	elijah
2 Kings 2:1	85	Elisha	elisha	elisha
2 Kings 2:2	0	Elijah	elijah	elijah
2 Kings 2:2	15	Elisha	elisha	elisha
2 Kings 2:2	84	Elisha	elisha	elisha
2 Kings 2:3	56	Elisha	elisha	elisha
2 Kings 2:4	0	Elijah	elijah	elijah
2 Kings 2:4	21	Elisha	elisha	elisha
2 Kings 2:5	58	Elisha	elisha	elisha
2 Kings 2:6	0	Elijah	elijah	elijah
2 Kings 2:8	0	Elijah	elijah	elijah
2 Kings 2:9	25	Elijah	elijah	elijah
2 Kings 2:9	40	Elisha	elisha	elisha
2 Kings 2:9	107	Elisha	elisha	elisha
2 Kings 2:11	98	Elijah	elijah	elijah
2 Kings 2:12	0	Elisha	elisha	elisha
2 Kings 2:13	16	Elijah	elijah	elijah
2 Kings 2:14	8	Elijah	elijah	elijah
2 Kings 2:14	106	Elijah	elijah	elijah
2 Kings 2:14	180	Elisha	elisha	elisha
2 Kings 2:15	102	Elijah	elijah	elijah
2 Kings 2:15	118	Elisha	elisha	elisha
2 Kings 2:19	28	Elisha	elisha	elisha
2 Kings 2:22	52	Elisha	elisha	elisha
2 Kings 3:1	4	Jehoram	joram-king-of-judah	joram-king-of-judah
2 Kings 3:1	92	Jehoshaphat	jehoshaphat	jehoshaphat
2 Kings 3:6	5	Jehoram	joram-king-of-judah	joram-king-of-judah
2 Kings 3:7	20	Jehoshaphat	jehoshaphat	jehoshaphat
2 Kings 3:11	4	Jehoshaphat	jehoshaphat	jehoshaphat
2 Kings 3:11	148	Elisha	elisha	elisha
2 Kings 3:11	208	Elijah	elijah	elijah
2 Kings 3:12	0	Jehoshaphat	jehoshaphat	jehoshaphat
2 Kings 3:12	73	Jehoshaphat	jehoshaphat	jehoshaphat
2 Kings 3:13	0	Elisha	elisha	elisha
2 Kings 3:14	0	Elisha	elisha	elisha
2 Kings 3:14	113	Jehoshaphat	jehoshaphat	jehoshaphat
2 Kings 4:1	74	Elisha	elisha	elisha
2 Kings 4:2	0	Elisha	elisha	elisha
2 Kings 4:8	8	Elisha	elisha	elisha
2 Kings 4:17	82	Elisha	elisha	elisha
2 Kings 4:32	5	Elisha	elisha	elisha
2 Kings 4:38	0	Elisha	elisha	elisha
2 Kings 5:8	16	Elisha	elisha	elisha
2 Kings 5:9	92	Elisha	elisha	elisha
2 Kings 5:10	0	Elisha	elisha	elisha
2 Kings 5:20	26	Elisha	elisha	elisha
2 Kings 5:25	45	Elisha	elisha	elisha
2 Kings 6:1	33	Elisha	elisha	elisha
2 Kings 6:12	52	Elisha	elisha	elisha
2 Kings 6:17	0	Elisha	elisha	elisha
2 Kings 6:17	194	Elisha	elisha	elisha
2 Kings 6:18	28	Elisha	elisha	elisha
2 Kings 6:19	0	Elisha	elisha	elisha
2 Kings 6:20	33	Elisha	elisha	elisha
2 Kings 6:21	27	Elisha	elisha	elisha
2 Kings 6:31	62	Elisha	elisha	elisha
2 Kings 6:32	4	Elisha	elisha	elisha
2 Kings 7:1	0	Elisha	elisha	elisha
2 Kings 8:1	4	Elisha	elisha	elisha
2 Kings 8:4	118	Elisha	elisha	elisha
2 Kings 8:5	251	Elisha	elisha	elisha
2 Kings 8:7	0	Elisha	elisha	elisha
2 Kings 8:10	0	Elisha	elisha	elisha
2 Kings 8:13	94	Elisha	elisha	elisha
2 Kings 8:14	22	Elisha	elisha	elisha
2 Kings 8:14	81	Elisha	elisha	elisha
2 Kings 8:16	21	Joram	joram-king-of-judah	joram-king-of-judah
2 Kings 8:16	59	Jehoshaphat	jehoshaphat	jehoshaphat
2 Kings 8:16	97	Jehoram	joram-king-of-judah	joram-king-of-judah
2 Kings 8:16	116	Jehoshaphat	jehoshaphat	jehoshaphat
2 Kings 8:19	44	David	david	david
2 Kings 8:21	5	Joram	joram-king-of-judah	joram-king-of-judah
2 Kings 8:23	24	Joram	joram-king-of-judah	joram-king-of-judah
2 Kings 8:24	0	Joram	joram-king-of-judah	joram-king-of-judah
2 Kings 8:24	65	David	david	david
2 Kings 8:25	23	Joram	joram-king-of-judah	joram-king-of-judah
2 Kings 8:25	80	Jehoram	joram-king-of-judah	joram-king-of-judah
2 Kings 8:28	13	Joram	joram-king-of-judah	joram-king-of-judah
2 Kings 8:28	113	Joram	joram-king-of-judah	joram-king-of-judah
2 Kings 8:29	5	Joram	joram-king-of-judah	joram-king-of-judah
2 Kings 8:29	166	Jehoram	joram-king-of-judah	joram-king-of-judah
2 Kings 8:29	205	Joram	joram-king-of-judah	joram-king-of-judah
2 Kings 9:1	0	Elisha	elisha	elisha
2 Kings 9:2	42	Jehoshaphat	jehoshaphat	jehoshaphat
2 Kings 9:7	159	Jezebel	jezebel	jezebel
2 Kings 9:10	18	Jezebel	jezebel	jezebel
2 Kings 9:14	19	Jehoshaphat	jehoshaphat	jehoshaphat
2 Kings 9:14	67	Joram	joram-king-of-judah	joram-king-of-judah
2 Kings 9:14	79	Joram	joram-king-of-judah	joram-king-of-judah
2 Kings 9:15	9	Joram	joram-king-of-judah	joram-king-of-judah
2 Kings 9:16	51	Joram	joram-king-of-judah	joram-king-of-judah
2 Kings 9:16	111	Joram	joram-king-of-judah	joram-king-of-judah
2 Kings 9:17	129	Joram	joram-king-of-judah	joram-king-of-judah
2 Kings 9:21	0	Joram	joram-king-of-judah	joram-king-of-judah
2 Kings 9:21	58	Joram	joram-king-of-judah	joram-king-of-judah
2 Kings 9:22	5	Joram	joram-king-of-judah	joram-king-of-judah
2 Kings 9:22	120	Jezebel	jezebel	jezebel
2 Kings 9:23	0	Joram	joram-king-of-judah	joram-king-of-judah
2 Kings 9:24	53	Joram	joram-king-of-judah	joram-king-of-judah
2 Kings 9:28	99	David	david	david
2 Kings 9:29	24	Joram	joram-king-of-judah	joram-king-of-judah
2 Kings 9:30	31	Jezebel	jezebel	jezebel
2 Kings 9:36	103	Elijah	elijah	elijah
2 Kings 9:36	164	Jezebel	jezebel	jezebel
2 Kings 9:37	16	Jezebel	jezebel	jezebel
2 Kings 9:37	117	Jezebel	jezebel	jezebel
2 Kings 10:10	162	Elijah	elijah	elijah
2 Kings 10:17	146	Elijah	elijah	elijah
2 Kings 11:2	36	Joram	joram-king-of-judah	joram-king-of-judah
2 Kings 11:10	93	David	david	david
2 Kings 12:18	52	Jehoshaphat	jehoshaphat	jehoshaphat
2 Kings 12:18	68	Jehoram	joram-king-of-judah	joram-king-of-judah
2 Kings 12:21	145	David	david	david
2 Kings 13:14	4	Elisha	elisha	elisha
2 Kings 13:15	0	Elisha	elisha	elisha
2 Kings 13:16	86	Elisha	elisha	elisha
2 Kings 13:17	60	Elisha	elisha	elisha
2 Kings 13:20	0	Elisha	elisha	elisha
2 Kings 13:21	92	Elisha	elisha	elisha
2 Kings 13:21	134	Elisha	elisha	elisha
2 Kings 13:23	116	Abraham	abraham	abraham
2 Kings 13:23	125	Isaac	isaac	isaac
2 Kings 13:23	136	Jacob	jacob	jacob
2 Kings 14:3	59	David	david	david
2 Kings 14:20	79	David	david	david
2 Kings 14:21	29	Azariah	uzziah	uzziah
2 Kings 14:29	68	Zechariah	-	zechariah-father-of-john-baptist
2 Kings 15:1	55	Azariah	uzziah	uzziah
2 Kings 15:5	103	Jotham	jotham-king-of-judah	jotham-king-of-judah
2 Kings 15:6	28	Azariah	uzziah	uzziah
2 Kings 15:7	0	Azariah	uzziah	uzziah
2 Kings 15:7	72	David	david	david
2 Kings 15:7	90	Jotham	jotham-king-of-judah	jotham-king-of-judah
2 Kings 15:8	29	Azariah	uzziah	uzziah
2 Kings 15:8	52	Zechariah	-	zechariah-father-of-john-baptist
2 Kings 15:11	28	Zechariah	-	zechariah-father-of-john-baptist
2 Kings 15:13	69	Uzziah	uzziah	uzziah
2 Kings 15:17	28	Azariah	uzziah	uzziah
2 Kings 15:23	24	Azariah	uzziah	uzziah
2 Kings 15:27	28	Azariah	uzziah	uzziah
2 Kings 15:29	89	Abel	abel	abel
2 Kings 15:30	0	Hoshea	joshua	joshua
2 Kings 15:30	153	Jotham	jotham-king-of-judah	jotham-king-of-judah
2 Kings 15:30	171	Uzziah	uzziah	uzziah
2 Kings 15:32	64	Jotham	jotham-king-of-judah	jotham-king-of-judah
2 Kings 15:32	82	Uzziah	uzziah	uzziah
2 Kings 15:33	142	Zadok	-	zadok-in-jesus-genealogy
2 Kings 15:34	86	Uzziah	uzziah	uzziah
2 Kings 15:36	28	Jotham	jotham-king-of-judah	jotham-king-of-judah
2 Kings 15:38	0	Jotham	jotham-king-of-judah	jotham-king-of-judah
2 Kings 15:38	77	David	david	david
2 Kings 15:38	95	Ahaz	ahaz	ahaz
2 Kings 16:1	54	Ahaz	ahaz	ahaz
2 Kings 16:1	70	Jotham	jotham-king-of-judah	jotham-king-of-judah
2 Kings 16:2	0	Ahaz	ahaz	ahaz
2 Kings 16:2	158	David	david	david
2 Kings 16:5	114	Ahaz	ahaz	ahaz
2 Kings 16:7	3	Ahaz	ahaz	ahaz
2 Kings 16:8	0	Ahaz	ahaz	ahaz
2 Kings 16:10	5	Ahaz	ahaz	ahaz
2 Kings 16:10	117	Ahaz	ahaz	ahaz
2 Kings 16:11	61	Ahaz	ahaz	ahaz
2 Kings 16:11	142	Ahaz	ahaz	ahaz
2 Kings 16:15	5	Ahaz	ahaz	ahaz
2 Kings 16:16	53	Ahaz	ahaz	ahaz
2 Kings 16:17	5	Ahaz	ahaz	ahaz
2 Kings 16:19	28	Ahaz	ahaz	ahaz
2 Kings 16:20	0	Ahaz	ahaz	ahaz
2 Kings 16:20	64	David	david	david
2 Kings 16:20	82	Hezekiah	hezekiah	hezekiah
2 Kings 17:1	23	Ahaz	ahaz	ahaz
2 Kings 17:1	43	Hoshea	joshua	joshua
2 Kings 17:3	53	Hoshea	joshua	joshua
2 Kings 17:4	40	Hoshea	joshua	joshua
2 Kings 17:6	21	Hoshea	joshua	joshua
2 Kings 17:21	24	David	david	david
2 Kings 17:34	192	Jacob	jacob	jacob
2 Kings 18:1	25	Hoshea	joshua	joshua
2 Kings 18:1	60	Hezekiah	hezekiah	hezekiah
2 Kings 18:1	80	Ahaz	ahaz	ahaz
2 Kings 18:2	142	Zechariah	-	zechariah-father-of-john-baptist
2 Kings 18:3	68	David	david	david
2 Kings 18:4	125	Moses	moses	moses
2 Kings 18:6	114	Moses	moses	moses
2 Kings 18:9	27	Hezekiah	hezekiah	hezekiah
2 Kings 18:9	67	Hoshea	joshua	joshua
2 Kings 18:10	61	Hezekiah	hezekiah	hezekiah
2 Kings 18:10	99	Hoshea	joshua	joshua
2 Kings 18:12	96	Moses	moses	moses
2 Kings 18:13	35	Hezekiah	hezekiah	hezekiah
2 Kings 18:14	0	Hezekiah	hezekiah	hezekiah
2 Kings 18:14	182	Hezekiah	hezekiah	hezekiah
2 Kings 18:15	0	Hezekiah	hezekiah	hezekiah
2 Kings 18:16	14	Hezekiah	hezekiah	hezekiah
2 Kings 18:16	102	Hezekiah	hezekiah	hezekiah
2 Kings 18:17	80	Hezekiah	hezekiah	hezekiah
2 Kings 18:18	34	Eliakim	eliakim-son-of-abiud	eliakim-son-of-abiud
2 Kings 18:19	36	Hezekiah	hezekiah	hezekiah
2 Kings 18:22	99	Hezekiah	hezekiah	hezekiah
2 Kings 18:26	5	Eliakim	eliakim-son-of-abiud	eliakim-son-of-abiud
2 Kings 18:29	31	Hezekiah	hezekiah	hezekiah
2 Kings 18:30	10	Hezekiah	hezekiah	hezekiah
2 Kings 18:31	16	Hezekiah	hezekiah	hezekiah
2 Kings 18:32	206	Hezekiah	hezekiah	hezekiah
2 Kings 18:37	5	Eliakim	eliakim-son-of-abiud	eliakim-son-of-abiud
2 Kings 18:37	133	Hezekiah	hezekiah	hezekiah
2 Kings 19:1	10	Hezekiah	hezekiah	hezekiah
2 Kings 19:2	8	Eliakim	eliakim-son-of-abiud	eliakim-son-of-abiud
2 Kings 19:2	122	Isaiah	isaiah	isaiah
2 Kings 19:3	29	Hezekiah	hezekiah	hezekiah
2 Kings 19:5	24	Hezekiah	hezekiah	hezekiah
2 Kings 19:5	41	Isaiah	isaiah	isaiah
2 Kings 19:6	0	Isaiah	isaiah	isaiah
2 Kings 19:9	127	Hezekiah	hezekiah	hezekiah
2 Kings 19:10	6	Hezekiah	hezekiah	hezekiah
2 Kings 19:14	0	Hezekiah	hezekiah	hezekiah
2 Kings 19:14	79	Hezekiah	hezekiah	hezekiah
2 Kings 19:15	0	Hezekiah	hezekiah	hezekiah
2 Kings 19:20	5	Isaiah	isaiah	isaiah
2 Kings 19:20	36	Hezekiah	hezekiah	hezekiah
2 Kings 19:34	77	David	david	david
2 Kings 20:1	14	Hezekiah	hezekiah	hezekiah
2 Kings 20:1	43	Isaiah	isaiah	isaiah
2 Kings 20:3	151	Hezekiah	hezekiah	hezekiah
2 Kings 20:4	7	Isaiah	isaiah	isaiah
2 Kings 20:5	21	Hezekiah	hezekiah	hezekiah
2 Kings 20:5	75	David	david	david
2 Kings 20:6	172	David	david	david
2 Kings 20:7	0	Isaiah	isaiah	isaiah
2 Kings 20:8	0	Hezekiah	hezekiah	hezekiah
2 Kings 20:8	17	Isaiah	isaiah	isaiah
2 Kings 20:9	0	Isaiah	isaiah	isaiah
2 Kings 20:10	0	Hezekiah	hezekiah	hezekiah
2 Kings 20:11	0	Isaiah	isaiah	isaiah
2 Kings 20:11	126	Ahaz	ahaz	ahaz
2 Kings 20:12	97	Hezekiah	hezekiah	hezekiah
2 Kings 20:12	129	Hezekiah	hezekiah	hezekiah
2 Kings 20:13	0	Hezekiah	hezekiah	hezekiah
2 Kings 20:13	272	Hezekiah	hezekiah	hezekiah
2 Kings 20:14	5	Isaiah	isaiah	isaiah
2 Kings 20:14	37	Hezekiah	hezekiah	hezekiah
2 Kings 20:14	123	Hezekiah	hezekiah	hezekiah
2 Kings 20:15	46	Hezekiah	hezekiah	hezekiah
2 Kings 20:16	0	Isaiah	isaiah	isaiah
2 Kings 20:16	15	Hezekiah	hezekiah	hezekiah
2 Kings 20:19	5	Hezekiah	hezekiah	hezekiah
2 Kings 20:19	22	Isaiah	isaiah	isaiah
2 Kings 20:20	28	Hezekiah	hezekiah	hezekiah
2 Kings 20:21	0	Hezekiah	hezekiah	hezekiah
2 Kings 20:21	37	Manasseh	manasseh-king-of-judah	manasseh-king-of-judah
2 Kings 21:1	0	Manasseh	manasseh-king-of-judah	manasseh-king-of-judah
2 Kings 21:3	41	Hezekiah	hezekiah	hezekiah
2 Kings 21:7	91	David	david	david
2 Kings 21:7	104	Solomon	solomon	solomon
2 Kings 21:8	221	Moses	moses	moses
2 Kings 21:9	28	Manasseh	manasseh-king-of-judah	manasseh-king-of-judah
2 Kings 21:11	9	Manasseh	manasseh-king-of-judah	manasseh-king-of-judah
2 Kings 21:16	9	Manasseh	manasseh-king-of-judah	manasseh-king-of-judah
2 Kings 21:17	28	Manasseh	manasseh-king-of-judah	manasseh-king-of-judah
2 Kings 21:18	0	Manasseh	manasseh-king-of-judah	manasseh-king-of-judah
2 Kings 21:18	107	Amon	amon-king-of-judah	amon-king-of-judah
2 Kings 21:19	0	Amon	amon-king-of-judah	amon-king-of-judah
2 Kings 21:20	49	Manasseh	manasseh-king-of-judah	manasseh-king-of-judah
2 Kings 21:23	16	Amon	amon-king-of-judah	amon-king-of-judah
2 Kings 21:24	75	Amon	amon-king-of-judah	amon-king-of-judah
2 Kings 21:24	113	Josiah	josiah	josiah
2 Kings 21:25	28	Amon	amon-king-of-judah	amon-king-of-judah
2 Kings 21:26	53	Josiah	josiah	josiah
2 Kings 22:1	0	Josiah	josiah	josiah
2 Kings 22:2	75	David	david	david
2 Kings 22:3	31	Josiah	josiah	josiah
2 Kings 23:8	233	Joshua	-	joshua
2 Kings 23:11	120	Nathan	-	nathan-the-prophet
2 Kings 23:12	74	Ahaz	ahaz	ahaz
2 Kings 23:12	136	Manasseh	manasseh-king-of-judah	manasseh-king-of-judah
2 Kings 23:13	127	Solomon	solomon	solomon
2 Kings 23:16	3	Josiah	josiah	josiah
2 Kings 23:19	138	Josiah	josiah	josiah
2 Kings 23:23	35	Josiah	josiah	josiah
2 Kings 23:24	9	Josiah	josiah	josiah
2 Kings 23:26	161	Manasseh	manasseh-king-of-judah	manasseh-king-of-judah
2 Kings 23:28	28	Josiah	josiah	josiah
2 Kings 23:29	109	Josiah	josiah	josiah
2 Kings 23:30	167	Josiah	josiah	josiah
2 Kings 23:31	148	Jeremiah	-	jeremiah
2 Kings 23:34	19	Eliakim	eliakim-son-of-abiud	eliakim-son-of-abiud
2 Kings 23:34	38	Josiah	josiah	josiah
2 Kings 23:34	66	Josiah	josiah	josiah
2 Kings 24:3	105	Manasseh	manasseh-king-of-judah	manasseh-king-of-judah
2 Kings 24:6	41	Jehoiachin	jeconiah	jeconiah
2 Kings 24:8	0	Jehoiachin	jeconiah	jeconiah
2 Kings 24:12	4	Jehoiachin	jeconiah	jeconiah
2 Kings 24:13	151	Solomon	solomon	solomon
2 Kings 24:15	16	Jehoiachin	jeconiah	jeconiah
2 Kings 24:17	36	Jehoiachin	jeconiah	jeconiah
2 Kings 24:18	146	Jeremiah	-	jeremiah
2 Kings 25:16	51	Solomon	solomon	solomon
2 Kings 25:27	47	Jehoiachin	jeconiah	jeconiah
2 Kings 25:27	223	Jehoiachin	jeconiah	jeconiah
2 Kings 25:29	33	Jehoiachin	jeconiah	jeconiah
1 Chronicles 1:1	0	Adam	adam	adam
1 Chronicles 1:3	0	Enoch	enoch	enoch
1 Chronicles 1:4	0	Noah	noah	noah
1 Chronicles 1:27	0	Abram	abraham	abraham
1 Chronicles 1:27	19	Abraham	abraham	abraham
1 Chronicles 1:28	12	Abraham	abraham	abraham
1 Chronicles 1:28	21	Isaac	isaac	isaac
1 Chronicles 1:32	21	Abraham	abraham	abraham
1 Chronicles 1:34	0	Abraham	abraham	abraham
1 Chronicles 1:34	29	Isaac	isaac	isaac
1 Chronicles 1:34	48	Isaac	isaac	isaac
1 Chronicles 1:34	55	Esau	esau	esau
1 Chronicles 1:35	12	Esau	esau	esau
1 Chronicles 1:37	27	Zerah	-	zerah-son-of-judah
1 Chronicles 1:44	32	Zerah	-	zerah-son-of-judah
1 Chronicles 2:1	38	Simeon	-	simeon-at-the-temple
1 Chronicles 2:1	46	Levi	-	matthew-levi
1 Chronicles 2:2	5	Joseph	joseph-son-of-jacob	joseph-son-of-jacob
1 Chronicles 2:4	35	Perez	perez	perez
1 Chronicles 2:4	45	Zerah	-	zerah-son-of-judah
1 Chronicles 2:5	12	Perez	perez	perez
1 Chronicles 2:5	19	Hezron	-	hezron-son-of-perez
1 Chronicles 2:6	12	Zerah	-	zerah-son-of-judah
1 Chronicles 2:8	18	Azariah	-	uzziah
1 Chronicles 2:9	17	Hezron	-	hezron-son-of-perez
1 Chronicles 2:9	58	Ram	ram-son-of-hezron	ram-son-of-hezron
1 Chronicles 2:10	0	Ram	ram-son-of-hezron	ram-son-of-hezron
1 Chronicles 2:10	25	Amminadab	-	amminadab
1 Chronicles 2:10	40	Amminadab	-	amminadab
1 Chronicles 2:10	71	Nahshon	nahshon	nahshon
1 Chronicles 2:11	4	Nahshon	nahshon	nahshon
1 Chronicles 2:11	71	Boaz	-	boaz
1 Chronicles 2:12	4	Boaz	-	boaz
1 Chronicles 2:12	30	Obed	obed	obed
1 Chronicles 2:12	40	Obed	obed	obed
1 Chronicles 2:12	66	Jesse	jesse	jesse
1 Chronicles 2:13	4	Jesse	jesse	jesse
1 Chronicles 2:15	16	David	david	david
1 Chronicles 2:18	0	Caleb	caleb	caleb
1 Chronicles 2:18	17	Hezron	-	hezron-son-of-perez
1 Chronicles 2:19	17	Caleb	caleb	caleb
1 Chronicles 2:21	10	Hezron	-	hezron-son-of-perez
1 Chronicles 2:24	6	Hezron	-	hezron-son-of-perez
1 Chronicles 2:24	21	Caleb	caleb	caleb
1 Chronicles 2:24	38	Abijah	-	abijah-king-of-judah
1 Chronicles 2:24	45	Hezron	-	hezron-son-of-perez
1 Chronicles 2:25	39	Hezron	-	hezron-son-of-perez
1 Chronicles 2:25	51	Ram	ram-son-of-hezron	ram-son-of-hezron
1 Chronicles 2:27	12	Ram	ram-son-of-hezron	ram-son-of-hezron
1 Chronicles 2:36	27	Nathan	-	nathan-the-prophet
1 Chronicles 2:36	39	Nathan	-	nathan-the-prophet
1 Chronicles 2:37	71	Obed	obed	obed
1 Chronicles 2:38	4	Obed	obed	obed
1 Chronicles 2:38	66	Azariah	-	uzziah
1 Chronicles 2:39	4	Azariah	-	uzziah
1 Chronicles 2:42	12	Caleb	caleb	caleb
1 Chronicles 2:46	7	Caleb	caleb	caleb
1 Chronicles 2:48	8	Caleb	caleb	caleb
1 Chronicles 2:49	121	Caleb	caleb	caleb
1 Chronicles 2:50	23	Caleb	caleb	caleb
1 Chronicles 3:1	27	David	david	david
1 Chronicles 3:1	129	Daniel	daniel	daniel
1 Chronicles 3:5	57	Nathan	-	nathan-the-prophet
1 Chronicles 3:5	69	Solomon	solomon	solomon
1 Chronicles 3:9	27	David	david	david
1 Chronicles 3:10	0	Solomon	solomon	solomon
1 Chronicles 3:10	18	Rehoboam	rehoboam	rehoboam
1 Chronicles 3:10	28	Abijah	-	abijah-king-of-judah
1 Chronicles 3:10	44	Asa	asa	asa
1 Chronicles 3:10	57	Jehoshaphat	jehoshaphat	jehoshaphat
1 Chronicles 3:11	0	Joram	joram-king-of-judah	joram-king-of-judah
1 Chronicles 3:12	17	Azariah	-	uzziah
1 Chronicles 3:12	34	Jotham	-	jotham-king-of-judah
1 Chronicles 3:13	0	Ahaz	-	ahaz
1 Chronicles 3:13	14	Hezekiah	hezekiah	hezekiah
1 Chronicles 3:13	32	Manasseh	-	manasseh-king-of-judah
1 Chronicles 3:14	0	Amon	-	amon-king-of-judah
1 Chronicles 3:14	18	Josiah	-	josiah
1 Chronicles 3:15	12	Josiah	-	josiah
1 Chronicles 3:16	23	Jeconiah	jeconiah	jeconiah
1 Chronicles 3:17	12	Jeconiah	jeconiah	jeconiah
1 Chronicles 3:17	35	Shealtiel	shealtiel	shealtiel
1 Chronicles 3:19	21	Zerubbabel	zerubbabel	zerubbabel
1 Chronicles 3:19	56	Zerubbabel	zerubbabel	zerubbabel
1 Chronicles 4:1	19	Perez	perez	perez
1 Chronicles 4:1	26	Hezron	-	hezron-son-of-perez
1 Chronicles 4:15	12	Caleb	caleb	caleb
1 Chronicles 4:17	65	Miriam	miriam	miriam
1 Chronicles 4:24	12	Simeon	-	simeon-at-the-temple
1 Chronicles 4:24	42	Zerah	-	zerah-son-of-judah
1 Chronicles 4:31	93	David	david	david
1 Chronicles 4:41	42	Hezekiah	hezekiah	hezekiah
1 Chronicles 4:42	34	Simeon	-	simeon-at-the-temple
1 Chronicles 5:1	154	Joseph	joseph-son-of-jacob	joseph-son-of-jacob
1 Chronicles 5:2	93	Joseph	joseph-son-of-jacob	joseph-son-of-jacob
1 Chronicles 5:3	59	Hezron	-	hezron-son-of-perez
1 Chronicles 5:7	106	Zechariah	-	zechariah-father-of-john-baptist
1 Chronicles 5:10	15	Saul	saul-king-of-israel	paul-of-tarsus
1 Chronicles 5:13	41	Michael	michael-archangel	michael-archangel
1 Chronicles 5:14	98	Michael	michael-archangel	michael-archangel
1 Chronicles 5:17	52	Jotham	-	jotham-king-of-judah
1 Chronicles 5:18	55	Manasseh	-	manasseh-king-of-judah
1 Chronicles 5:23	34	Manasseh	-	manasseh-king-of-judah
1 Chronicles 5:24	80	Jeremiah	-	jeremiah
1 Chronicles 5:26	205	Manasseh	-	manasseh-king-of-judah
1 Chronicles 6:1	12	Levi	-	matthew-levi
1 Chronicles 6:3	23	Aaron	aaron	aaron
1 Chronicles 6:3	30	Moses	moses	moses
1 Chronicles 6:3	41	Miriam	miriam	miriam
1 Chronicles 6:3	61	Aaron	aaron	aaron
1 Chronicles 6:3	82	Eleazar	-	eleazar-in-jesus-genealogy
1 Chronicles 6:4	0	Eleazar	-	eleazar-in-jesus-genealogy
1 Chronicles 6:8	28	Zadok	-	zadok-in-jesus-genealogy
1 Chronicles 6:8	35	Zadok	-	zadok-in-jesus-genealogy
1 Chronicles 6:9	29	Azariah	-	uzziah
1 Chronicles 6:9	38	Azariah	-	uzziah
1 Chronicles 6:10	29	Azariah	-	uzziah
1 Chronicles 6:10	89	Solomon	solomon	solomon
1 Chronicles 6:11	0	Azariah	-	uzziah
1 Chronicles 6:12	28	Zadok	-	zadok-in-jesus-genealogy
1 Chronicles 6:12	35	Zadok	-	zadok-in-jesus-genealogy
1 Chronicles 6:13	67	Azariah	-	uzziah
1 Chronicles 6:14	0	Azariah	-	uzziah
1 Chronicles 6:16	12	Levi	-	matthew-levi
1 Chronicles 6:21	28	Zerah	-	zerah-son-of-judah
1 Chronicles 6:22	20	Amminadab	-	amminadab
1 Chronicles 6:24	31	Uzziah	uzziah	uzziah
1 Chronicles 6:28	12	Samuel	samuel	samuel
1 Chronicles 6:28	57	Abijah	-	abijah-king-of-judah
1 Chronicles 6:31	20	David	david	david
1 Chronicles 6:32	78	Solomon	solomon	solomon
1 Chronicles 6:33	121	Samuel	samuel	samuel
1 Chronicles 6:36	48	Azariah	-	uzziah
1 Chronicles 6:38	48	Levi	-	matthew-levi
1 Chronicles 6:40	11	Michael	michael-archangel	michael-archangel
1 Chronicles 6:41	29	Zerah	-	zerah-son-of-judah
1 Chronicles 6:43	50	Levi	-	matthew-levi
1 Chronicles 6:47	66	Levi	-	matthew-levi
1 Chronicles 6:49	4	Aaron	aaron	aaron
1 Chronicles 6:49	189	Moses	moses	moses
1 Chronicles 6:50	22	Aaron	aaron	aaron
1 Chronicles 6:50	29	Eleazar	-	eleazar-in-jesus-genealogy
1 Chronicles 6:53	0	Zadok	-	zadok-in-jesus-genealogy
1 Chronicles 6:54	100	Aaron	aaron	aaron
1 Chronicles 6:56	59	Caleb	caleb	caleb
1 Chronicles 6:57	15	Aaron	aaron	aaron
1 Chronicles 6:61	120	Manasseh	-	manasseh-king-of-judah
1 Chronicles 6:62	172	Manasseh	-	manasseh-king-of-judah
1 Chronicles 6:65	100	Simeon	-	simeon-at-the-temple
1 Chronicles 6:70	29	Manasseh	-	manasseh-king-of-judah
1 Chronicles 6:71	74	Manasseh	-	manasseh-king-of-judah
1 Chronicles 7:2	181	David	david	david
1 Chronicles 7:3	49	Michael	michael-archangel	michael-archangel
1 Chronicles 7:8	71	Abijah	-	abijah-king-of-judah
1 Chronicles 7:14	12	Manasseh	-	manasseh-king-of-judah
1 Chronicles 7:17	85	Manasseh	-	manasseh-king-of-judah
1 Chronicles 7:27	17	Joshua	-	joshua
1 Chronicles 7:29	38	Manasseh	-	manasseh-king-of-judah
1 Chronicles 7:29	159	Joseph	joseph-son-of-jacob	joseph-son-of-jacob
1 Chronicles 8:16	0	Michael	michael-archangel	michael-archangel
1 Chronicles 8:27	12	Elijah	elijah	elijah
1 Chronicles 8:33	57	Saul	saul-king-of-israel	paul-of-tarsus
1 Chronicles 8:33	63	Saul	saul-king-of-israel	paul-of-tarsus
1 Chronicles 8:35	46	Ahaz	-	ahaz
1 Chronicles 8:36	0	Ahaz	-	ahaz
1 Chronicles 9:3	109	Manasseh	-	manasseh-king-of-judah
1 Chronicles 9:4	96	Perez	perez	perez
1 Chronicles 9:6	15	Zerah	-	zerah-son-of-judah
1 Chronicles 9:11	4	Azariah	-	uzziah
1 Chronicles 9:11	65	Zadok	-	zadok-in-jesus-genealogy
1 Chronicles 9:16	97	Asa	asa	asa
1 Chronicles 9:18	105	Levi	-	matthew-levi
1 Chronicles 9:20	20	Eleazar	-	eleazar-in-jesus-genealogy
1 Chronicles 9:21	0	Zechariah	-	zechariah-father-of-john-baptist
1 Chronicles 9:22	138	David	david	david
1 Chronicles 9:22	148	Samuel	samuel	samuel
1 Chronicles 9:37	13	Zechariah	-	zechariah-father-of-john-baptist
1 Chronicles 9:39	57	Saul	saul-king-of-israel	paul-of-tarsus
1 Chronicles 9:39	63	Saul	saul-king-of-israel	paul-of-tarsus
1 Chronicles 9:41	47	Ahaz	-	ahaz
1 Chronicles 9:42	0	Ahaz	-	ahaz
1 Chronicles 10:2	36	Saul	saul-king-of-israel	paul-of-tarsus
1 Chronicles 10:2	136	Saul	saul-king-of-israel	paul-of-tarsus
1 Chronicles 10:3	29	Saul	saul-king-of-israel	paul-of-tarsus
1 Chronicles 10:4	5	Saul	saul-king-of-israel	paul-of-tarsus
1 Chronicles 10:4	194	Saul	saul-king-of-israel	paul-of-tarsus
1 Chronicles 10:5	31	Saul	saul-king-of-israel	paul-of-tarsus
1 Chronicles 10:6	3	Saul	saul-king-of-israel	paul-of-tarsus
1 Chronicles 10:7	79	Saul	saul-king-of-israel	paul-of-tarsus
1 Chronicles 10:8	74	Saul	saul-king-of-israel	paul-of-tarsus
1 Chronicles 10:11	66	Saul	saul-king-of-israel	paul-of-tarsus
1 Chronicles 10:12	53	Saul	saul-king-of-israel	paul-of-tarsus
1 Chronicles 10:13	3	Saul	saul-king-of-israel	paul-of-tarsus
1 Chronicles 10:14	86	David	david	david
1 Chronicles 10:14	103	Jesse	jesse	jesse
1 Chronicles 11:1	39	David	david	david
1 Chronicles 11:2	25	Saul	saul-king-of-israel	paul-of-tarsus
1 Chronicles 11:3	60	David	david	david
1 Chronicles 11:3	135	David	david	david
1 Chronicles 11:3	189	Samuel	samuel	samuel
1 Chronicles 11:4	0	David	david	david
1 Chronicles 11:5	33	David	david	david
1 Chronicles 11:5	82	David	david	david
1 Chronicles 11:5	129	David	david	david
1 Chronicles 11:6	0	David	david	david
1 Chronicles 11:7	0	David	david	david
1 Chronicles 11:7	56	David	david	david
1 Chronicles 11:9	0	David	david	david
1 Chronicles 11:10	47	David	david	david
1 Chronicles 11:11	42	David	david	david
1 Chronicles 11:12	14	Eleazar	-	eleazar-in-jesus-genealogy
1 Chronicles 11:13	12	David	david	david
1 Chronicles 11:15	55	David	david	david
1 Chronicles 11:16	0	David	david	david
1 Chronicles 11:17	0	David	david	david
1 Chronicles 11:18	151	David	david	david
1 Chronicles 11:18	162	David	david	david
1 Chronicles 11:25	86	David	david	david
1 Chronicles 11:38	20	Nathan	-	nathan-the-prophet
1 Chronicles 11:41	0	Uriah the Hittite	uriah-the-hittite	uriah-the-hittite
1 Chronicles 11:47	11	Obed	obed	obed
1 Chronicles 12:1	32	David	david	david
1 Chronicles 12:1	78	Saul the son of Kish	saul-king-of-israel	saul-king-of-israel
1 Chronicles 12:2	143	Saul	saul-king-of-israel	paul-of-tarsus
1 Chronicles 12:4	82	Jeremiah	-	jeremiah
1 Chronicles 12:8	20	David	david	david
1 Chronicles 12:10	23	Jeremiah	-	jeremiah
1 Chronicles 12:13	0	Jeremiah	-	jeremiah
1 Chronicles 12:16	69	David	david	david
1 Chronicles 12:17	0	David	david	david
1 Chronicles 12:18	89	David	david	david
1 Chronicles 12:18	125	Jesse	jesse	jesse
1 Chronicles 12:18	216	David	david	david
1 Chronicles 12:19	8	Manasseh	-	manasseh-king-of-judah
1 Chronicles 12:19	29	David	david	david
1 Chronicles 12:19	78	Saul	saul-king-of-israel	paul-of-tarsus
1 Chronicles 12:19	226	Saul	saul-king-of-israel	paul-of-tarsus
1 Chronicles 12:20	32	Manasseh	-	manasseh-king-of-judah
1 Chronicles 12:20	78	Michael	michael-archangel	michael-archangel
1 Chronicles 12:20	152	Manasseh	-	manasseh-king-of-judah
1 Chronicles 12:21	12	David	david	david
1 Chronicles 12:22	32	David	david	david
1 Chronicles 12:23	80	David	david	david
1 Chronicles 12:23	120	Saul	saul-king-of-israel	paul-of-tarsus
1 Chronicles 12:25	19	Simeon	-	simeon-at-the-temple
1 Chronicles 12:26	19	Levi	-	matthew-levi
1 Chronicles 12:27	44	Aaron	aaron	aaron
1 Chronicles 12:28	4	Zadok	-	zadok-in-jesus-genealogy
1 Chronicles 12:29	29	Saul	saul-king-of-israel	paul-of-tarsus
1 Chronicles 12:29	134	Saul	saul-king-of-israel	paul-of-tarsus
1 Chronicles 12:31	21	Manasseh	-	manasseh-king-of-judah
1 Chronicles 12:31	94	David	david	david
1 Chronicles 12:37	90	Manasseh	-	manasseh-king-of-judah
1 Chronicles 12:38	110	David	david	david
1 Chronicles 12:38	196	David	david	david
1 Chronicles 12:39	21	David	david	david
1 Chronicles 13:1	0	David	david	david
1 Chronicles 13:2	0	David	david	david
1 Chronicles 13:3	93	Saul	saul-king-of-israel	paul-of-tarsus
1 Chronicles 13:5	3	David	david	david
1 Chronicles 13:6	0	David	david	david
1 Chronicles 13:8	0	David	david	david
1 Chronicles 13:11	0	David	david	david
1 Chronicles 13:11	87	Perez	perez	perez
1 Chronicles 13:12	0	David	david	david
1 Chronicles 13:13	3	David	david	david
1 Chronicles 13:13	43	David	david	david
1 Chronicles 13:13	83	Obed	obed	obed
1 Chronicles 13:14	38	Obed	obed	obed
1 Chronicles 13:14	94	Obed	obed	obed
1 Chronicles 14:1	38	David	david	david
1 Chronicles 14:2	0	David	david	david
1 Chronicles 14:3	0	David	david	david
1 Chronicles 14:3	40	David	david	david
1 Chronicles 14:4	79	Nathan	-	nathan-the-prophet
1 Chronicles 14:4	87	Solomon	solomon	solomon
1 Chronicles 14:8	32	David	david	david
1 Chronicles 14:8	109	David	david	david
1 Chronicles 14:8	120	David	david	david
1 Chronicles 14:10	0	David	david	david
1 Chronicles 14:11	37	David	david	david
1 Chronicles 14:11	64	David	david	david
1 Chronicles 14:12	32	David	david	david
1 Chronicles 14:14	0	David	david	david
1 Chronicles 14:16	0	David	david	david
1 Chronicles 14:17	12	David	david	david
1 Chronicles 15:1	0	David	david	david
1 Chronicles 15:1	29	David	david	david
1 Chronicles 15:2	5	David	david	david
1 Chronicles 15:3	0	David	david	david
1 Chronicles 15:4	0	David	david	david
1 Chronicles 15:4	36	Aaron	aaron	aaron
1 Chronicles 15:10	23	Amminadab	-	amminadab
1 Chronicles 15:11	0	David	david	david
1 Chronicles 15:11	17	Zadok	-	zadok-in-jesus-genealogy
1 Chronicles 15:11	116	Amminadab	-	amminadab
1 Chronicles 15:15	81	Moses	moses	moses
1 Chronicles 15:16	0	David	david	david
1 Chronicles 15:18	49	Zechariah	-	zechariah-father-of-john-baptist
1 Chronicles 15:18	161	Obed	obed	obed
1 Chronicles 15:20	4	Zechariah	-	zechariah-father-of-john-baptist
1 Chronicles 15:21	38	Obed	obed	obed
1 Chronicles 15:24	40	Zechariah	-	zechariah-father-of-john-baptist
1 Chronicles 15:24	126	Obed	obed	obed
1 Chronicles 15:25	3	David	david	david
1 Chronicles 15:25	131	Obed	obed	obed
1 Chronicles 15:27	0	David	david	david
1 Chronicles 15:27	153	David	david	david
1 Chronicles 15:29	40	David	david	david
1 Chronicles 15:29	77	Saul	saul-king-of-israel	paul-of-tarsus
1 Chronicles 15:29	121	David	david	david
1 Chronicles 16:1	69	David	david	david
1 Chronicles 16:2	5	David	david	david
1 Chronicles 16:5	35	Zechariah	-	zechariah-father-of-john-baptist
1 Chronicles 16:5	107	Obed	obed	obed
1 Chronicles 16:7	17	David	david	david
1 Chronicles 16:13	53	Jacob	jacob	jacob
1 Chronicles 16:16	32	Abraham	abraham	abraham
1 Chronicles 16:16	53	Isaac	isaac	isaac
1 Chronicles 16:17	25	Jacob	jacob	jacob
1 Chronicles 16:38	4	Obed	obed	obed
1 Chronicles 16:38	48	Obed	obed	obed
1 Chronicles 16:39	4	Zadok	-	zadok-in-jesus-genealogy
1 Chronicles 16:43	52	David	david	david
1 Chronicles 17:1	5	David	david	david
1 Chronicles 17:1	31	David	david	david
1 Chronicles 17:1	45	Nathan	nathan-the-prophet	nathan-the-prophet
1 Chronicles 17:2	0	Nathan	nathan-the-prophet	nathan-the-prophet
1 Chronicles 17:2	15	David	david	david
1 Chronicles 17:3	41	Nathan	nathan-the-prophet	nathan-the-prophet
1 Chronicles 17:4	13	David	david	david
1 Chronicles 17:7	42	David	david	david
1 Chronicles 17:15	67	Nathan	nathan-the-prophet	nathan-the-prophet
1 Chronicles 17:15	83	David	david	david
1 Chronicles 17:16	5	David	david	david
1 Chronicles 17:18	9	David	david	david
1 Chronicles 17:24	135	David	david	david
1 Chronicles 18:1	12	David	david	david
1 Chronicles 18:2	54	David	david	david
1 Chronicles 18:3	0	David	david	david
1 Chronicles 18:4	0	David	david	david
1 Chronicles 18:4	101	David	david	david
1 Chronicles 18:5	67	David	david	david
1 Chronicles 18:6	5	David	david	david
1 Chronicles 18:6	82	David	david	david
1 Chronicles 18:6	133	David	david	david
1 Chronicles 18:7	0	David	david	david
1 Chronicles 18:8	48	David	david	david
1 Chronicles 18:8	87	Solomon	solomon	solomon
1 Chronicles 18:9	35	David	david	david
1 Chronicles 18:10	32	David	david	david
1 Chronicles 18:11	5	David	david	david
1 Chronicles 18:13	66	David	david	david
1 Chronicles 18:13	96	David	david	david
1 Chronicles 18:14	0	David	david	david
1 Chronicles 18:15	43	Jehoshaphat	jehoshaphat	jehoshaphat
1 Chronicles 18:16	0	Zadok	-	zadok-in-jesus-genealogy
1 Chronicles 18:17	93	David	david	david
1 Chronicles 19:2	0	David	david	david
1 Chronicles 19:2	108	David	david	david
1 Chronicles 19:2	168	David	david	david
1 Chronicles 19:3	75	David	david	david
1 Chronicles 19:4	14	David	david	david
1 Chronicles 19:5	31	David	david	david
1 Chronicles 19:6	71	David	david	david
1 Chronicles 19:8	5	David	david	david
1 Chronicles 19:17	0	David	david	david
1 Chronicles 19:17	145	David	david	david
1 Chronicles 19:18	36	David	david	david
1 Chronicles 19:19	91	David	david	david
1 Chronicles 20:1	176	David	david	david
1 Chronicles 20:2	0	David	david	david
1 Chronicles 20:2	146	David	david	david
1 Chronicles 20:3	102	David	david	david
1 Chronicles 20:3	164	David	david	david
1 Chronicles 20:7	50	David	david	david
1 Chronicles 20:8	67	David	david	david
1 Chronicles 21:1	0	Satan	satan	satan
1 Chronicles 21:1	41	David	david	david
1 Chronicles 21:2	0	David	david	david
1 Chronicles 21:5	52	David	david	david
1 Chronicles 21:6	20	Levi	-	matthew-levi
1 Chronicles 21:8	0	David	david	david
1 Chronicles 21:9	21	David	david	david
1 Chronicles 21:10	17	David	david	david
1 Chronicles 21:11	15	David	david	david
1 Chronicles 21:13	0	David	david	david
1 Chronicles 21:16	0	David	david	david
1 Chronicles 21:16	153	David	david	david
1 Chronicles 21:17	0	David	david	david
1 Chronicles 21:18	42	David	david	david
1 Chronicles 21:18	53	David	david	david
1 Chronicles 21:19	0	David	david	david
1 Chronicles 21:21	3	David	david	david
1 Chronicles 21:21	45	David	david	david
1 Chronicles 21:21	110	David	david	david
1 Chronicles 21:22	5	David	david	david
1 Chronicles 21:23	14	David	david	david
1 Chronicles 21:24	5	David	david	david
1 Chronicles 21:25	3	David	david	david
1 Chronicles 21:26	0	David	david	david
1 Chronicles 21:28	19	David	david	david
1 Chronicles 21:29	31	Moses	moses	moses
1 Chronicles 21:30	4	David	david	david
1 Chronicles 22:1	5	David	david	david
1 Chronicles 22:2	0	David	david	david
1 Chronicles 22:3	0	David	david	david
1 Chronicles 22:4	109	David	david	david
1 Chronicles 22:5	0	David	david	david
1 Chronicles 22:5	13	Solomon	solomon	solomon
1 Chronicles 22:5	220	David	david	david
1 Chronicles 22:6	19	Solomon	solomon	solomon
1 Chronicles 22:7	0	David	david	david
1 Chronicles 22:7	14	Solomon	solomon	solomon
1 Chronicles 22:9	141	Solomon	solomon	solomon
1 Chronicles 22:13	94	Moses	moses	moses
1 Chronicles 22:17	0	David	david	david
1 Chronicles 22:17	55	Solomon	solomon	solomon
1 Chronicles 23:1	4	David	david	david
1 Chronicles 23:1	48	Solomon	solomon	solomon
1 Chronicles 23:4	0	David	david	david
1 Chronicles 23:6	0	David	david	david
1 Chronicles 23:6	59	Levi	-	matthew-levi
1 Chronicles 23:13	19	Aaron	aaron	aaron
1 Chronicles 23:13	29	Moses	moses	moses
1 Chronicles 23:13	40	Aaron	aaron	aaron
1 Chronicles 23:14	11	Moses	moses	moses
1 Chronicles 23:14	72	Levi	-	matthew-levi
1 Chronicles 23:15	12	Moses	moses	moses
1 Chronicles 23:21	56	Eleazar	-	eleazar-in-jesus-genealogy
1 Chronicles 23:22	0	Eleazar	-	eleazar-in-jesus-genealogy
1 Chronicles 23:24	23	Levi	-	matthew-levi
1 Chronicles 23:25	4	David	david	david
1 Chronicles 23:27	25	David	david	david
1 Chronicles 23:27	43	Levi	-	matthew-levi
1 Chronicles 23:28	44	Aaron	aaron	aaron
1 Chronicles 23:32	115	Aaron	aaron	aaron
1 Chronicles 24:1	40	Aaron	aaron	aaron
1 Chronicles 24:1	59	Aaron	aaron	aaron
1 Chronicles 24:1	80	Eleazar	-	eleazar-in-jesus-genealogy
1 Chronicles 24:2	77	Eleazar	-	eleazar-in-jesus-genealogy
1 Chronicles 24:3	0	David	david	david
1 Chronicles 24:3	11	Zadok	-	zadok-in-jesus-genealogy
1 Chronicles 24:3	32	Eleazar	-	eleazar-in-jesus-genealogy
1 Chronicles 24:4	47	Eleazar	-	eleazar-in-jesus-genealogy
1 Chronicles 24:4	132	Eleazar	-	eleazar-in-jesus-genealogy
1 Chronicles 24:5	133	Eleazar	-	eleazar-in-jesus-genealogy
1 Chronicles 24:6	118	Zadok	-	zadok-in-jesus-genealogy
1 Chronicles 24:6	278	Eleazar	-	eleazar-in-jesus-genealogy
1 Chronicles 24:10	37	Abijah	-	abijah-king-of-judah
1 Chronicles 24:19	114	Aaron	aaron	aaron
1 Chronicles 24:20	27	Levi	-	matthew-levi
1 Chronicles 24:25	55	Zechariah	-	zechariah-father-of-john-baptist
1 Chronicles 24:28	10	Eleazar	-	eleazar-in-jesus-genealogy
1 Chronicles 24:31	60	Aaron	aaron	aaron
1 Chronicles 24:31	85	David	david	david
1 Chronicles 24:31	101	Zadok	-	zadok-in-jesus-genealogy
1 Chronicles 25:1	10	David	david	david
1 Chronicles 25:2	30	Joseph	joseph-son-of-jacob	joseph-son-of-jacob
1 Chronicles 25:9	40	Joseph	joseph-son-of-jacob	joseph-son-of-jacob
1 Chronicles 26:2	22	Zechariah	-	zechariah-father-of-john-baptist
1 Chronicles 26:4	0	Obed	obed	obed
1 Chronicles 26:7	38	Obed	obed	obed
1 Chronicles 26:8	30	Obed	obed	obed
1 Chronicles 26:8	132	Obed	obed	obed
1 Chronicles 26:11	44	Zechariah	-	zechariah-father-of-john-baptist
1 Chronicles 26:14	45	Zechariah	-	zechariah-father-of-john-baptist
1 Chronicles 26:14	71	counselor	holy-spirit	holy-spirit
1 Chronicles 26:15	3	Obed	obed	obed
1 Chronicles 26:24	43	Moses	moses	moses
1 Chronicles 26:25	70	Joram	joram-king-of-judah	joram-king-of-judah
1 Chronicles 26:26	91	David	david	david
1 Chronicles 26:28	9	Samuel	samuel	samuel
1 Chronicles 26:28	30	Saul the son of Kish	saul-king-of-israel	saul-king-of-israel
1 Chronicles 26:31	178	David	david	david
1 Chronicles 26:32	101	David	david	david
1 Chronicles 27:3	26	Perez	perez	perez
1 Chronicles 27:17	3	Levi	-	matthew-levi
1 Chronicles 27:17	41	Aaron	aaron	aaron
1 Chronicles 27:17	48	Zadok	-	zadok-in-jesus-genealogy
1 Chronicles 27:18	40	David	david	david
1 Chronicles 27:18	76	Michael	michael-archangel	michael-archangel
1 Chronicles 27:20	28	Hoshea	joshua	joshua
1 Chronicles 27:20	76	Manasseh	-	manasseh-king-of-judah
1 Chronicles 27:21	21	Manasseh	-	manasseh-king-of-judah
1 Chronicles 27:21	57	Zechariah	-	zechariah-father-of-john-baptist
1 Chronicles 27:23	4	David	david	david
1 Chronicles 27:24	167	David	david	david
1 Chronicles 27:25	174	Uzziah	uzziah	uzziah
1 Chronicles 27:31	57	David	david	david
1 Chronicles 27:32	15	David	david	david
1 Chronicles 27:32	36	counselor	holy-spirit	holy-spirit
1 Chronicles 27:33	26	counselor	holy-spirit	holy-spirit
1 Chronicles 28:1	0	David	david	david
1 Chronicles 28:2	5	David	david	david
1 Chronicles 28:5	66	Solomon	solomon	solomon
1 Chronicles 28:6	16	Solomon	solomon	solomon
1 Chronicles 28:9	5	Solomon	solomon	solomon
1 Chronicles 28:11	5	David	david	david
1 Chronicles 28:11	19	Solomon	solomon	solomon
1 Chronicles 28:19	17	David	david	david
1 Chronicles 28:20	0	David	david	david
1 Chronicles 28:20	14	Solomon	solomon	solomon
1 Chronicles 29:1	0	David	david	david
1 Chronicles 29:1	42	Solomon	solomon	solomon
1 Chronicles 29:9	125	David	david	david
1 Chronicles 29:10	10	David	david	david
1 Chronicles 29:10	60	David	david	david
1 Chronicles 29:18	19	Abraham	abraham	abraham
1 Chronicles 29:18	31	Isaac	isaac	isaac
1 Chronicles 29:19	12	Solomon	solomon	solomon
1 Chronicles 29:20	5	David	david	david
1 Chronicles 29:22	75	Solomon	solomon	solomon
1 Chronicles 29:22	94	David	david	david
1 Chronicles 29:22	171	Zadok	-	zadok-in-jesus-genealogy
1 Chronicles 29:23	5	Solomon	solomon	solomon
1 Chronicles 29:23	60	David	david	david
1 Chronicles 29:24	66	David	david	david
1 Chronicles 29:24	96	Solomon	solomon	solomon
1 Chronicles 29:25	17	Solomon	solomon	solomon
1 Chronicles 29:26	4	David	david	david
1 Chronicles 29:26	21	Jesse	jesse	jesse
1 Chronicles 29:28	64	Solomon	solomon	solomon
1 Chronicles 29:29	16	David	david	david
1 Chronicles 29:29	91	Samuel	samuel	samuel
1 Chronicles 29:29	130	Nathan	nathan-the-prophet	nathan-the-prophet
2 Chronicles 1:1	0	Solomon	solomon	solomon
2 Chronicles 1:1	19	David	david	david
2 Chronicles 1:2	0	Solomon	solomon	solomon
2 Chronicles 1:3	3	Solomon	solomon	solomon
2 Chronicles 1:3	146	Moses	moses	moses
2 Chronicles 1:4	4	David	david	david
2 Chronicles 1:4	73	David	david	david
2 Chronicles 1:5	122	Solomon	solomon	solomon
2 Chronicles 1:6	0	Solomon	solomon	solomon
2 Chronicles 1:7	28	Solomon	solomon	solomon
2 Chronicles 1:8	0	Solomon	solomon	solomon
2 Chronicles 1:8	62	David	david	david
2 Chronicles 1:9	37	David	david	david
2 Chronicles 1:11	12	Solomon	solomon	solomon
2 Chronicles 1:13	3	Solomon	solomon	solomon
2 Chronicles 1:14	0	Solomon	solomon	solomon
2 Chronicles 1:16	17	Solomon	solomon	solomon
2 Chronicles 2:1	4	Solomon	solomon	solomon
2 Chronicles 2:2	0	Solomon	solomon	solomon
2 Chronicles 2:3	0	Solomon	solomon	solomon
2 Chronicles 2:3	67	David	david	david
2 Chronicles 2:7	236	David	david	david
2 Chronicles 2:11	66	Solomon	solomon	solomon
2 Chronicles 2:12	100	David	david	david
2 Chronicles 2:14	378	David	david	david
2 Chronicles 2:17	0	Solomon	solomon	solomon
2 Chronicles 2:17	95	David	david	david
2 Chronicles 3:1	5	Solomon	solomon	solomon
2 Chronicles 3:1	98	David	david	david
2 Chronicles 3:1	152	David	david	david
2 Chronicles 3:3	36	Solomon	solomon	solomon
2 Chronicles 3:17	178	Boaz	-	boaz
2 Chronicles 4:11	104	Solomon	solomon	solomon
2 Chronicles 4:16	90	Solomon	solomon	solomon
2 Chronicles 4:18	5	Solomon	solomon	solomon
2 Chronicles 4:19	0	Solomon	solomon	solomon
2 Chronicles 5:1	23	Solomon	solomon	solomon
2 Chronicles 5:1	68	Solomon	solomon	solomon
2 Chronicles 5:1	103	David	david	david
2 Chronicles 5:2	5	Solomon	solomon	solomon
2 Chronicles 5:2	206	David	david	david
2 Chronicles 5:6	5	Solomon	solomon	solomon
2 Chronicles 5:10	58	Moses	moses	moses
2 Chronicles 6:1	5	Solomon	solomon	solomon
2 Chronicles 6:4	76	David	david	david
2 Chronicles 6:6	80	David	david	david
2 Chronicles 6:7	27	David	david	david
2 Chronicles 6:8	19	David	david	david
2 Chronicles 6:10	82	David	david	david
2 Chronicles 6:13	5	Solomon	solomon	solomon
2 Chronicles 6:15	32	David	david	david
2 Chronicles 6:16	66	David	david	david
2 Chronicles 6:17	101	David	david	david
2 Chronicles 6:42	91	David	david	david
2 Chronicles 7:1	9	Solomon	solomon	solomon
2 Chronicles 7:5	5	Solomon	solomon	solomon
2 Chronicles 7:6	109	David	david	david
2 Chronicles 7:6	164	David	david	david
2 Chronicles 7:7	9	Solomon	solomon	solomon
2 Chronicles 7:7	192	Solomon	solomon	solomon
2 Chronicles 7:8	3	Solomon	solomon	solomon
2 Chronicles 7:10	153	David	david	david
2 Chronicles 7:10	167	Solomon	solomon	solomon
2 Chronicles 7:11	5	Solomon	solomon	solomon
2 Chronicles 7:11	108	Solomon	solomon	solomon
2 Chronicles 7:12	19	Solomon	solomon	solomon
2 Chronicles 7:17	43	David	david	david
2 Chronicles 7:18	81	David	david	david
2 Chronicles 8:1	37	Solomon	solomon	solomon
2 Chronicles 8:2	0	Solomon	solomon	solomon
2 Chronicles 8:2	50	Solomon	solomon	solomon
2 Chronicles 8:3	0	Solomon	solomon	solomon
2 Chronicles 8:6	45	Solomon	solomon	solomon
2 Chronicles 8:6	137	Solomon	solomon	solomon
2 Chronicles 8:8	108	Solomon	solomon	solomon
2 Chronicles 8:9	31	Solomon	solomon	solomon
2 Chronicles 8:10	38	Solomon	solomon	solomon
2 Chronicles 8:11	0	Solomon	solomon	solomon
2 Chronicles 8:11	45	David	david	david
2 Chronicles 8:11	152	David	david	david
2 Chronicles 8:12	5	Solomon	solomon	solomon
2 Chronicles 8:13	81	Moses	moses	moses
2 Chronicles 8:14	44	David	david	david
2 Chronicles 8:14	283	David	david	david
2 Chronicles 8:16	20	Solomon	solomon	solomon
2 Chronicles 8:17	5	Solomon	solomon	solomon
2 Chronicles 8:18	128	Solomon	solomon	solomon
2 Chronicles 8:18	230	Solomon	solomon	solomon
2 Chronicles 9:1	45	Solomon	solomon	solomon
2 Chronicles 9:1	71	Solomon	solomon	solomon
2 Chronicles 9:1	236	Solomon	solomon	solomon
2 Chronicles 9:2	0	Solomon	solomon	solomon
2 Chronicles 9:2	70	Solomon	solomon	solomon
2 Chronicles 9:3	47	Solomon	solomon	solomon
2 Chronicles 9:9	175	Solomon	solomon	solomon
2 Chronicles 9:10	42	Solomon	solomon	solomon
2 Chronicles 9:12	5	Solomon	solomon	solomon
2 Chronicles 9:13	36	Solomon	solomon	solomon
2 Chronicles 9:14	138	Solomon	solomon	solomon
2 Chronicles 9:15	5	Solomon	solomon	solomon
2 Chronicles 9:20	9	Solomon	solomon	solomon
2 Chronicles 9:20	177	Solomon	solomon	solomon
2 Chronicles 9:22	8	Solomon	solomon	solomon
2 Chronicles 9:23	50	Solomon	solomon	solomon
2 Chronicles 9:25	0	Solomon	solomon	solomon
2 Chronicles 9:28	24	Solomon	solomon	solomon
2 Chronicles 9:29	28	Solomon	solomon	solomon
2 Chronicles 9:29	91	Nathan	nathan-the-prophet	nathan-the-prophet
2 Chronicles 9:30	0	Solomon	solomon	solomon
2 Chronicles 9:31	0	Solomon	solomon	solomon
2 Chronicles 9:31	64	David	david	david
2 Chronicles 9:31	82	Rehoboam	rehoboam	rehoboam
2 Chronicles 10:1	0	Rehoboam	rehoboam	rehoboam
2 Chronicles 10:2	109	Solomon	solomon	solomon
2 Chronicles 10:3	78	Rehoboam	rehoboam	rehoboam
2 Chronicles 10:6	5	Rehoboam	rehoboam	rehoboam
2 Chronicles 10:6	66	Solomon	solomon	solomon
2 Chronicles 10:12	39	Rehoboam	rehoboam	rehoboam
2 Chronicles 10:13	41	Rehoboam	rehoboam	rehoboam
2 Chronicles 10:16	120	David	david	david
2 Chronicles 10:16	170	Jesse	jesse	jesse
2 Chronicles 10:16	237	David	david	david
2 Chronicles 10:17	68	Rehoboam	rehoboam	rehoboam
2 Chronicles 10:18	10	Rehoboam	rehoboam	rehoboam
2 Chronicles 10:18	144	Rehoboam	rehoboam	rehoboam
2 Chronicles 10:19	27	David	david	david
2 Chronicles 11:1	5	Rehoboam	rehoboam	rehoboam
2 Chronicles 11:1	196	Rehoboam	rehoboam	rehoboam
2 Chronicles 11:3	10	Rehoboam	rehoboam	rehoboam
2 Chronicles 11:3	30	Solomon	solomon	solomon
2 Chronicles 11:5	0	Rehoboam	rehoboam	rehoboam
2 Chronicles 11:17	52	Rehoboam	rehoboam	rehoboam
2 Chronicles 11:17	72	Solomon	solomon	solomon
2 Chronicles 11:17	146	David	david	david
2 Chronicles 11:17	156	Solomon	solomon	solomon
2 Chronicles 11:18	0	Rehoboam	rehoboam	rehoboam
2 Chronicles 11:18	79	David	david	david
2 Chronicles 11:18	133	Jesse	jesse	jesse
2 Chronicles 11:20	68	Abijah	abijah-king-of-judah	abijah-king-of-judah
2 Chronicles 11:21	0	Rehoboam	rehoboam	rehoboam
2 Chronicles 11:22	0	Rehoboam	rehoboam	rehoboam
2 Chronicles 11:22	19	Abijah	abijah-king-of-judah	abijah-king-of-judah
2 Chronicles 12:1	20	Rehoboam	rehoboam	rehoboam
2 Chronicles 12:2	26	Rehoboam	rehoboam	rehoboam
2 Chronicles 12:5	33	Rehoboam	rehoboam	rehoboam
2 Chronicles 12:9	201	Solomon	solomon	solomon
2 Chronicles 12:10	5	Rehoboam	rehoboam	rehoboam
2 Chronicles 12:13	8	Rehoboam	rehoboam	rehoboam
2 Chronicles 12:13	68	Rehoboam	rehoboam	rehoboam
2 Chronicles 12:15	16	Rehoboam	rehoboam	rehoboam
2 Chronicles 12:15	169	Rehoboam	rehoboam	rehoboam
2 Chronicles 12:16	0	Rehoboam	rehoboam	rehoboam
2 Chronicles 12:16	51	David	david	david
2 Chronicles 12:16	69	Abijah	abijah-king-of-judah	abijah-king-of-judah
2 Chronicles 13:1	41	Abijah	abijah-king-of-judah	abijah-king-of-judah
2 Chronicles 13:2	122	Abijah	abijah-king-of-judah	abijah-king-of-judah
2 Chronicles 13:3	0	Abijah	abijah-king-of-judah	abijah-king-of-judah
2 Chronicles 13:4	0	Abijah	abijah-king-of-judah	abijah-king-of-judah
2 Chronicles 13:5	86	David	david	david
2 Chronicles 13:6	46	Solomon	solomon	solomon
2 Chronicles 13:6	65	David	david	david
2 Chronicles 13:7	85	Rehoboam	rehoboam	rehoboam
2 Chronicles 13:7	105	Solomon	solomon	solomon
2 Chronicles 13:7	119	Rehoboam	rehoboam	rehoboam
2 Chronicles 13:8	78	David	david	david
2 Chronicles 13:9	58	Aaron	aaron	aaron
2 Chronicles 13:10	109	Aaron	aaron	aaron
2 Chronicles 13:15	107	Abijah	abijah-king-of-judah	abijah-king-of-judah
2 Chronicles 13:17	0	Abijah	abijah-king-of-judah	abijah-king-of-judah
2 Chronicles 13:19	0	Abijah	abijah-king-of-judah	abijah-king-of-judah
2 Chronicles 13:20	54	Abijah	abijah-king-of-judah	abijah-king-of-judah
2 Chronicles 13:21	4	Abijah	abijah-king-of-judah	abijah-king-of-judah
2 Chronicles 13:22	24	Abijah	abijah-king-of-judah	abijah-king-of-judah
2 Chronicles 14:1	3	Abijah	abijah-king-of-judah	abijah-king-of-judah
2 Chronicles 14:1	57	David	david	david
2 Chronicles 14:1	75	Asa	asa	asa
2 Chronicles 14:2	0	Asa	asa	asa
2 Chronicles 14:8	0	Asa	asa	asa
2 Chronicles 14:9	0	Zerah	-	zerah-son-of-judah
2 Chronicles 14:10	5	Asa	asa	asa
2 Chronicles 14:11	0	Asa	asa	asa
2 Chronicles 14:12	39	Asa	asa	asa
2 Chronicles 14:13	0	Asa	asa	asa
2 Chronicles 15:1	4	Spirit of God	holy-spirit	holy-spirit
2 Chronicles 15:1	26	Azariah	uzziah	uzziah
2 Chronicles 15:2	24	Asa	asa	asa
2 Chronicles 15:2	56	Asa	asa	asa
2 Chronicles 15:8	5	Asa	asa	asa
2 Chronicles 15:9	82	Manasseh	manasseh-king-of-judah	manasseh-king-of-judah
2 Chronicles 15:9	96	Simeon	-	simeon-at-the-temple
2 Chronicles 15:10	95	Asa	asa	asa
2 Chronicles 15:16	27	Asa	asa	asa
2 Chronicles 15:16	130	Asa	asa	asa
2 Chronicles 15:17	81	Asa	asa	asa
2 Chronicles 15:19	50	Asa	asa	asa
2 Chronicles 16:1	28	Asa	asa	asa
2 Chronicles 16:1	158	Asa	asa	asa
2 Chronicles 16:2	5	Asa	asa	asa
2 Chronicles 16:4	27	Asa	asa	asa
2 Chronicles 16:4	125	Abel	abel	abel
2 Chronicles 16:6	5	Asa	asa	asa
2 Chronicles 16:7	37	Asa	asa	asa
2 Chronicles 16:10	5	Asa	asa	asa
2 Chronicles 16:10	114	Asa	asa	asa
2 Chronicles 16:11	20	Asa	asa	asa
2 Chronicles 16:12	39	Asa	asa	asa
2 Chronicles 16:13	0	Asa	asa	asa
2 Chronicles 16:14	69	David	david	david
2 Chronicles 17:1	0	Jehoshaphat	jehoshaphat	jehoshaphat
2 Chronicles 17:2	131	Asa	asa	asa
2 Chronicles 17:3	16	Jehoshaphat	jehoshaphat	jehoshaphat
2 Chronicles 17:3	79	David	david	david
2 Chronicles 17:5	83	Jehoshaphat	jehoshaphat	jehoshaphat
2 Chronicles 17:7	81	Zechariah	-	zechariah-father-of-john-baptist
2 Chronicles 17:8	172	Jehoram	joram-king-of-judah	joram-king-of-judah
2 Chronicles 17:10	114	Jehoshaphat	jehoshaphat	jehoshaphat
2 Chronicles 17:11	32	Jehoshaphat	jehoshaphat	jehoshaphat
2 Chronicles 17:12	0	Jehoshaphat	jehoshaphat	jehoshaphat
2 Chronicles 18:1	4	Jehoshaphat	jehoshaphat	jehoshaphat
2 Chronicles 18:3	28	Jehoshaphat	jehoshaphat	jehoshaphat
2 Chronicles 18:4	0	Jehoshaphat	jehoshaphat	jehoshaphat
2 Chronicles 18:6	4	Jehoshaphat	jehoshaphat	jehoshaphat
2 Chronicles 18:7	27	Jehoshaphat	jehoshaphat	jehoshaphat
2 Chronicles 18:7	205	Jehoshaphat	jehoshaphat	jehoshaphat
2 Chronicles 18:9	27	Jehoshaphat	jehoshaphat	jehoshaphat
2 Chronicles 18:17	27	Jehoshaphat	jehoshaphat	jehoshaphat
2 Chronicles 18:25	62	Amon	amon-king-of-judah	amon-king-of-judah
2 Chronicles 18:28	26	Jehoshaphat	jehoshaphat	jehoshaphat
2 Chronicles 18:29	27	Jehoshaphat	jehoshaphat	jehoshaphat
2 Chronicles 18:31	38	Jehoshaphat	jehoshaphat	jehoshaphat
2 Chronicles 18:31	145	Jehoshaphat	jehoshaphat	jehoshaphat
2 Chronicles 19:1	0	Jehoshaphat	jehoshaphat	jehoshaphat
2 Chronicles 19:2	71	Jehoshaphat	jehoshaphat	jehoshaphat
2 Chronicles 19:4	0	Jehoshaphat	jehoshaphat	jehoshaphat
2 Chronicles 19:8	22	Jehoshaphat	jehoshaphat	jehoshaphat
2 Chronicles 20:1	107	Jehoshaphat	jehoshaphat	jehoshaphat
2 Chronicles 20:2	24	Jehoshaphat	jehoshaphat	jehoshaphat
2 Chronicles 20:3	0	Jehoshaphat	jehoshaphat	jehoshaphat
2 Chronicles 20:5	0	Jehoshaphat	jehoshaphat	jehoshaphat
2 Chronicles 20:7	119	Abraham	abraham	abraham
2 Chronicles 20:14	49	Zechariah	-	zechariah-father-of-john-baptist
2 Chronicles 20:15	81	Jehoshaphat	jehoshaphat	jehoshaphat
2 Chronicles 20:18	0	Jehoshaphat	jehoshaphat	jehoshaphat
2 Chronicles 20:20	93	Jehoshaphat	jehoshaphat	jehoshaphat
2 Chronicles 20:25	5	Jehoshaphat	jehoshaphat	jehoshaphat
2 Chronicles 20:27	59	Jehoshaphat	jehoshaphat	jehoshaphat
2 Chronicles 20:30	16	Jehoshaphat	jehoshaphat	jehoshaphat
2 Chronicles 20:31	0	Jehoshaphat	jehoshaphat	jehoshaphat
2 Chronicles 20:32	24	Asa	asa	asa
2 Chronicles 20:34	28	Jehoshaphat	jehoshaphat	jehoshaphat
2 Chronicles 20:35	12	Jehoshaphat	jehoshaphat	jehoshaphat
2 Chronicles 20:37	64	Jehoshaphat	jehoshaphat	jehoshaphat
2 Chronicles 21:1	0	Jehoshaphat	jehoshaphat	jehoshaphat
2 Chronicles 21:1	71	David	david	david
2 Chronicles 21:1	89	Jehoram	joram-king-of-judah	joram-king-of-judah
2 Chronicles 21:2	29	Jehoshaphat	jehoshaphat	jehoshaphat
2 Chronicles 21:2	42	Azariah	uzziah	uzziah
2 Chronicles 21:2	59	Zechariah	-	zechariah-father-of-john-baptist
2 Chronicles 21:2	70	Azariah	uzziah	uzziah
2 Chronicles 21:2	79	Michael	michael-archangel	michael-archangel
2 Chronicles 21:2	131	Jehoshaphat	jehoshaphat	jehoshaphat
2 Chronicles 21:3	138	Jehoram	joram-king-of-judah	joram-king-of-judah
2 Chronicles 21:4	9	Jehoram	joram-king-of-judah	joram-king-of-judah
2 Chronicles 21:5	0	Jehoram	joram-king-of-judah	joram-king-of-judah
2 Chronicles 21:7	33	David	david	david
2 Chronicles 21:7	94	David	david	david
2 Chronicles 21:9	5	Jehoram	joram-king-of-judah	joram-king-of-judah
2 Chronicles 21:12	26	Elijah	elijah	elijah
2 Chronicles 21:12	74	David	david	david
2 Chronicles 21:12	143	Jehoshaphat	jehoshaphat	jehoshaphat
2 Chronicles 21:12	187	Asa	asa	asa
2 Chronicles 21:16	26	Jehoram	joram-king-of-judah	joram-king-of-judah
2 Chronicles 21:20	150	David	david	david
2 Chronicles 22:1	189	Jehoram	joram-king-of-judah	joram-king-of-judah
2 Chronicles 22:3	71	counselor	holy-spirit	holy-spirit
2 Chronicles 22:5	46	Jehoram	joram-king-of-judah	joram-king-of-judah
2 Chronicles 22:5	163	Joram	joram-king-of-judah	joram-king-of-judah
2 Chronicles 22:6	130	Azariah	uzziah	uzziah
2 Chronicles 22:6	149	Jehoram	joram-king-of-judah	joram-king-of-judah
2 Chronicles 22:6	188	Jehoram	joram-king-of-judah	joram-king-of-judah
2 Chronicles 22:7	62	Joram	joram-king-of-judah	joram-king-of-judah
2 Chronicles 22:7	108	Jehoram	joram-king-of-judah	joram-king-of-judah
2 Chronicles 22:9	171	Jehoshaphat	jehoshaphat	jehoshaphat
2 Chronicles 22:11	220	Jehoram	joram-king-of-judah	joram-king-of-judah
2 Chronicles 23:1	87	Azariah	uzziah	uzziah
2 Chronicles 23:1	145	Azariah	uzziah	uzziah
2 Chronicles 23:1	164	Obed	obed	obed
2 Chronicles 23:3	160	David	david	david
2 Chronicles 23:9	116	David	david	david
2 Chronicles 23:18	98	David	david	david
2 Chronicles 23:18	253	David	david	david
2 Chronicles 24:6	121	Moses	moses	moses
2 Chronicles 24:9	90	Moses	moses	moses
2 Chronicles 24:16	19	David	david	david
2 Chronicles 24:20	4	Spirit of God	holy-spirit	holy-spirit
2 Chronicles 24:20	26	Zechariah	-	zechariah-father-of-john-baptist
2 Chronicles 24:25	211	David	david	david
2 Chronicles 25:4	112	Moses	moses	moses
2 Chronicles 25:24	89	Obed	obed	obed
2 Chronicles 26:1	29	Uzziah	uzziah	uzziah
2 Chronicles 26:3	0	Uzziah	uzziah	uzziah
2 Chronicles 26:5	42	Zechariah	-	zechariah-father-of-john-baptist
2 Chronicles 26:8	30	Uzziah	uzziah	uzziah
2 Chronicles 26:9	9	Uzziah	uzziah	uzziah
2 Chronicles 26:11	9	Uzziah	uzziah	uzziah
2 Chronicles 26:14	0	Uzziah	uzziah	uzziah
2 Chronicles 26:17	0	Azariah	uzziah	uzziah
2 Chronicles 26:18	14	Uzziah	uzziah	uzziah
2 Chronicles 26:18	67	Uzziah	uzziah	uzziah
2 Chronicles 26:18	134	Aaron	aaron	aaron
2 Chronicles 26:19	5	Uzziah	uzziah	uzziah
2 Chronicles 26:20	0	Azariah	uzziah	uzziah
2 Chronicles 26:21	0	Uzziah	uzziah	uzziah
2 Chronicles 26:21	139	Jotham	jotham-king-of-judah	jotham-king-of-judah
2 Chronicles 26:22	28	Uzziah	uzziah	uzziah
2 Chronicles 26:22	52	Isaiah	isaiah	isaiah
2 Chronicles 26:23	3	Uzziah	uzziah	uzziah
2 Chronicles 26:23	155	Jotham	jotham-king-of-judah	jotham-king-of-judah
2 Chronicles 27:1	0	Jotham	jotham-king-of-judah	jotham-king-of-judah
2 Chronicles 27:1	147	Zadok	-	zadok-in-jesus-genealogy
2 Chronicles 27:2	79	Uzziah	uzziah	uzziah
2 Chronicles 27:6	3	Jotham	jotham-king-of-judah	jotham-king-of-judah
2 Chronicles 27:7	28	Jotham	jotham-king-of-judah	jotham-king-of-judah
2 Chronicles 27:9	0	Jotham	jotham-king-of-judah	jotham-king-of-judah
2 Chronicles 27:9	54	David	david	david
2 Chronicles 27:9	72	Ahaz	ahaz	ahaz
2 Chronicles 28:1	0	Ahaz	ahaz	ahaz
2 Chronicles 28:1	150	David	david	david
2 Chronicles 28:12	51	Azariah	uzziah	uzziah
2 Chronicles 28:16	18	Ahaz	ahaz	ahaz
2 Chronicles 28:19	40	Ahaz	ahaz	ahaz
2 Chronicles 28:21	4	Ahaz	ahaz	ahaz
2 Chronicles 28:22	83	Ahaz	ahaz	ahaz
2 Chronicles 28:24	0	Ahaz	ahaz	ahaz
2 Chronicles 28:27	0	Ahaz	ahaz	ahaz
2 Chronicles 28:27	154	Hezekiah	hezekiah	hezekiah
2 Chronicles 29:1	0	Hezekiah	hezekiah	hezekiah
2 Chronicles 29:1	128	Abijah	abijah-king-of-judah	abijah-king-of-judah
2 Chronicles 29:1	152	Zechariah	-	zechariah-father-of-john-baptist
2 Chronicles 29:2	68	David	david	david
2 Chronicles 29:12	71	Azariah	uzziah	uzziah
2 Chronicles 29:12	164	Azariah	uzziah	uzziah
2 Chronicles 29:13	74	Zechariah	-	zechariah-father-of-john-baptist
2 Chronicles 29:18	21	Hezekiah	hezekiah	hezekiah
2 Chronicles 29:19	37	Ahaz	ahaz	ahaz
2 Chronicles 29:20	5	Hezekiah	hezekiah	hezekiah
2 Chronicles 29:21	180	Aaron	aaron	aaron
2 Chronicles 29:25	126	David	david	david
2 Chronicles 29:25	161	Nathan	nathan-the-prophet	nathan-the-prophet
2 Chronicles 29:26	23	David	david	david
2 Chronicles 29:27	0	Hezekiah	hezekiah	hezekiah
2 Chronicles 29:27	151	David	david	david
2 Chronicles 29:30	9	Hezekiah	hezekiah	hezekiah
2 Chronicles 29:30	109	David	david	david
2 Chronicles 29:31	5	Hezekiah	hezekiah	hezekiah
2 Chronicles 29:36	0	Hezekiah	hezekiah	hezekiah
2 Chronicles 30:1	0	Hezekiah	hezekiah	hezekiah
2 Chronicles 30:1	77	Manasseh	manasseh-king-of-judah	manasseh-king-of-judah
2 Chronicles 30:6	213	Abraham	abraham	abraham
2 Chronicles 30:6	222	Isaac	isaac	isaac
2 Chronicles 30:10	76	Manasseh	manasseh-king-of-judah	manasseh-king-of-judah
2 Chronicles 30:11	35	Manasseh	manasseh-king-of-judah	manasseh-king-of-judah
2 Chronicles 30:18	53	Manasseh	manasseh-king-of-judah	manasseh-king-of-judah
2 Chronicles 30:18	179	Hezekiah	hezekiah	hezekiah
2 Chronicles 30:20	19	Hezekiah	hezekiah	hezekiah
2 Chronicles 30:22	0	Hezekiah	hezekiah	hezekiah
2 Chronicles 30:24	4	Hezekiah	hezekiah	hezekiah
2 Chronicles 30:26	59	Solomon	solomon	solomon
2 Chronicles 30:26	78	David	david	david
2 Chronicles 31:1	251	Manasseh	manasseh-king-of-judah	manasseh-king-of-judah
2 Chronicles 31:2	0	Hezekiah	hezekiah	hezekiah
2 Chronicles 31:8	5	Hezekiah	hezekiah	hezekiah
2 Chronicles 31:9	5	Hezekiah	hezekiah	hezekiah
2 Chronicles 31:10	0	Azariah	uzziah	uzziah
2 Chronicles 31:10	42	Zadok	-	zadok-in-jesus-genealogy
2 Chronicles 31:11	5	Hezekiah	hezekiah	hezekiah
2 Chronicles 31:13	178	Hezekiah	hezekiah	hezekiah
2 Chronicles 31:13	200	Azariah	uzziah	uzziah
2 Chronicles 31:19	21	Aaron	aaron	aaron
2 Chronicles 31:20	0	Hezekiah	hezekiah	hezekiah
2 Chronicles 32:2	5	Hezekiah	hezekiah	hezekiah
2 Chronicles 32:5	148	David	david	david
2 Chronicles 32:8	142	Hezekiah	hezekiah	hezekiah
2 Chronicles 32:9	132	Hezekiah	hezekiah	hezekiah
2 Chronicles 32:11	8	Hezekiah	hezekiah	hezekiah
2 Chronicles 32:12	16	Hezekiah	hezekiah	hezekiah
2 Chronicles 32:15	24	Hezekiah	hezekiah	hezekiah
2 Chronicles 32:16	72	Hezekiah	hezekiah	hezekiah
2 Chronicles 32:17	209	Hezekiah	hezekiah	hezekiah
2 Chronicles 32:20	0	Hezekiah	hezekiah	hezekiah
2 Chronicles 32:20	22	Isaiah	isaiah	isaiah
2 Chronicles 32:22	18	Hezekiah	hezekiah	hezekiah
2 Chronicles 32:23	66	Hezekiah	hezekiah	hezekiah
2 Chronicles 32:24	14	Hezekiah	hezekiah	hezekiah
2 Chronicles 32:25	4	Hezekiah	hezekiah	hezekiah
2 Chronicles 32:26	16	Hezekiah	hezekiah	hezekiah
2 Chronicles 32:26	169	Hezekiah	hezekiah	hezekiah
2 Chronicles 32:27	0	Hezekiah	hezekiah	hezekiah
2 Chronicles 32:30	10	Hezekiah	hezekiah	hezekiah
2 Chronicles 32:30	124	David	david	david
2 Chronicles 32:30	138	Hezekiah	hezekiah	hezekiah
2 Chronicles 32:32	28	Hezekiah	hezekiah	hezekiah
2 Chronicles 32:32	100	Isaiah	isaiah	isaiah
2 Chronicles 32:33	0	Hezekiah	hezekiah	hezekiah
2 Chronicles 32:33	95	David	david	david
2 Chronicles 32:33	171	Manasseh	manasseh-king-of-judah	manasseh-king-of-judah
2 Chronicles 33:1	0	Manasseh	manasseh-king-of-judah	manasseh-king-of-judah
2 Chronicles 33:3	41	Hezekiah	hezekiah	hezekiah
2 Chronicles 33:7	95	David	david	david
2 Chronicles 33:7	108	Solomon	solomon	solomon
2 Chronicles 33:8	229	Moses	moses	moses
2 Chronicles 33:9	0	Manasseh	manasseh-king-of-judah	manasseh-king-of-judah
2 Chronicles 33:10	16	Manasseh	manasseh-king-of-judah	manasseh-king-of-judah
2 Chronicles 33:11	91	Manasseh	manasseh-king-of-judah	manasseh-king-of-judah
2 Chronicles 33:13	133	Manasseh	manasseh-king-of-judah	manasseh-king-of-judah
2 Chronicles 33:14	42	David	david	david
2 Chronicles 33:18	28	Manasseh	manasseh-king-of-judah	manasseh-king-of-judah
2 Chronicles 33:20	3	Manasseh	manasseh-king-of-judah	manasseh-king-of-judah
2 Chronicles 33:20	78	Amon	amon-king-of-judah	amon-king-of-judah
2 Chronicles 33:21	0	Amon	amon-king-of-judah	amon-king-of-judah
2 Chronicles 33:22	53	Manasseh	manasseh-king-of-judah	manasseh-king-of-judah
2 Chronicles 33:22	78	Amon	amon-king-of-judah	amon-king-of-judah
2 Chronicles 33:22	127	Manasseh	manasseh-king-of-judah	manasseh-king-of-judah
2 Chronicles 33:23	43	Manasseh	manasseh-king-of-judah	manasseh-king-of-judah
2 Chronicles 33:23	98	Amon	amon-king-of-judah	amon-king-of-judah
2 Chronicles 33:25	75	Amon	amon-king-of-judah	amon-king-of-judah
2 Chronicles 33:25	113	Josiah	josiah	josiah
2 Chronicles 34:1	0	Josiah	josiah	josiah
2 Chronicles 34:2	72	David	david	david
2 Chronicles 34:3	95	David	david	david
2 Chronicles 34:6	29	Manasseh	manasseh-king-of-judah	manasseh-king-of-judah
2 Chronicles 34:6	52	Simeon	-	simeon-at-the-temple
2 Chronicles 34:9	177	Manasseh	manasseh-king-of-judah	manasseh-king-of-judah
2 Chronicles 34:12	114	Zechariah	-	zechariah-father-of-john-baptist
2 Chronicles 34:14	129	Moses	moses	moses
2 Chronicles 34:33	0	Josiah	josiah	josiah
2 Chronicles 35:1	0	Josiah	josiah	josiah
2 Chronicles 35:3	108	Solomon	solomon	solomon
2 Chronicles 35:3	127	David	david	david
2 Chronicles 35:4	93	David	david	david
2 Chronicles 35:4	147	Solomon	solomon	solomon
2 Chronicles 35:6	107	Moses	moses	moses
2 Chronicles 35:7	0	Josiah	josiah	josiah
2 Chronicles 35:8	101	Zechariah	-	zechariah-father-of-john-baptist
2 Chronicles 35:12	193	Moses	moses	moses
2 Chronicles 35:14	92	Aaron	aaron	aaron
2 Chronicles 35:14	245	Aaron	aaron	aaron
2 Chronicles 35:15	83	David	david	david
2 Chronicles 35:16	163	Josiah	josiah	josiah
2 Chronicles 35:18	64	Samuel	samuel	samuel
2 Chronicles 35:18	143	Josiah	josiah	josiah
2 Chronicles 35:19	62	Josiah	josiah	josiah
2 Chronicles 35:20	21	Josiah	josiah	josiah
2 Chronicles 35:20	130	Josiah	josiah	josiah
2 Chronicles 35:22	13	Josiah	josiah	josiah
2 Chronicles 35:23	25	Josiah	josiah	josiah
2 Chronicles 35:24	215	Josiah	josiah	josiah
2 Chronicles 35:25	0	Jeremiah	-	jeremiah
2 Chronicles 35:25	22	Josiah	josiah	josiah
2 Chronicles 35:25	81	Josiah	josiah	josiah
2 Chronicles 35:26	28	Josiah	josiah	josiah
2 Chronicles 36:1	53	Josiah	josiah	josiah
2 Chronicles 36:4	23	Eliakim	eliakim-son-of-abiud	eliakim-son-of-abiud
2 Chronicles 36:8	182	Jehoiachin	jeconiah	jeconiah
2 Chronicles 36:9	0	Jehoiachin	jeconiah	jeconiah
2 Chronicles 36:12	86	Jeremiah	-	jeremiah
2 Chronicles 36:21	28	Jeremiah	-	jeremiah
2 Chronicles 36:22	82	Jeremiah	-	jeremiah
Ezra 1:1	69	Jeremiah	-	jeremiah
Ezra 2:2	14	Zerubbabel	zerubbabel	zerubbabel
Ezra 2:2	34	Nehemiah	nehemiah	nehemiah
Ezra 2:2	63	Mordecai	mordecai	mordecai
Ezra 2:16	25	Hezekiah	hezekiah	hezekiah
Ezra 2:55	16	Solomon	solomon	solomon
Ezra 2:58	45	Solomon	solomon	solomon
Ezra 3:2	75	Zerubbabel	zerubbabel	zerubbabel
Ezra 3:2	97	Shealtiel	shealtiel	shealtiel
Ezra 3:8	89	Zerubbabel	zerubbabel	zerubbabel
Ezra 3:8	111	Shealtiel	shealtiel	shealtiel
Ezra 3:10	210	David	david	david
Ezra 4:2	18	Zerubbabel	zerubbabel	zerubbabel
Ezra 4:3	4	Zerubbabel	zerubbabel	zerubbabel
Ezra 5:1	41	Zechariah	-	zechariah-father-of-john-baptist
Ezra 5:2	5	Zerubbabel	zerubbabel	zerubbabel
Ezra 5:2	27	Shealtiel	shealtiel	shealtiel
Ezra 6:14	94	Zechariah	-	zechariah-father-of-john-baptist
Ezra 6:18	154	Moses	moses	moses
Ezra 7:1	67	Ezra	ezra	ezra
Ezra 7:1	103	Azariah	-	uzziah
Ezra 7:2	31	Zadok	-	zadok-in-jesus-genealogy
Ezra 7:3	31	Azariah	-	uzziah
Ezra 7:5	52	Eleazar	-	eleazar-in-jesus-genealogy
Ezra 7:5	72	Aaron	aaron	aaron
Ezra 7:6	5	Ezra	ezra	ezra
Ezra 7:10	4	Ezra	ezra	ezra
Ezra 7:11	68	Ezra	ezra	ezra
Ezra 7:12	30	Ezra	ezra	ezra
Ezra 7:21	107	Ezra	ezra	ezra
Ezra 7:25	5	Ezra	ezra	ezra
Ezra 8:2	58	Daniel	daniel	daniel
Ezra 8:2	81	David	david	david
Ezra 8:3	49	Zechariah	-	zechariah-father-of-john-baptist
Ezra 8:8	47	Michael	michael-archangel	michael-archangel
Ezra 8:11	22	Zechariah	-	zechariah-father-of-john-baptist
Ezra 8:15	180	Levi	-	matthew-levi
Ezra 8:16	93	Nathan	-	nathan-the-prophet
Ezra 8:16	105	Zechariah	-	zechariah-father-of-john-baptist
Ezra 8:18	114	Levi	-	matthew-levi
Ezra 8:20	33	David	david	david
Ezra 8:33	167	Eleazar	-	eleazar-in-jesus-genealogy
Ezra 10:1	10	Ezra	ezra	ezra
Ezra 10:2	63	Ezra	ezra	ezra
Ezra 10:5	5	Ezra	ezra	ezra
Ezra 10:6	5	Ezra	ezra	ezra
Ezra 10:10	0	Ezra	ezra	ezra
Ezra 10:16	38	Ezra	ezra	ezra
Ezra 10:19	92	ram	-	ram-son-of-hezron
Ezra 10:21	36	Elijah	elijah	elijah
Ezra 10:21	74	Uzziah	uzziah	uzziah
Ezra 10:25	86	Eleazar	-	eleazar-in-jesus-genealogy
Ezra 10:26	32	Zechariah	-	zechariah-father-of-john-baptist
Ezra 10:26	83	Elijah	elijah	elijah
Ezra 10:30	100	Manasseh	-	manasseh-king-of-judah
Ezra 10:33	71	Manasseh	-	manasseh-king-of-judah
Ezra 10:39	19	Nathan	-	nathan-the-prophet
Ezra 10:42	18	Joseph	joseph-son-of-jacob	joseph-son-of-jacob
Nehemiah 1:1	13	Nehemiah	nehemiah	nehemiah
Nehemiah 1:7	149	Moses	moses	moses
Nehemiah 1:8	63	Moses	moses	moses
Nehemiah 3:4	169	Zadok	-	zadok-in-jesus-genealogy
Nehemiah 3:15	261	David	david	david
Nehemiah 3:16	11	Nehemiah	nehemiah	nehemiah
Nehemiah 3:16	130	David	david	david
Nehemiah 3:23	83	Azariah	-	uzziah
Nehemiah 3:24	81	Azariah	-	uzziah
Nehemiah 3:29	12	Zadok	-	zadok-in-jesus-genealogy
Nehemiah 7:7	14	Zerubbabel	zerubbabel	zerubbabel
Nehemiah 7:7	34	Nehemiah	nehemiah	nehemiah
Nehemiah 7:7	44	Azariah	-	uzziah
Nehemiah 7:7	72	Mordecai	mordecai	mordecai
Nehemiah 7:21	25	Hezekiah	hezekiah	hezekiah
Nehemiah 7:57	16	Solomon	solomon	solomon
Nehemiah 7:59	105	Amon	-	amon-king-of-judah
Nehemiah 7:60	45	Solomon	solomon	solomon
Nehemiah 8:1	130	Ezra	ezra	ezra
Nehemiah 8:2	0	Ezra	ezra	ezra
Nehemiah 8:4	0	Ezra	ezra	ezra
Nehemiah 8:4	250	Zechariah	-	zechariah-father-of-john-baptist
Nehemiah 8:5	0	Ezra	ezra	ezra
Nehemiah 8:6	5	Ezra	ezra	ezra
Nehemiah 8:7	82	Azariah	-	uzziah
Nehemiah 8:9	0	Nehemiah	nehemiah	nehemiah
Nehemiah 8:9	36	Ezra	ezra	ezra
Nehemiah 8:13	126	Ezra	ezra	ezra
Nehemiah 8:14	58	Moses	moses	moses
Nehemiah 9:7	34	Abram	abraham	abraham
Nehemiah 9:7	101	Abraham	abraham	abraham
Nehemiah 9:14	99	Moses	moses	moses
Nehemiah 10:1	27	Nehemiah	nehemiah	nehemiah
Nehemiah 10:2	9	Azariah	-	uzziah
Nehemiah 10:2	18	Jeremiah	-	jeremiah
Nehemiah 10:6	0	Daniel	daniel	daniel
Nehemiah 10:7	11	Abijah	-	abijah-king-of-judah
Nehemiah 10:17	6	Hezekiah	hezekiah	hezekiah
Nehemiah 10:21	12	Zadok	-	zadok-in-jesus-genealogy
Nehemiah 10:23	0	Hoshea	joshua	joshua
Nehemiah 10:29	132	Moses	moses	moses
Nehemiah 10:38	22	Aaron	aaron	aaron
Nehemiah 10:39	47	Levi	-	matthew-levi
Nehemiah 11:3	217	Solomon	solomon	solomon
Nehemiah 11:4	127	Uzziah	uzziah	uzziah
Nehemiah 11:4	146	Zechariah	-	zechariah-father-of-john-baptist
Nehemiah 11:4	241	Perez	perez	perez
Nehemiah 11:5	123	Zechariah	-	zechariah-father-of-john-baptist
Nehemiah 11:6	16	Perez	perez	perez
Nehemiah 11:11	61	Zadok	-	zadok-in-jesus-genealogy
Nehemiah 11:12	156	Zechariah	-	zechariah-father-of-john-baptist
Nehemiah 11:24	52	Zerah	-	zerah-son-of-judah
Nehemiah 12:1	59	Zerubbabel	zerubbabel	zerubbabel
Nehemiah 12:1	81	Shealtiel	shealtiel	shealtiel
Nehemiah 12:1	113	Jeremiah	-	jeremiah
Nehemiah 12:1	123	Ezra	ezra	ezra
Nehemiah 12:4	17	Abijah	-	abijah-king-of-judah
Nehemiah 12:12	91	Jeremiah	-	jeremiah
Nehemiah 12:13	3	Ezra	ezra	ezra
Nehemiah 12:14	37	Joseph	joseph-son-of-jacob	joseph-son-of-jacob
Nehemiah 12:16	9	Zechariah	-	zechariah-father-of-john-baptist
Nehemiah 12:17	3	Abijah	-	abijah-king-of-judah
Nehemiah 12:23	12	Levi	-	matthew-levi
Nehemiah 12:24	174	David	david	david
Nehemiah 12:26	92	Nehemiah	nehemiah	nehemiah
Nehemiah 12:26	122	Ezra	ezra	ezra
Nehemiah 12:33	4	Azariah	-	uzziah
Nehemiah 12:33	13	Ezra	ezra	ezra
Nehemiah 12:34	27	Jeremiah	-	jeremiah
Nehemiah 12:35	45	Zechariah	-	zechariah-father-of-john-baptist
Nehemiah 12:36	121	David	david	david
Nehemiah 12:36	147	Ezra	ezra	ezra
Nehemiah 12:37	76	David	david	david
Nehemiah 12:37	123	David	david	david
Nehemiah 12:41	17	Eliakim	eliakim-son-of-abiud	eliakim-son-of-abiud
Nehemiah 12:41	65	Zechariah	-	zechariah-father-of-john-baptist
Nehemiah 12:42	24	Eleazar	-	eleazar-in-jesus-genealogy
Nehemiah 12:45	144	David	david	david
Nehemiah 12:45	158	Solomon	solomon	solomon
Nehemiah 12:46	19	David	david	david
Nehemiah 12:47	26	Zerubbabel	zerubbabel	zerubbabel
Nehemiah 12:47	57	Nehemiah	nehemiah	nehemiah
Nehemiah 12:47	248	Aaron	aaron	aaron
Nehemiah 13:1	37	Moses	moses	moses
Nehemiah 13:2	85	Balaam	balaam	balaam
Nehemiah 13:13	65	Zadok	-	zadok-in-jesus-genealogy
Nehemiah 13:26	7	Solomon	solomon	solomon
Esther 2:5	63	Mordecai	mordecai	mordecai
Esther 2:6	90	Jeconiah	jeconiah	jeconiah
Esther 2:7	14	Hadassah	esther	esther
Esther 2:7	33	Esther	esther	esther
Esther 2:7	179	Mordecai	mordecai	mordecai
Esther 2:8	152	Esther	esther	esther
Esther 2:10	0	Esther	esther	esther
Esther 2:10	64	Mordecai	mordecai	mordecai
Esther 2:11	0	Mordecai	mordecai	mordecai
Esther 2:11	86	Esther	esther	esther
Esther 2:15	21	Esther	esther	esther
Esther 2:15	66	Mordecai	mordecai	mordecai
Esther 2:15	228	Esther	esther	esther
Esther 2:16	3	Esther	esther	esther
Esther 2:17	15	Esther	esther	esther
Esther 2:18	76	Esther	esther	esther
Esther 2:19	57	Mordecai	mordecai	mordecai
Esther 2:20	0	Esther	esther	esther
Esther 2:20	63	Mordecai	mordecai	mordecai
Esther 2:20	95	Esther	esther	esther
Esther 2:20	109	Mordecai	mordecai	mordecai
Esther 2:21	21	Mordecai	mordecai	mordecai
Esther 2:22	27	Mordecai	mordecai	mordecai
Esther 2:22	50	Esther	esther	esther
Esther 2:22	72	Esther	esther	esther
Esther 2:22	100	Mordecai	mordecai	mordecai
Esther 3:2	140	Mordecai	mordecai	mordecai
Esther 3:3	63	Mordecai	mordecai	mordecai
Esther 3:4	118	Mordecai	mordecai	mordecai
Esther 3:5	20	Mordecai	mordecai	mordecai
Esther 3:6	46	Mordecai	mordecai	mordecai
Esther 3:6	93	Mordecai	mordecai	mordecai
Esther 3:6	216	Mordecai	mordecai	mordecai
Esther 4:1	9	Mordecai	mordecai	mordecai
Esther 4:1	47	Mordecai	mordecai	mordecai
Esther 4:4	0	Esther	esther	esther
Esther 4:4	117	Mordecai	mordecai	mordecai
Esther 4:5	5	Esther	esther	esther
Esther 4:5	123	Mordecai	mordecai	mordecai
Esther 4:6	23	Mordecai	mordecai	mordecai
Esther 4:7	0	Mordecai	mordecai	mordecai
Esther 4:8	116	Esther	esther	esther
Esther 4:9	22	Esther	esther	esther
Esther 4:9	42	Mordecai	mordecai	mordecai
Esther 4:10	5	Esther	esther	esther
Esther 4:10	56	Mordecai	mordecai	mordecai
Esther 4:12	13	Mordecai	mordecai	mordecai
Esther 4:12	22	Esther	esther	esther
Esther 4:13	5	Mordecai	mordecai	mordecai
Esther 4:13	42	Esther	esther	esther
Esther 4:15	5	Esther	esther	esther
Esther 4:15	33	Mordecai	mordecai	mordecai
Esther 4:17	3	Mordecai	mordecai	mordecai
Esther 4:17	56	Esther	esther	esther
Esther 5:1	22	Esther	esther	esther
Esther 5:2	18	Esther	esther	esther
Esther 5:2	116	Esther	esther	esther
Esther 5:2	167	Esther	esther	esther
Esther 5:3	53	Esther	esther	esther
Esther 5:4	0	Esther	esther	esther
Esther 5:5	68	Esther	esther	esther
Esther 5:5	133	Esther	esther	esther
Esther 5:6	17	Esther	esther	esther
Esther 5:7	5	Esther	esther	esther
Esther 5:9	74	Mordecai	mordecai	mordecai
Esther 5:9	178	Mordecai	mordecai	mordecai
Esther 5:12	23	Esther	esther	esther
Esther 5:13	49	Mordecai	mordecai	mordecai
Esther 5:14	147	Mordecai	mordecai	mordecai
Esther 6:2	26	Mordecai	mordecai	mordecai
Esther 6:3	57	Mordecai	mordecai	mordecai
Esther 6:4	134	Mordecai	mordecai	mordecai
Esther 6:10	107	Mordecai	mordecai	mordecai
Esther 6:11	56	Mordecai	mordecai	mordecai
Esther 6:12	0	Mordecai	mordecai	mordecai
Esther 6:13	147	Mordecai	mordecai	mordecai
Esther 6:14	110	Esther	esther	esther
Esther 7:1	43	Esther	esther	esther
Esther 7:2	23	Esther	esther	esther
Esther 7:2	102	Esther	esther	esther
Esther 7:3	5	Esther	esther	esther
Esther 7:4	168	the adversary	satan	satan
Esther 7:5	28	Esther	esther	esther
Esther 7:6	0	Esther	esther	esther
Esther 7:7	133	Esther	esther	esther
Esther 7:8	127	Esther	esther	esther
Esther 7:9	128	Mordecai	mordecai	mordecai
Esther 7:10	61	Mordecai	mordecai	mordecai
Esther 8:1	73	Esther	esther	esther
Esther 8:1	91	Mordecai	mordecai	mordecai
Esther 8:1	126	Esther	esther	esther
Esther 8:2	74	Mordecai	mordecai	mordecai
Esther 8:2	84	Esther	esther	esther
Esther 8:2	95	Mordecai	mordecai	mordecai
Esther 8:3	0	Esther	esther	esther
Esther 8:4	26	Esther	esther	esther
Esther 8:4	56	Esther	esther	esther
Esther 8:7	28	Esther	esther	esther
Esther 8:7	52	Mordecai	mordecai	mordecai
Esther 8:7	89	Esther	esther	esther
Esther 8:9	175	Mordecai	mordecai	mordecai
Esther 8:15	0	Mordecai	mordecai	mordecai
Esther 9:3	137	Mordecai	mordecai	mordecai
Esther 9:4	4	Mordecai	mordecai	mordecai
Esther 9:4	108	Mordecai	mordecai	mordecai
Esther 9:12	17	Esther	esther	esther
Esther 9:13	5	Esther	esther	esther
Esther 9:20	0	Mordecai	mordecai	mordecai
Esther 9:23	53	Mordecai	mordecai	mordecai
Esther 9:29	5	Esther	esther	esther
Esther 9:29	52	Mordecai	mordecai	mordecai
Esther 9:31	60	Mordecai	mordecai	mordecai
Esther 9:31	81	Esther	esther	esther
Esther 9:32	19	Esther	esther	esther
Esther 10:2	85	Mordecai	mordecai	mordecai
Esther 10:3	4	Mordecai	mordecai	mordecai
Job 1:1	50	Job	job	job
Job 1:5	70	Job	job	job
Job 1:5	203	Job	job	job
Job 1:5	286	Job	job	job
Job 1:6	73	Satan	satan	satan
Job 1:7	15	Satan	satan	satan
Job 1:7	55	Satan	satan	satan
Job 1:8	15	Satan	satan	satan
Job 1:8	55	Job	job	job
Job 1:9	5	Satan	satan	satan
Job 1:9	44	Job	job	job
Job 1:12	15	Satan	satan	satan
Job 1:12	114	Satan	satan	satan
Job 1:14	31	Job	job	job
Job 1:20	5	Job	job	job
Job 1:22	13	Job	job	job
Job 2:1	80	Satan	satan	satan
Job 2:2	15	Satan	satan	satan
Job 2:2	50	Satan	satan	satan
Job 2:3	15	Satan	satan	satan
Job 2:3	54	Job	job	job
Job 2:4	0	Satan	satan	satan
Job 2:6	15	Satan	satan	satan
Job 2:7	3	Satan	satan	satan
Job 2:7	58	Job	job	job
Job 2:10	164	Job	job	job
Job 2:11	9	Job	job	job
Job 3:1	11	Job	job	job
Job 3:2	0	Job	job	job
Job 6:1	5	Job	job	job
Job 6:23	21	the adversary	satan	satan
Job 7:20	84	mark	john-mark	john-mark
Job 9:1	5	Job	job	job
Job 9:13	49	Rahab	-	rahab
Job 10:14	19	mark	john-mark	john-mark
Job 12:1	5	Job	job	job
Job 13:27	40	mark	john-mark	john-mark
Job 16:1	5	Job	job	job
Job 19:1	5	Job	job	job
Job 21:1	5	Job	job	job
Job 23:1	5	Job	job	job
Job 26:1	5	Job	job	job
Job 26:12	80	Rahab	-	rahab
Job 27:1	0	Job	job	job
Job 27:3	51	spirit of God	holy-spirit	holy-spirit
Job 29:1	0	Job	job	job
Job 31:33	8	Adam	adam	adam
Job 31:35	92	the accuser	satan	satan
Job 31:40	81	Job	job	job
Job 32:1	36	Job	job	job
Job 32:2	74	Ram	-	ram-son-of-hezron
Job 32:2	99	Job	job	job
Job 32:3	110	Job	job	job
Job 32:4	33	Job	job	job
Job 32:12	70	Job	job	job
Job 33:1	10	Job	job	job
Job 33:4	4	Spirit of God	holy-spirit	holy-spirit
Job 33:31	0	Mark	john-mark	john-mark
Job 33:31	11	Job	job	job
Job 34:5	4	Job	job	job
Job 34:7	17	Job	job	job
Job 34:35	1	Job	job	job
Job 34:36	12	Job	job	job
Job 35:16	10	Job	job	job
Job 36:32	70	mark	john-mark	john-mark
Job 37:14	17	Job	job	job
Job 38:1	21	Job	job	job
Job 40:1	25	Job	job	job
Job 40:3	5	Job	job	job
Job 40:6	21	Job	job	job
Job 42:1	5	Job	job	job
Job 42:7	55	Job	job	job
Job 42:7	230	Job	job	job
Job 42:8	83	Job	job	job
Job 42:8	149	Job	job	job
Job 42:8	315	Job	job	job
Job 42:9	135	Job	job	job
Job 42:10	31	Job	job	job
Job 42:10	80	Job	job	job
Job 42:12	36	Job	job	job
Job 42:15	69	Job	job	job
Job 42:16	11	Job	job	job
Job 42:17	3	Job	job	job
Psalms 3:1	11	David	david	david
Psalms 4:1	60	David	david	david
Psalms 5:1	52	David	david	david
Psalms 6:1	90	David	david	david
Psalms 7:1	16	David	david	david
Psalms 8:1	61	David	david	david
Psalms 9:1	66	David	david	david
Psalms 11:1	27	David	david	david
Psalms 12:1	64	David	david	david
Psalms 13:1	35	David	david	david
Psalms 14:1	27	David	david	david
Psalms 14:7	110	Jacob	jacob	jacob
Psalms 15:1	11	David	david	david
Psalms 16:1	10	David	david	david
Psalms 17:1	12	David	david	david
Psalms 18:1	27	David	david	david
Psalms 18:1	191	Saul	paul-of-tarsus	paul-of-tarsus
Psalms 18:50	86	David	david	david
Psalms 19:1	35	David	david	david
Psalms 20:1	35	David	david	david
Psalms 20:1	114	Jacob	jacob	jacob
Psalms 21:1	35	David	david	david
Psalms 22:1	68	David	david	david
Psalms 22:23	56	Jacob	jacob	jacob
Psalms 23:1	11	David	david	david
Psalms 24:1	11	David	david	david
Psalms 24:6	72	Jacob	jacob	jacob
Psalms 25:1	3	David	david	david
Psalms 26:1	3	David	david	david
Psalms 27:1	3	David	david	david
Psalms 28:1	3	David	david	david
Psalms 29:1	11	David	david	david
Psalms 30:1	53	David	david	david
Psalms 31:1	35	David	david	david
Psalms 32:1	3	David	david	david
Psalms 34:1	3	David	david	david
Psalms 35:1	3	David	david	david
Psalms 36:1	27	David	david	david
Psalms 37:1	3	David	david	david
Psalms 37:37	0	Mark	john-mark	john-mark
Psalms 38:1	11	David	david	david
Psalms 39:1	49	David	david	david
Psalms 40:1	35	David	david	david
Psalms 41:1	35	David	david	david
Psalms 44:4	44	Jacob	jacob	jacob
Psalms 44:10	27	the adversary	satan	satan
Psalms 46:7	40	Jacob	jacob	jacob
Psalms 46:11	40	Jacob	jacob	jacob
Psalms 47:4	48	Jacob	jacob	jacob
Psalms 47:9	75	Abraham	abraham	abraham
Psalms 48:13	0	Mark	john-mark	john-mark
Psalms 51:1	35	David	david	david
Psalms 51:1	47	Nathan	nathan-the-prophet	nathan-the-prophet
Psalms 51:1	103	Bathsheba	bathsheba	bathsheba
Psalms 52:1	43	David	david	david
Psalms 52:1	86	Saul	paul-of-tarsus	paul-of-tarsus
Psalms 52:1	93	David	david	david
Psalms 53:1	70	David	david	david
Psalms 53:6	109	Jacob	jacob	jacob
Psalms 54:1	68	David	david	david
Psalms 54:1	110	Saul	paul-of-tarsus	paul-of-tarsus
Psalms 54:1	123	David	david	david
Psalms 55:1	68	David	david	david
Psalms 56:1	81	David	david	david
Psalms 57:1	67	David	david	david
Psalms 57:1	92	Saul	paul-of-tarsus	paul-of-tarsus
Psalms 58:1	67	David	david	david
Psalms 59:1	67	David	david	david
Psalms 59:1	79	Saul	paul-of-tarsus	paul-of-tarsus
Psalms 59:13	95	Jacob	jacob	jacob
Psalms 60:1	86	David	david	david
Psalms 60:7	20	Manasseh	-	manasseh-king-of-judah
Psalms 60:11	21	the adversary	satan	satan
Psalms 61:1	54	David	david	david
Psalms 62:1	48	David	david	david
Psalms 63:1	11	David	david	david
Psalms 64:1	35	David	david	david
Psalms 65:1	35	David	david	david
Psalms 68:1	35	David	david	david
Psalms 69:1	52	David	david	david
Psalms 70:1	27	David	david	david
Psalms 72:1	3	Solomon	solomon	solomon
Psalms 72:20	25	David	david	david
Psalms 72:20	43	Jesse	jesse	jesse
Psalms 74:10	21	the adversary	satan	satan
Psalms 75:9	67	Jacob	jacob	jacob
Psalms 76:6	23	Jacob	jacob	jacob
Psalms 77:15	57	Jacob	jacob	jacob
Psalms 77:15	67	Joseph	joseph-son-of-jacob	joseph-son-of-jacob
Psalms 77:20	49	Moses	moses	moses
Psalms 77:20	59	Aaron	aaron	aaron
Psalms 78:5	34	Jacob	jacob	jacob
Psalms 78:21	66	Jacob	jacob	jacob
Psalms 78:42	70	the adversary	satan	satan
Psalms 78:61	58	the adversary	satan	satan
Psalms 78:67	33	Joseph	joseph-son-of-jacob	joseph-son-of-jacob
Psalms 78:70	14	David	david	david
Psalms 78:71	84	Jacob	jacob	jacob
Psalms 79:7	23	Jacob	jacob	jacob
Psalms 80:1	129	Joseph	joseph-son-of-jacob	joseph-son-of-jacob
Psalms 80:2	32	Manasseh	-	manasseh-king-of-judah
Psalms 81:1	127	Jacob	jacob	jacob
Psalms 81:4	59	Jacob	jacob	jacob
Psalms 81:5	19	Joseph	joseph-son-of-jacob	joseph-son-of-jacob
Psalms 84:8	54	Jacob	jacob	jacob
Psalms 85:1	134	Jacob	jacob	jacob
Psalms 86:1	12	David	david	david
Psalms 87:2	62	Jacob	jacob	jacob
Psalms 87:4	14	Rahab	-	rahab
Psalms 89:3	60	David	david	david
Psalms 89:10	16	Rahab	-	rahab
Psalms 89:20	13	David	david	david
Psalms 89:35	52	David	david	david
Psalms 89:49	66	David	david	david
Psalms 90:1	12	Moses	moses	moses
Psalms 94:7	42	Jacob	jacob	jacob
Psalms 98:6	31	ram	-	ram-son-of-hezron
Psalms 99:4	106	Jacob	jacob	jacob
Psalms 99:6	0	Moses	moses	moses
Psalms 99:6	10	Aaron	aaron	aaron
Psalms 99:6	40	Samuel	samuel	samuel
Psalms 101:1	11	David	david	david
Psalms 103:1	3	David	david	david
Psalms 103:7	26	Moses	moses	moses
Psalms 105:6	17	Abraham	abraham	abraham
Psalms 105:6	55	Jacob	jacob	jacob
Psalms 105:9	32	Abraham	abraham	abraham
Psalms 105:9	53	Isaac	isaac	isaac
Psalms 105:10	26	Jacob	jacob	jacob
Psalms 105:17	27	Joseph	joseph-son-of-jacob	joseph-son-of-jacob
Psalms 105:23	29	Jacob	jacob	jacob
Psalms 105:26	8	Moses	moses	moses
Psalms 105:26	32	Aaron	aaron	aaron
Psalms 105:42	37	Abraham	abraham	abraham
Psalms 106:16	12	Moses	moses	moses
Psalms 106:16	40	Aaron	aaron	aaron
Psalms 106:23	50	Moses	moses	moses
Psalms 106:32	56	Moses	moses	moses
Psalms 107:2	73	the adversary	satan	satan
Psalms 108:1	19	David	david	david
Psalms 108:8	16	Manasseh	-	manasseh-king-of-judah
Psalms 109:1	35	David	david	david
Psalms 110:1	11	David	david	david
Psalms 110:4	90	Melchizedek	melchizedek	melchizedek
Psalms 114:1	44	Jacob	jacob	jacob
Psalms 114:7	79	Jacob	jacob	jacob
Psalms 115:10	9	Aaron	aaron	aaron
Psalms 115:12	101	Aaron	aaron	aaron
Psalms 118:3	17	Aaron	aaron	aaron
Psalms 122:1	22	David	david	david
Psalms 122:5	55	David	david	david
Psalms 124:1	22	David	david	david
Psalms 127:1	22	Solomon	solomon	solomon
Psalms 131:1	22	David	david	david
Psalms 132:1	36	David	david	david
Psalms 132:2	55	Jacob	jacob	jacob
Psalms 132:5	70	Jacob	jacob	jacob
Psalms 132:10	17	David	david	david
Psalms 132:11	20	David	david	david
Psalms 132:17	30	David	david	david
Psalms 133:1	22	David	david	david
Psalms 133:2	74	Aaron	aaron	aaron
Psalms 135:4	19	Jacob	jacob	jacob
Psalms 135:19	41	Aaron	aaron	aaron
Psalms 135:20	9	Levi	-	matthew-levi
Psalms 138:1	3	David	david	david
Psalms 139:1	35	David	david	david
Psalms 140:1	35	David	david	david
Psalms 141:1	11	David	david	david
Psalms 142:1	19	David	david	david
Psalms 143:1	11	David	david	david
Psalms 144:1	3	David	david	david
Psalms 144:10	53	David	david	david
Psalms 145:1	18	David	david	david
Psalms 146:5	31	Jacob	jacob	jacob
Psalms 147:19	21	Jacob	jacob	jacob
Proverbs 1:1	16	Solomon	solomon	solomon
Proverbs 1:1	36	David	david	david
Proverbs 10:1	16	Solomon	solomon	solomon
Proverbs 25:1	27	Solomon	solomon	solomon
Proverbs 25:1	53	Hezekiah	hezekiah	hezekiah
Ecclesiastes 1:1	38	David	david	david
Song of Solomon 1:1	28	Solomon	solomon	solomon
Song of Solomon 1:5	76	Solomon	solomon	solomon
Song of Solomon 3:7	14	Solomon	solomon	solomon
Song of Solomon 3:9	5	Solomon	solomon	solomon
Song of Solomon 3:11	44	Solomon	solomon	solomon
Song of Solomon 4:4	18	David	david	david
Song of Solomon 8:11	0	Solomon	solomon	solomon
Song of Solomon 8:12	56	Solomon	solomon	solomon
Isaiah 1:1	14	Isaiah	isaiah	isaiah
Isaiah 1:1	98	Uzziah	uzziah	uzziah
Isaiah 1:1	106	Jotham	-	jotham-king-of-judah
Isaiah 1:1	114	Ahaz	ahaz	ahaz
Isaiah 1:1	124	Hezekiah	hezekiah	hezekiah
Isaiah 2:1	13	Isaiah	isaiah	isaiah
Isaiah 2:3	104	Jacob	jacob	jacob
Isaiah 2:5	9	Jacob	jacob	jacob
Isaiah 2:6	48	Jacob	jacob	jacob
Isaiah 3:3	41	the counselor	holy-spirit	holy-spirit
Isaiah 6:1	22	Uzziah	uzziah	uzziah
Isaiah 7:1	15	Ahaz	ahaz	ahaz
Isaiah 7:1	31	Jotham	-	jotham-king-of-judah
Isaiah 7:1	50	Uzziah	uzziah	uzziah
Isaiah 7:2	0	David	david	david
Isaiah 7:3	20	Isaiah	isaiah	isaiah
Isaiah 7:3	48	Ahaz	ahaz	ahaz
Isaiah 7:10	22	Ahaz	ahaz	ahaz
Isaiah 7:12	4	Ahaz	ahaz	ahaz
Isaiah 7:13	31	David	david	david
Isaiah 8:2	80	Zechariah	-	zechariah-father-of-john-baptist
Isaiah 8:17	61	Jacob	jacob	jacob
Isaiah 9:6	129	Counselor	holy-spirit	holy-spirit
Isaiah 9:7	73	David	david	david
Isaiah 9:8	26	Jacob	jacob	jacob
Isaiah 9:21	0	Manasseh	-	manasseh-king-of-judah
Isaiah 9:21	32	Manasseh	-	manasseh-king-of-judah
Isaiah 10:20	106	Jacob	jacob	jacob
Isaiah 10:21	43	Jacob	jacob	jacob
Isaiah 11:1	38	Jesse	jesse	jesse
Isaiah 11:10	66	Jesse	jesse	jesse
Isaiah 13:1	29	Isaiah	isaiah	isaiah
Isaiah 14:1	35	Jacob	jacob	jacob
Isaiah 14:1	183	Jacob	jacob	jacob
Isaiah 14:28	38	Ahaz	ahaz	ahaz
Isaiah 16:5	93	David	david	david
Isaiah 17:4	46	Jacob	jacob	jacob
Isaiah 20:2	29	Isaiah	isaiah	isaiah
Isaiah 20:3	28	Isaiah	isaiah	isaiah
Isaiah 22:9	24	David	david	david
Isaiah 22:20	55	Eliakim	eliakim-son-of-abiud	eliakim-son-of-abiud
Isaiah 22:22	22	David	david	david
Isaiah 27:1	157	the dragon	satan	satan
Isaiah 27:6	17	Jacob	jacob	jacob
Isaiah 27:9	34	Jacob	jacob	jacob
Isaiah 29:1	36	David	david	david
Isaiah 29:22	31	Abraham	abraham	abraham
Isaiah 29:22	69	Jacob	jacob	jacob
Isaiah 29:22	77	Jacob	jacob	jacob
Isaiah 29:23	143	Jacob	jacob	jacob
Isaiah 30:7	72	Rahab	-	rahab
Isaiah 36:1	35	Hezekiah	hezekiah	hezekiah
Isaiah 36:2	69	Hezekiah	hezekiah	hezekiah
Isaiah 36:3	5	Eliakim	eliakim-son-of-abiud	eliakim-son-of-abiud
Isaiah 36:4	34	Hezekiah	hezekiah	hezekiah
Isaiah 36:7	99	Hezekiah	hezekiah	hezekiah
Isaiah 36:11	5	Eliakim	eliakim-son-of-abiud	eliakim-son-of-abiud
Isaiah 36:14	31	Hezekiah	hezekiah	hezekiah
Isaiah 36:15	10	Hezekiah	hezekiah	hezekiah
Isaiah 36:16	16	Hezekiah	hezekiah	hezekiah
Isaiah 36:18	12	Hezekiah	hezekiah	hezekiah
Isaiah 36:22	5	Eliakim	eliakim-son-of-abiud	eliakim-son-of-abiud
Isaiah 36:22	134	Hezekiah	hezekiah	hezekiah
Isaiah 37:1	10	Hezekiah	hezekiah	hezekiah
Isaiah 37:2	8	Eliakim	eliakim-son-of-abiud	eliakim-son-of-abiud
Isaiah 37:2	126	Isaiah	isaiah	isaiah
Isaiah 37:3	29	Hezekiah	hezekiah	hezekiah
Isaiah 37:5	24	Hezekiah	hezekiah	hezekiah
Isaiah 37:5	41	Isaiah	isaiah	isaiah
Isaiah 37:6	0	Isaiah	isaiah	isaiah
Isaiah 37:9	132	Hezekiah	hezekiah	hezekiah
Isaiah 37:10	25	Hezekiah	hezekiah	hezekiah
Isaiah 37:14	0	Hezekiah	hezekiah	hezekiah
Isaiah 37:14	79	Hezekiah	hezekiah	hezekiah
Isaiah 37:15	0	Hezekiah	hezekiah	hezekiah
Isaiah 37:21	5	Isaiah	isaiah	isaiah
Isaiah 37:21	36	Hezekiah	hezekiah	hezekiah
Isaiah 37:35	77	David	david	david
Isaiah 38:1	18	Hezekiah	hezekiah	hezekiah
Isaiah 38:1	48	Isaiah	isaiah	isaiah
Isaiah 38:2	5	Hezekiah	hezekiah	hezekiah
Isaiah 38:3	157	Hezekiah	hezekiah	hezekiah
Isaiah 38:4	27	Isaiah	isaiah	isaiah
Isaiah 38:5	14	Hezekiah	hezekiah	hezekiah
Isaiah 38:5	49	David	david	david
Isaiah 38:8	86	Ahaz	ahaz	ahaz
Isaiah 38:9	15	Hezekiah	hezekiah	hezekiah
Isaiah 38:21	4	Isaiah	isaiah	isaiah
Isaiah 38:22	0	Hezekiah	hezekiah	hezekiah
Isaiah 39:1	98	Hezekiah	hezekiah	hezekiah
Isaiah 39:2	0	Hezekiah	hezekiah	hezekiah
Isaiah 39:2	277	Hezekiah	hezekiah	hezekiah
Isaiah 39:3	5	Isaiah	isaiah	isaiah
Isaiah 39:3	37	Hezekiah	hezekiah	hezekiah
Isaiah 39:3	121	Hezekiah	hezekiah	hezekiah
Isaiah 39:4	52	Hezekiah	hezekiah	hezekiah
Isaiah 39:5	5	Isaiah	isaiah	isaiah
Isaiah 39:5	20	Hezekiah	hezekiah	hezekiah
Isaiah 39:8	5	Hezekiah	hezekiah	hezekiah
Isaiah 39:8	22	Isaiah	isaiah	isaiah
Isaiah 40:13	59	counselor	holy-spirit	holy-spirit
Isaiah 40:27	16	Jacob	jacob	jacob
Isaiah 41:8	30	Jacob	jacob	jacob
Isaiah 41:8	73	Abraham	abraham	abraham
Isaiah 41:14	26	Jacob	jacob	jacob
Isaiah 41:21	84	Jacob	jacob	jacob
Isaiah 41:28	58	counselor	holy-spirit	holy-spirit
Isaiah 42:24	9	Jacob	jacob	jacob
Isaiah 43:1	32	Jacob	jacob	jacob
Isaiah 43:22	31	Jacob	jacob	jacob
Isaiah 43:28	71	Jacob	jacob	jacob
Isaiah 44:1	16	Jacob	jacob	jacob
Isaiah 44:2	106	Jacob	jacob	jacob
Isaiah 44:5	73	Jacob	jacob	jacob
Isaiah 44:21	23	Jacob	jacob	jacob
Isaiah 44:23	172	Jacob	jacob	jacob
Isaiah 45:4	4	Jacob	jacob	jacob
Isaiah 45:19	98	Jacob	jacob	jacob
Isaiah 46:3	24	Jacob	jacob	jacob
Isaiah 48:1	21	Jacob	jacob	jacob
Isaiah 48:12	17	Jacob	jacob	jacob
Isaiah 48:20	155	Jacob	jacob	jacob
Isaiah 49:5	76	Jacob	jacob	jacob
Isaiah 49:6	98	Jacob	jacob	jacob
Isaiah 49:26	214	Jacob	jacob	jacob
Isaiah 51:2	8	Abraham	abraham	abraham
Isaiah 51:2	36	Sarah	sarah	sarah
Isaiah 51:9	131	Rahab	-	rahab
Isaiah 54:9	32	Noah	noah	noah
Isaiah 54:9	83	Noah	noah	noah
Isaiah 55:3	137	David	david	david
Isaiah 58:1	121	Jacob	jacob	jacob
Isaiah 58:14	145	Jacob	jacob	jacob
Isaiah 59:20	74	Jacob	jacob	jacob
Isaiah 60:16	164	Jacob	jacob	jacob
Isaiah 63:11	36	Moses	moses	moses
Isaiah 63:12	37	Moses	moses	moses
Isaiah 63:16	31	Abraham	abraham	abraham
Isaiah 65:9	30	Jacob	jacob	jacob
Jeremiah 1:1	13	Jeremiah	jeremiah	jeremiah
Jeremiah 1:2	41	Josiah	-	josiah
Jeremiah 1:2	59	Amon, king of Judah	amon-king-of-judah	amon-king-of-judah
Jeremiah 1:3	49	Josiah	-	josiah
Jeremiah 1:3	128	Josiah	-	josiah
Jeremiah 1:11	44	Jeremiah	jeremiah	jeremiah
Jeremiah 2:4	31	Jacob	jacob	jacob
Jeremiah 3:6	43	Josiah	-	josiah
Jeremiah 5:20	30	Jacob	jacob	jacob
Jeremiah 7:1	22	Jeremiah	jeremiah	jeremiah
Jeremiah 10:16	15	Jacob	jacob	jacob
Jeremiah 10:25	129	Jacob	jacob	jacob
Jeremiah 11:1	22	Jeremiah	jeremiah	jeremiah
Jeremiah 13:13	111	David	david	david
Jeremiah 14:1	35	Jeremiah	jeremiah	jeremiah
Jeremiah 15:1	32	Moses	moses	moses
Jeremiah 15:1	42	Samuel	samuel	samuel
Jeremiah 15:4	94	Manasseh	-	manasseh-king-of-judah
Jeremiah 15:4	115	Hezekiah	hezekiah	hezekiah
Jeremiah 17:25	81	David	david	david
Jeremiah 18:1	23	Jeremiah	jeremiah	jeremiah
Jeremiah 18:18	57	Jeremiah	jeremiah	jeremiah
Jeremiah 19:14	5	Jeremiah	jeremiah	jeremiah
Jeremiah 20:1	89	Jeremiah	jeremiah	jeremiah
Jeremiah 20:2	20	Jeremiah	jeremiah	jeremiah
Jeremiah 20:3	34	Jeremiah	jeremiah	jeremiah
Jeremiah 20:3	67	Jeremiah	jeremiah	jeremiah
Jeremiah 21:1	23	Jeremiah	jeremiah	jeremiah
Jeremiah 21:3	5	Jeremiah	jeremiah	jeremiah
Jeremiah 21:12	9	David	david	david
Jeremiah 22:2	48	David	david	david
Jeremiah 22:4	103	David	david	david
Jeremiah 22:11	44	Josiah	-	josiah
Jeremiah 22:11	90	Josiah	-	josiah
Jeremiah 22:18	54	Josiah	-	josiah
Jeremiah 22:24	34	Coniah	jeconiah	jeconiah
Jeremiah 22:28	12	Coniah	jeconiah	jeconiah
Jeremiah 22:30	145	David	david	david
Jeremiah 23:5	60	David	david	david
Jeremiah 24:1	145	Jeconiah	jeconiah	jeconiah
Jeremiah 24:3	40	Jeremiah	jeremiah	jeremiah
Jeremiah 25:1	22	Jeremiah	jeremiah	jeremiah
Jeremiah 25:1	110	Josiah	-	josiah
Jeremiah 25:2	6	Jeremiah	jeremiah	jeremiah
Jeremiah 25:3	28	Josiah	-	josiah
Jeremiah 25:3	46	Amon, king of Judah	amon-king-of-judah	amon-king-of-judah
Jeremiah 25:13	120	Jeremiah	jeremiah	jeremiah
Jeremiah 26:1	54	Josiah	-	josiah
Jeremiah 26:7	54	Jeremiah	jeremiah	jeremiah
Jeremiah 26:8	5	Jeremiah	jeremiah	jeremiah
Jeremiah 26:9	174	Jeremiah	jeremiah	jeremiah
Jeremiah 26:12	5	Jeremiah	jeremiah	jeremiah
Jeremiah 26:18	48	Hezekiah	hezekiah	hezekiah
Jeremiah 26:19	4	Hezekiah	hezekiah	hezekiah
Jeremiah 26:20	187	Jeremiah	jeremiah	jeremiah
Jeremiah 26:24	51	Jeremiah	jeremiah	jeremiah
Jeremiah 27:1	54	Josiah	-	josiah
Jeremiah 27:1	95	Jeremiah	jeremiah	jeremiah
Jeremiah 27:20	79	Jeconiah	jeconiah	jeconiah
Jeremiah 28:4	33	Jeconiah	jeconiah	jeconiah
Jeremiah 28:5	17	Jeremiah	jeremiah	jeremiah
Jeremiah 28:6	17	Jeremiah	jeremiah	jeremiah
Jeremiah 28:10	60	Jeremiah	jeremiah	jeremiah
Jeremiah 28:11	216	Jeremiah	jeremiah	jeremiah
Jeremiah 28:12	27	Jeremiah	jeremiah	jeremiah
Jeremiah 28:12	121	Jeremiah	jeremiah	jeremiah
Jeremiah 28:15	17	Jeremiah	jeremiah	jeremiah
Jeremiah 29:1	43	Jeremiah	jeremiah	jeremiah
Jeremiah 29:2	12	Jeconiah	jeconiah	jeconiah
Jeremiah 29:16	44	David	david	david
Jeremiah 29:27	40	Jeremiah	jeremiah	jeremiah
Jeremiah 29:29	53	Jeremiah	jeremiah	jeremiah
Jeremiah 29:30	27	Jeremiah	jeremiah	jeremiah
Jeremiah 30:1	22	Jeremiah	jeremiah	jeremiah
Jeremiah 30:7	77	Jacob	jacob	jacob
Jeremiah 30:9	42	David	david	david
Jeremiah 30:10	33	Jacob	jacob	jacob
Jeremiah 30:10	186	Jacob	jacob	jacob
Jeremiah 30:18	57	Jacob	jacob	jacob
Jeremiah 31:7	41	Jacob	jacob	jacob
Jeremiah 31:11	24	Jacob	jacob	jacob
Jeremiah 31:15	74	Rachel	rachel	rachel
Jeremiah 32:1	22	Jeremiah	jeremiah	jeremiah
Jeremiah 32:2	73	Jeremiah	jeremiah	jeremiah
Jeremiah 32:6	0	Jeremiah	jeremiah	jeremiah
Jeremiah 32:26	27	Jeremiah	jeremiah	jeremiah
Jeremiah 33:1	31	Jeremiah	jeremiah	jeremiah
Jeremiah 33:15	87	David	david	david
Jeremiah 33:17	18	David	david	david
Jeremiah 33:19	22	Jeremiah	jeremiah	jeremiah
Jeremiah 33:21	41	David	david	david
Jeremiah 33:22	115	David	david	david
Jeremiah 33:23	22	Jeremiah	jeremiah	jeremiah
Jeremiah 33:26	44	Jacob	jacob	jacob
Jeremiah 33:26	58	David	david	david
Jeremiah 33:26	152	Abraham	abraham	abraham
Jeremiah 33:26	161	Isaac	isaac	isaac
Jeremiah 33:26	172	Jacob	jacob	jacob
Jeremiah 34:1	23	Jeremiah	jeremiah	jeremiah
Jeremiah 34:6	5	Jeremiah	jeremiah	jeremiah
Jeremiah 34:8	17	Jeremiah	jeremiah	jeremiah
Jeremiah 34:12	32	Jeremiah	jeremiah	jeremiah
Jeremiah 35:1	23	Jeremiah	jeremiah	jeremiah
Jeremiah 35:1	80	Josiah	-	josiah
Jeremiah 35:3	33	Jeremiah	jeremiah	jeremiah
Jeremiah 35:12	27	Jeremiah	jeremiah	jeremiah
Jeremiah 35:18	0	Jeremiah	jeremiah	jeremiah
Jeremiah 36:1	43	Josiah	-	josiah
Jeremiah 36:1	84	Jeremiah	jeremiah	jeremiah
Jeremiah 36:2	192	Josiah	-	josiah
Jeremiah 36:4	5	Jeremiah	jeremiah	jeremiah
Jeremiah 36:4	82	Jeremiah	jeremiah	jeremiah
Jeremiah 36:5	0	Jeremiah	jeremiah	jeremiah
Jeremiah 36:8	51	Jeremiah	jeremiah	jeremiah
Jeremiah 36:9	46	Josiah	-	josiah
Jeremiah 36:10	30	Jeremiah	jeremiah	jeremiah
Jeremiah 36:19	42	Jeremiah	jeremiah	jeremiah
Jeremiah 36:26	141	Jeremiah	jeremiah	jeremiah
Jeremiah 36:27	27	Jeremiah	jeremiah	jeremiah
Jeremiah 36:27	124	Jeremiah	jeremiah	jeremiah
Jeremiah 36:30	89	David	david	david
Jeremiah 36:32	10	Jeremiah	jeremiah	jeremiah
Jeremiah 36:32	124	Jeremiah	jeremiah	jeremiah
Jeremiah 37:1	20	Josiah	-	josiah
Jeremiah 37:1	55	Coniah	jeconiah	jeconiah
Jeremiah 37:2	120	Jeremiah	jeremiah	jeremiah
Jeremiah 37:3	115	Jeremiah	jeremiah	jeremiah
Jeremiah 37:4	4	Jeremiah	jeremiah	jeremiah
Jeremiah 37:6	39	Jeremiah	jeremiah	jeremiah
Jeremiah 37:12	5	Jeremiah	jeremiah	jeremiah
Jeremiah 37:13	157	Jeremiah	jeremiah	jeremiah
Jeremiah 37:14	5	Jeremiah	jeremiah	jeremiah
Jeremiah 37:14	123	Jeremiah	jeremiah	jeremiah
Jeremiah 37:15	28	Jeremiah	jeremiah	jeremiah
Jeremiah 37:16	5	Jeremiah	jeremiah	jeremiah
Jeremiah 37:16	71	Jeremiah	jeremiah	jeremiah
Jeremiah 37:17	131	Jeremiah	jeremiah	jeremiah
Jeremiah 37:18	9	Jeremiah	jeremiah	jeremiah
Jeremiah 37:21	53	Jeremiah	jeremiah	jeremiah
Jeremiah 37:21	201	Jeremiah	jeremiah	jeremiah
Jeremiah 38:1	150	Jeremiah	jeremiah	jeremiah
Jeremiah 38:6	15	Jeremiah	jeremiah	jeremiah
Jeremiah 38:6	134	Jeremiah	jeremiah	jeremiah
Jeremiah 38:6	204	Jeremiah	jeremiah	jeremiah
Jeremiah 38:7	98	Jeremiah	jeremiah	jeremiah
Jeremiah 38:9	74	Jeremiah	jeremiah	jeremiah
Jeremiah 38:10	107	Jeremiah	jeremiah	jeremiah
Jeremiah 38:11	183	Jeremiah	jeremiah	jeremiah
Jeremiah 38:12	33	Jeremiah	jeremiah	jeremiah
Jeremiah 38:12	122	Jeremiah	jeremiah	jeremiah
Jeremiah 38:13	16	Jeremiah	jeremiah	jeremiah
Jeremiah 38:13	81	Jeremiah	jeremiah	jeremiah
Jeremiah 38:14	38	Jeremiah	jeremiah	jeremiah
Jeremiah 38:14	140	Jeremiah	jeremiah	jeremiah
Jeremiah 38:15	5	Jeremiah	jeremiah	jeremiah
Jeremiah 38:16	39	Jeremiah	jeremiah	jeremiah
Jeremiah 38:17	5	Jeremiah	jeremiah	jeremiah
Jeremiah 38:19	26	Jeremiah	jeremiah	jeremiah
Jeremiah 38:20	4	Jeremiah	jeremiah	jeremiah
Jeremiah 38:24	22	Jeremiah	jeremiah	jeremiah
Jeremiah 38:27	29	Jeremiah	jeremiah	jeremiah
Jeremiah 38:28	3	Jeremiah	jeremiah	jeremiah
Jeremiah 39:11	93	Jeremiah	jeremiah	jeremiah
Jeremiah 39:14	20	Jeremiah	jeremiah	jeremiah
Jeremiah 39:15	26	Jeremiah	jeremiah	jeremiah
Jeremiah 40:1	23	Jeremiah	jeremiah	jeremiah
Jeremiah 40:2	30	Jeremiah	jeremiah	jeremiah
Jeremiah 40:6	5	Jeremiah	jeremiah	jeremiah
Jeremiah 41:9	133	Asa	asa	asa
Jeremiah 42:2	12	Jeremiah	jeremiah	jeremiah
Jeremiah 42:4	5	Jeremiah	jeremiah	jeremiah
Jeremiah 42:5	18	Jeremiah	jeremiah	jeremiah
Jeremiah 42:7	38	Jeremiah	jeremiah	jeremiah
Jeremiah 43:1	5	Jeremiah	jeremiah	jeremiah
Jeremiah 43:2	5	Azariah	-	uzziah
Jeremiah 43:2	104	Jeremiah	jeremiah	jeremiah
Jeremiah 43:6	192	Jeremiah	jeremiah	jeremiah
Jeremiah 43:8	27	Jeremiah	jeremiah	jeremiah
Jeremiah 44:1	22	Jeremiah	jeremiah	jeremiah
Jeremiah 44:15	196	Jeremiah	jeremiah	jeremiah
Jeremiah 44:20	5	Jeremiah	jeremiah	jeremiah
Jeremiah 44:24	9	Jeremiah	jeremiah	jeremiah
Jeremiah 45:1	17	Jeremiah	jeremiah	jeremiah
Jeremiah 45:1	125	Jeremiah	jeremiah	jeremiah
Jeremiah 45:1	178	Josiah	-	josiah
Jeremiah 46:1	28	Jeremiah	jeremiah	jeremiah
Jeremiah 46:2	197	Josiah	-	josiah
Jeremiah 46:13	30	Jeremiah	jeremiah	jeremiah
Jeremiah 46:25	66	Amon	-	amon-king-of-judah
Jeremiah 46:27	26	Jacob	jacob	jacob
Jeremiah 46:27	166	Jacob	jacob	jacob
Jeremiah 46:28	19	Jacob	jacob	jacob
Jeremiah 47:1	27	Jeremiah	jeremiah	jeremiah
Jeremiah 49:8	93	Esau	esau	esau
Jeremiah 49:10	16	Esau	esau	esau
Jeremiah 49:34	27	Jeremiah	jeremiah	jeremiah
Jeremiah 50:1	88	Jeremiah	jeremiah	jeremiah
Jeremiah 51:19	15	Jacob	jacob	jacob
Jeremiah 51:59	15	Jeremiah	jeremiah	jeremiah
Jeremiah 51:60	0	Jeremiah	jeremiah	jeremiah
Jeremiah 51:61	0	Jeremiah	jeremiah	jeremiah
Jeremiah 51:64	168	Jeremiah	jeremiah	jeremiah
Jeremiah 52:1	146	Jeremiah	jeremiah	jeremiah
Jeremiah 52:20	106	Solomon	solomon	solomon
Jeremiah 52:31	47	Jehoiachin	jeconiah	jeconiah
Jeremiah 52:31	217	Jehoiachin	jeconiah	jeconiah
Jeremiah 52:33	33	Jehoiachin	jeconiah	jeconiah
Lamentations 1:5	180	the adversary	satan	satan
Lamentations 1:7	164	the adversary	satan	satan
Lamentations 1:10	0	The adversary	satan	satan
Lamentations 1:16	71	the comforter	holy-spirit	holy-spirit
Lamentations 1:17	92	Jacob	jacob	jacob
Lamentations 2:2	49	Jacob	jacob	jacob
Lamentations 2:3	128	Jacob	jacob	jacob
Lamentations 3:12	37	mark	john-mark	john-mark
Lamentations 4:12	90	the adversary	satan	satan
Ezekiel 1:2	60	Jehoiachin	jeconiah	jeconiah
Ezekiel 1:3	32	Ezekiel	ezekiel	ezekiel
Ezekiel 9:4	99	mark	john-mark	john-mark
Ezekiel 9:6	123	mark	john-mark	john-mark
Ezekiel 11:24	61	Spirit of God	holy-spirit	holy-spirit
Ezekiel 14:14	24	Noah	noah	noah
Ezekiel 14:14	30	Daniel	daniel	daniel
Ezekiel 14:14	42	Job	job	job
Ezekiel 14:20	7	Noah	noah	noah
Ezekiel 14:20	13	Daniel	daniel	daniel
Ezekiel 14:20	25	Job	job	job
Ezekiel 20:5	119	Jacob	jacob	jacob
Ezekiel 21:19	131	mark	john-mark	john-mark
Ezekiel 21:19	149	mark	john-mark	john-mark
Ezekiel 24:24	5	Ezekiel	ezekiel	ezekiel
Ezekiel 28:3	27	Daniel	daniel	daniel
Ezekiel 28:25	250	Jacob	jacob	jacob
Ezekiel 33:24	85	Abraham	abraham	abraham
Ezekiel 34:23	78	David	david	david
Ezekiel 34:24	45	David	david	david
Ezekiel 37:16	154	Joseph	joseph-son-of-jacob	joseph-son-of-jacob
Ezekiel 37:19	71	Joseph	joseph-son-of-jacob	joseph-son-of-jacob
Ezekiel 37:24	11	David	david	david
Ezekiel 37:25	50	Jacob	jacob	jacob
Ezekiel 37:25	197	David	david	david
Ezekiel 39:25	76	Jacob	jacob	jacob
Ezekiel 40:46	128	Zadok	-	zadok-in-jesus-genealogy
Ezekiel 40:46	162	Levi	-	matthew-levi
Ezekiel 43:19	70	Zadok	-	zadok-in-jesus-genealogy
Ezekiel 43:23	88	ram	-	ram-son-of-hezron
Ezekiel 43:25	110	ram	-	ram-son-of-hezron
Ezekiel 44:5	31	mark	john-mark	john-mark
Ezekiel 44:5	181	mark	john-mark	john-mark
Ezekiel 44:15	41	Zadok	-	zadok-in-jesus-genealogy
Ezekiel 45:24	74	ram	-	ram-son-of-hezron
Ezekiel 46:4	116	ram	-	ram-son-of-hezron
Ezekiel 46:5	48	ram	-	ram-son-of-hezron
Ezekiel 46:6	89	ram	-	ram-son-of-hezron
Ezekiel 46:7	82	ram	-	ram-son-of-hezron
Ezekiel 46:11	104	ram	-	ram-son-of-hezron
Ezekiel 47:13	146	Joseph	joseph-son-of-jacob	joseph-son-of-jacob
Ezekiel 48:4	64	Manasseh	-	manasseh-king-of-judah
Ezekiel 48:5	17	Manasseh	-	manasseh-king-of-judah
Ezekiel 48:11	62	Zadok	-	zadok-in-jesus-genealogy
Ezekiel 48:24	64	Simeon	-	simeon-at-the-temple
Ezekiel 48:25	17	Simeon	-	simeon-at-the-temple
Ezekiel 48:31	160	Levi	-	matthew-levi
Ezekiel 48:32	89	Joseph	joseph-son-of-jacob	joseph-son-of-jacob
Ezekiel 48:33	96	Simeon	-	simeon-at-the-temple
Daniel 1:6	48	Daniel	daniel	daniel
Daniel 1:6	79	Azariah	-	uzziah
Daniel 1:7	49	Daniel	daniel	daniel
Daniel 1:7	146	Azariah	-	uzziah
Daniel 1:8	4	Daniel	daniel	daniel
Daniel 1:9	13	Daniel	daniel	daniel
Daniel 1:10	34	Daniel	daniel	daniel
Daniel 1:11	5	Daniel	daniel	daniel
Daniel 1:11	82	Daniel	daniel	daniel
Daniel 1:11	113	Azariah	-	uzziah
Daniel 1:17	96	Daniel	daniel	daniel
Daniel 1:19	68	Daniel	daniel	daniel
Daniel 1:19	99	Azariah	-	uzziah
Daniel 1:21	0	Daniel	daniel	daniel
Daniel 2:13	75	Daniel	daniel	daniel
Daniel 2:14	5	Daniel	daniel	daniel
Daniel 2:15	118	Daniel	daniel	daniel
Daniel 2:16	0	Daniel	daniel	daniel
Daniel 2:17	5	Daniel	daniel	daniel
Daniel 2:17	82	Azariah	-	uzziah
Daniel 2:18	81	Daniel	daniel	daniel
Daniel 2:19	32	Daniel	daniel	daniel
Daniel 2:19	70	Daniel	daniel	daniel
Daniel 2:20	0	Daniel	daniel	daniel
Daniel 2:24	10	Daniel	daniel	daniel
Daniel 2:25	23	Daniel	daniel	daniel
Daniel 2:26	18	Daniel	daniel	daniel
Daniel 2:27	0	Daniel	daniel	daniel
Daniel 2:46	61	Daniel	daniel	daniel
Daniel 2:47	21	Daniel	daniel	daniel
Daniel 2:48	19	Daniel	daniel	daniel
Daniel 2:49	0	Daniel	daniel	daniel
Daniel 2:49	129	Daniel	daniel	daniel
Daniel 4:8	16	Daniel	daniel	daniel
Daniel 4:19	5	Daniel	daniel	daniel
Daniel 5:12	167	Daniel	daniel	daniel
Daniel 5:12	217	Daniel	daniel	daniel
Daniel 5:13	9	Daniel	daniel	daniel
Daniel 5:13	71	Daniel	daniel	daniel
Daniel 5:13	92	Daniel	daniel	daniel
Daniel 5:17	5	Daniel	daniel	daniel
Daniel 5:29	44	Daniel	daniel	daniel
Daniel 6:2	40	Daniel	daniel	daniel
Daniel 6:3	10	Daniel	daniel	daniel
Daniel 6:4	68	Daniel	daniel	daniel
Daniel 6:5	65	Daniel	daniel	daniel
Daniel 6:10	5	Daniel	daniel	daniel
Daniel 6:11	45	Daniel	daniel	daniel
Daniel 6:13	50	Daniel	daniel	daniel
Daniel 6:14	84	Daniel	daniel	daniel
Daniel 6:16	42	Daniel	daniel	daniel
Daniel 6:16	113	Daniel	daniel	daniel
Daniel 6:17	174	Daniel	daniel	daniel
Daniel 6:20	32	Daniel	daniel	daniel
Daniel 6:20	101	Daniel	daniel	daniel
Daniel 6:20	109	Daniel	daniel	daniel
Daniel 6:21	5	Daniel	daniel	daniel
Daniel 6:23	70	Daniel	daniel	daniel
Daniel 6:23	99	Daniel	daniel	daniel
Daniel 6:24	63	Daniel	daniel	daniel
Daniel 6:26	95	Daniel	daniel	daniel
Daniel 6:27	98	Daniel	daniel	daniel
Daniel 6:28	8	Daniel	daniel	daniel
Daniel 7:1	48	Daniel	daniel	daniel
Daniel 7:2	0	Daniel	daniel	daniel
Daniel 7:15	11	Daniel	daniel	daniel
Daniel 7:28	42	Daniel	daniel	daniel
Daniel 8:1	87	Daniel	daniel	daniel
Daniel 8:3	78	ram	-	ram-son-of-hezron
Daniel 8:4	10	ram	-	ram-son-of-hezron
Daniel 8:6	15	ram	-	ram-son-of-hezron
Daniel 8:7	28	ram	-	ram-son-of-hezron
Daniel 8:7	89	ram	-	ram-son-of-hezron
Daniel 8:7	149	ram	-	ram-son-of-hezron
Daniel 8:7	274	ram	-	ram-son-of-hezron
Daniel 8:15	15	Daniel	daniel	daniel
Daniel 8:16	77	Gabriel	gabriel-archangel	gabriel-archangel
Daniel 8:20	4	ram	-	ram-son-of-hezron
Daniel 8:27	3	Daniel	daniel	daniel
Daniel 9:2	34	Daniel	daniel	daniel
Daniel 9:2	124	Jeremiah	-	jeremiah
Daniel 9:21	45	Gabriel	gabriel-archangel	gabriel-archangel
Daniel 9:22	48	Daniel	daniel	daniel
Daniel 10:1	66	Daniel	daniel	daniel
Daniel 10:2	17	Daniel	daniel	daniel
Daniel 10:7	3	Daniel	daniel	daniel
Daniel 10:11	15	Daniel	daniel	daniel
Daniel 10:12	37	Daniel	daniel	daniel
Daniel 10:13	83	Michael	michael-archangel	michael-archangel
Daniel 10:21	126	Michael	michael-archangel	michael-archangel
Daniel 12:1	20	Michael	michael-archangel	michael-archangel
Daniel 12:4	9	Daniel	daniel	daniel
Daniel 12:5	8	Daniel	daniel	daniel
Daniel 12:9	22	Daniel	daniel	daniel
Hosea 1:1	66	Uzziah	uzziah	uzziah
Hosea 1:1	74	Jotham	-	jotham-king-of-judah
Hosea 1:1	82	Ahaz	-	ahaz
Hosea 1:1	92	Hezekiah	hezekiah	hezekiah
Hosea 3:5	78	David	david	david
Hosea 6:7	15	Adam	adam	adam
Hosea 10:11	142	Jacob	jacob	jacob
Hosea 12:2	58	Jacob	jacob	jacob
Hosea 12:12	0	Jacob	jacob	jacob
Joel 3:2	71	Jehoshaphat	jehoshaphat	jehoshaphat
Joel 3:12	65	Jehoshaphat	jehoshaphat	jehoshaphat
Amos 1:1	102	Uzziah	uzziah	uzziah
Amos 3:13	42	Jacob	jacob	jacob
Amos 5:6	76	Joseph	joseph-son-of-jacob	joseph-son-of-jacob
Amos 5:15	136	Joseph	joseph-son-of-jacob	joseph-son-of-jacob
Amos 6:5	89	David	david	david
Amos 6:6	114	Joseph	joseph-son-of-jacob	joseph-son-of-jacob
Amos 6:8	94	Jacob	jacob	jacob
Amos 7:2	106	Jacob	jacob	jacob
Amos 7:5	54	Jacob	jacob	jacob
Amos 7:9	19	Isaac	isaac	isaac
Amos 7:16	118	Isaac	isaac	isaac
Amos 8:7	33	Jacob	jacob	jacob
Amos 9:8	172	Jacob	jacob	jacob
Amos 9:11	40	David	david	david
Obadiah 1:6	4	Esau	esau	esau
Obadiah 1:8	112	Esau	esau	esau
Obadiah 1:9	103	Esau	esau	esau
Obadiah 1:10	38	Jacob	jacob	jacob
Obadiah 1:17	85	Jacob	jacob	jacob
Obadiah 1:18	13	Jacob	jacob	jacob
Obadiah 1:18	48	Joseph	joseph-son-of-jacob	joseph-son-of-jacob
Obadiah 1:18	81	Esau	esau	esau
Obadiah 1:18	191	Esau	esau	esau
Obadiah 1:19	48	Esau	esau	esau
Obadiah 1:21	59	Esau	esau	esau
Micah 1:1	63	Jotham	-	jotham-king-of-judah
Micah 1:1	71	Ahaz	-	ahaz
Micah 1:1	81	Hezekiah	hezekiah	hezekiah
Micah 1:5	37	Jacob	jacob	jacob
Micah 1:5	113	Jacob	jacob	jacob
Micah 2:7	29	Jacob	jacob	jacob
Micah 2:12	24	Jacob	jacob	jacob
Micah 3:1	37	Jacob	jacob	jacob
Micah 3:8	99	Jacob	jacob	jacob
Micah 3:9	49	Jacob	jacob	jacob
Micah 4:2	112	Jacob	jacob	jacob
Micah 4:9	64	counselor	holy-spirit	holy-spirit
Micah 5:7	15	Jacob	jacob	jacob
Micah 5:8	15	Jacob	jacob	jacob
Micah 6:4	111	Moses	moses	moses
Micah 6:4	118	Aaron	aaron	aaron
Micah 6:4	129	Miriam	miriam	miriam
Micah 6:5	66	Balaam	balaam	balaam
Micah 7:20	23	Jacob	jacob	jacob
Micah 7:20	43	Abraham	abraham	abraham
Nahum 2:2	38	Jacob	jacob	jacob
Nahum 3:8	23	Amon	-	amon-king-of-judah
Zephaniah 1:1	109	Hezekiah	hezekiah	hezekiah
Zephaniah 1:1	134	Josiah	-	josiah
Zephaniah 1:1	153	Amon, king of Judah	amon-king-of-judah	amon-king-of-judah
Haggai 1:1	136	Zerubbabel	zerubbabel	zerubbabel
Haggai 1:1	159	Shealtiel	shealtiel	shealtiel
Haggai 1:1	196	Joshua	-	joshua
Haggai 1:12	5	Zerubbabel	zerubbabel	zerubbabel
Haggai 1:12	28	Shealtiel	shealtiel	shealtiel
Haggai 1:12	43	Joshua	-	joshua
Haggai 1:14	32	Zerubbabel	zerubbabel	zerubbabel
Haggai 1:14	55	Shealtiel	shealtiel	shealtiel
Haggai 1:14	103	Joshua	-	joshua
Haggai 2:2	14	Zerubbabel	zerubbabel	zerubbabel
Haggai 2:2	37	Shealtiel	shealtiel	shealtiel
Haggai 2:2	74	Joshua	-	joshua
Haggai 2:4	19	Zerubbabel	zerubbabel	zerubbabel
Haggai 2:4	57	Joshua	-	joshua
Haggai 2:21	10	Zerubbabel	zerubbabel	zerubbabel
Haggai 2:23	53	Zerubbabel	zerubbabel	zerubbabel
Haggai 2:23	88	Shealtiel	shealtiel	shealtiel
Zechariah 1:1	73	Zechariah	-	zechariah-father-of-john-baptist
Zechariah 1:7	127	Zechariah	-	zechariah-father-of-john-baptist
Zechariah 3:1	13	Joshua	-	joshua
Zechariah 3:1	72	Satan	satan	satan
Zechariah 3:2	15	Satan	satan	satan
Zechariah 3:2	42	Satan	satan	satan
Zechariah 3:3	4	Joshua	-	joshua
Zechariah 3:6	28	Joshua	-	joshua
Zechariah 3:8	10	Joshua	-	joshua
Zechariah 3:9	46	Joshua	-	joshua
Zechariah 4:6	68	Zerubbabel	zerubbabel	zerubbabel
Zechariah 4:7	36	Zerubbabel	zerubbabel	zerubbabel
Zechariah 4:9	14	Zerubbabel	zerubbabel	zerubbabel
Zechariah 4:10	121	Zerubbabel	zerubbabel	zerubbabel
Zechariah 6:10	124	Josiah	-	josiah
Zechariah 6:11	72	Joshua	-	joshua
Zechariah 7:1	57	Zechariah	-	zechariah-father-of-john-baptist
Zechariah 7:8	22	Zechariah	-	zechariah-father-of-john-baptist
Zechariah 8:10	150	the adversary	satan	satan
Zechariah 10:6	68	Joseph	joseph-son-of-jacob	joseph-son-of-jacob
Zechariah 12:7	66	David	david	david
Zechariah 12:8	114	David	david	david
Zechariah 12:8	125	David	david	david
Zechariah 12:10	15	David	david	david
Zechariah 12:12	55	David	david	david
Zechariah 12:12	126	Nathan	-	nathan-the-prophet
Zechariah 12:13	27	Levi	-	matthew-levi
Zechariah 13:1	46	David	david	david
Zechariah 14:5	181	Uzziah	uzziah	uzziah
Malachi 1:2	79	Esau	esau	esau
Malachi 1:2	84	Jacob	jacob	jacob
Malachi 1:2	128	Jacob	jacob	jacob
Malachi 1:3	4	Esau	esau	esau
Malachi 2:4	85	Levi	-	matthew-levi
Malachi 2:8	121	Levi	-	matthew-levi
Malachi 2:12	102	Jacob	jacob	jacob
Malachi 3:3	84	Levi	-	matthew-levi
Malachi 3:6	53	Jacob	jacob	jacob
Malachi 4:5	24	Elijah	elijah	elijah
Matthew 1:1	29	Jesus Christ	jesus-of-nazareth	jesus-of-nazareth
Matthew 1:1	54	David	david	david
Matthew 1:1	72	Abraham	abraham	abraham
Matthew 1:2	0	Abraham	abraham	abraham
Matthew 1:2	29	Isaac	isaac	isaac
Matthew 1:2	36	Isaac	isaac	isaac
Matthew 1:2	63	Jacob	jacob	jacob
Matthew 1:2	70	Jacob	jacob	jacob
Matthew 1:3	27	Perez	perez	perez
Matthew 1:3	37	Zerah	-	zerah-son-of-judah
Matthew 1:3	53	Perez	perez	perez
Matthew 1:3	80	Hezron	hezron-son-of-perez	hezron-son-of-perez
Matthew 1:3	88	Hezron	hezron-son-of-perez	hezron-son-of-perez
Matthew 1:3	116	Ram	ram-son-of-hezron	ram-son-of-hezron
Matthew 1:4	0	Ram	ram-son-of-hezron	ram-son-of-hezron
Matthew 1:4	25	Amminadab	amminadab	amminadab
Matthew 1:4	36	Amminadab	amminadab	amminadab
Matthew 1:4	67	Nahshon	nahshon	nahshon
Matthew 1:4	76	Nahshon	nahshon	nahshon
Matthew 1:4	105	Salmon	salmon-father-of-boaz	salmon-father-of-boaz
Matthew 1:5	0	Salmon	salmon-father-of-boaz	salmon-father-of-boaz
Matthew 1:5	28	Boaz	boaz	boaz
Matthew 1:5	36	Rahab	rahab	rahab
Matthew 1:5	43	Boaz	boaz	boaz
Matthew 1:5	69	Obed	obed	obed
Matthew 1:5	77	Ruth	ruth	ruth
Matthew 1:5	83	Obed	obed	obed
Matthew 1:5	109	Jesse	jesse	jesse
Matthew 1:6	0	Jesse	jesse	jesse
Matthew 1:6	32	David	david	david
Matthew 1:6	39	David	david	david
Matthew 1:6	66	Solomon	solomon	solomon
Matthew 1:7	0	Solomon	solomon	solomon
Matthew 1:7	29	Rehoboam	rehoboam	rehoboam
Matthew 1:7	39	Rehoboam	rehoboam	rehoboam
Matthew 1:7	69	Abijah	abijah-king-of-judah	abijah-king-of-judah
Matthew 1:7	77	Abijah	abijah-king-of-judah	abijah-king-of-judah
Matthew 1:7	105	Asa	asa	asa
Matthew 1:8	0	Asa	asa	asa
Matthew 1:8	25	Jehoshaphat	jehoshaphat	jehoshaphat
Matthew 1:8	38	Jehoshaphat	jehoshaphat	jehoshaphat
Matthew 1:8	71	Joram	joram-king-of-judah	joram-king-of-judah
Matthew 1:8	78	Joram	joram-king-of-judah	joram-king-of-judah
Matthew 1:8	105	Uzziah	uzziah	uzziah
Matthew 1:9	0	Uzziah	uzziah	uzziah
Matthew 1:9	28	Jotham	jotham-king-of-judah	jotham-king-of-judah
Matthew 1:9	36	Jotham	jotham-king-of-judah	jotham-king-of-judah
Matthew 1:9	64	Ahaz	ahaz	ahaz
Matthew 1:9	70	Ahaz	ahaz	ahaz
Matthew 1:9	96	Hezekiah	hezekiah	hezekiah
Matthew 1:10	0	Hezekiah	hezekiah	hezekiah
Matthew 1:10	30	Manasseh	manasseh-king-of-judah	manasseh-king-of-judah
Matthew 1:10	40	Manasseh	manasseh-king-of-judah	manasseh-king-of-judah
Matthew 1:10	70	Amon	amon-king-of-judah	amon-king-of-judah
Matthew 1:10	76	Amon	amon-king-of-judah	amon-king-of-judah
Matthew 1:10	102	Josiah	josiah	josiah
Matthew 1:11	0	Josiah	josiah	josiah
Matthew 1:12	59	Shealtiel	shealtiel	shealtiel
Matthew 1:12	70	Shealtiel	shealtiel	shealtiel
Matthew 1:12	101	Zerubbabel	zerubbabel	zerubbabel
Matthew 1:13	0	Zerubbabel	zerubbabel	zerubbabel
Matthew 1:13	32	Abiud	abiud	abiud
Matthew 1:13	39	Abiud	abiud	abiud
Matthew 1:13	66	Eliakim	eliakim-son-of-abiud	eliakim-son-of-abiud
Matthew 1:13	75	Eliakim	eliakim-son-of-abiud	eliakim-son-of-abiud
Matthew 1:13	104	Azor	azor	azor
Matthew 1:14	0	Azor	azor	azor
Matthew 1:14	26	Zadok	zadok-in-jesus-genealogy	zadok-in-jesus-genealogy
Matthew 1:14	33	Zadok	zadok-in-jesus-genealogy	zadok-in-jesus-genealogy
Matthew 1:14	60	Achim	achim	achim
Matthew 1:14	67	Achim	achim	achim
Matthew 1:14	94	Eliud	eliud	eliud
Matthew 1:15	0	Eliud	eliud	eliud
Matthew 1:15	27	Eleazar	eleazar-in-jesus-genealogy	eleazar-in-jesus-genealogy
Matthew 1:15	36	Eleazar	eleazar-in-jesus-genealogy	eleazar-in-jesus-genealogy
Matthew 1:15	65	Matthan	matthan	matthan
Matthew 1:15	74	Matthan	matthan	matthan
Matthew 1:15	103	Jacob	jacob	jacob
Matthew 1:16	0	Jacob	jacob	jacob
Matthew 1:16	27	Joseph	joseph-husband-of-mary	joseph-son-of-jacob
Matthew 1:16	50	Mary	mary-mother-of-jesus	mary-mother-of-jesus
Matthew 1:16	75	Jesus	jesus-of-nazareth	jesus-of-nazareth
Matthew 1:17	28	Abraham	abraham	abraham
Matthew 1:17	39	David	david	david
Matthew 1:17	76	David	david	david
Matthew 1:18	17	Jesus Christ	jesus-of-nazareth	jesus-of-nazareth
Matthew 1:18	67	Mary	mary-mother-of-jesus	mary-mother-of-jesus
Matthew 1:18	88	Joseph	joseph-husband-of-mary	joseph-son-of-jacob
Matthew 1:18	149	the Holy Spirit	holy-spirit	holy-spirit
Matthew 1:19	0	Joseph	joseph-husband-of-mary	joseph-son-of-jacob
Matthew 1:20	106	Joseph	joseph-husband-of-mary	joseph-son-of-jacob
Matthew 1:20	121	David	david	david
Matthew 1:20	164	Mary	mary-mother-of-jesus	mary-mother-of-jesus
Matthew 1:20	222	the Holy Spirit	holy-spirit	holy-spirit
Matthew 1:21	55	Jesus	jesus-of-nazareth	jesus-of-nazareth
Matthew 1:24	0	Joseph	joseph-husband-of-mary	joseph-son-of-jacob
Matthew 1:25	90	Jesus	jesus-of-nazareth	jesus-of-nazareth
Matthew 2:1	9	Jesus	jesus-of-nazareth	jesus-of-nazareth
Matthew 2:11	54	Mary	mary-mother-of-jesus	mary-mother-of-jesus
Matthew 2:13	69	Joseph	joseph-husband-of-mary	joseph-son-of-jacob
Matthew 2:17	30	Jeremiah	jeremiah	jeremiah
Matthew 2:18	70	Rachel	rachel	rachel
Matthew 2:19	77	Joseph	joseph-husband-of-mary	joseph-son-of-jacob
Matthew 2:22	23	Archelaus	herod-archelaus	herod-archelaus
Matthew 3:1	15	John the Baptizer	john-the-baptist	john-the-baptist
Matthew 3:3	36	Isaiah	isaiah	isaiah
Matthew 3:4	4	John	john-the-baptist	john-the-baptist
Matthew 3:9	36	Abraham	abraham	abraham
Matthew 3:9	117	Abraham	abraham	abraham
Matthew 3:11	153	the Holy Spirit	holy-spirit	holy-spirit
Matthew 3:13	5	Jesus	jesus-of-nazareth	jesus-of-nazareth
Matthew 3:13	46	John	john-the-baptist	john-the-baptist
Matthew 3:14	4	John	john-the-baptist	john-the-baptist
Matthew 3:15	4	Jesus	jesus-of-nazareth	jesus-of-nazareth
Matthew 3:16	0	Jesus	jesus-of-nazareth	jesus-of-nazareth
Matthew 3:16	117	Spirit of God	holy-spirit	holy-spirit
Matthew 4:1	5	Jesus	jesus-of-nazareth	jesus-of-nazareth
Matthew 4:1	73	the devil	satan	satan
Matthew 4:3	0	The tempter	satan	satan
Matthew 4:5	5	the devil	satan	satan
Matthew 4:7	0	Jesus	jesus-of-nazareth	jesus-of-nazareth
Matthew 4:8	7	the devil	satan	satan
Matthew 4:10	5	Jesus	jesus-of-nazareth	jesus-of-nazareth
Matthew 4:10	40	Satan	satan	satan
Matthew 4:11	5	the devil	satan	satan
Matthew 4:12	9	Jesus	jesus-of-nazareth	jesus-of-nazareth
Matthew 4:12	26	John	john-the-baptist	john-the-baptist
Matthew 4:14	52	Isaiah	isaiah	isaiah
Matthew 4:17	16	Jesus	jesus-of-nazareth	jesus-of-nazareth
Matthew 4:18	52	Simon	simon-peter	simon-peter
Matthew 4:18	73	Peter	simon-peter	simon-peter
Matthew 4:18	84	Andrew	andrew-apostle	andrew-apostle
Matthew 4:21	48	James the son of Zebedee	james-son-of-zebedee	james-son-of-zebedee
Matthew 4:21	78	John	john-the-baptist	john-the-baptist
Matthew 4:23	0	Jesus	jesus-of-nazareth	jesus-of-nazareth
Matthew 5:37	85	the evil one	satan	satan
Matthew 5:48	45	Father in heaven	god-the-father	god-the-father
Matthew 6:9	21	Father in heaven	god-the-father	god-the-father
Matthew 6:13	50	the evil one	satan	satan
Matthew 6:14	47	heavenly Father	god-the-father	god-the-father
Matthew 6:26	97	heavenly Father	god-the-father	god-the-father
Matthew 6:29	25	Solomon	solomon	solomon
Matthew 6:32	55	heavenly Father	god-the-father	god-the-father
Matthew 7:28	5	Jesus	jesus-of-nazareth	jesus-of-nazareth
Matthew 8:3	0	Jesus	jesus-of-nazareth	jesus-of-nazareth
Matthew 8:4	0	Jesus	jesus-of-nazareth	jesus-of-nazareth
Matthew 8:4	107	Moses	moses	moses
Matthew 8:7	0	Jesus	jesus-of-nazareth	jesus-of-nazareth
Matthew 8:10	5	Jesus	jesus-of-nazareth	jesus-of-nazareth
Matthew 8:11	82	Abraham	abraham	abraham
Matthew 8:11	91	Isaac	isaac	isaac
Matthew 8:11	102	Jacob	jacob	jacob
Matthew 8:13	0	Jesus	jesus-of-nazareth	jesus-of-nazareth
Matthew 8:14	5	Jesus	jesus-of-nazareth	jesus-of-nazareth
Matthew 8:14	21	Peter	simon-peter	simon-peter
Matthew 8:17	52	Isaiah	isaiah	isaiah
Matthew 8:18	9	Jesus	jesus-of-nazareth	jesus-of-nazareth
Matthew 8:20	0	Jesus	jesus-of-nazareth	jesus-of-nazareth
Matthew 8:22	4	Jesus	jesus-of-nazareth	jesus-of-nazareth
Matthew 8:29	65	Jesus	jesus-of-nazareth	jesus-of-nazareth
Matthew 8:34	38	Jesus	jesus-of-nazareth	jesus-of-nazareth
Matthew 9:2	69	Jesus	jesus-of-nazareth	jesus-of-nazareth
Matthew 9:4	0	Jesus	jesus-of-nazareth	jesus-of-nazareth
Matthew 9:9	3	Jesus	jesus-of-nazareth	jesus-of-nazareth
Matthew 9:10	87	Jesus	jesus-of-nazareth	jesus-of-nazareth
Matthew 9:12	5	Jesus	jesus-of-nazareth	jesus-of-nazareth
Matthew 9:14	5	John	john-the-baptist	john-the-baptist
Matthew 9:15	0	Jesus	jesus-of-nazareth	jesus-of-nazareth
Matthew 9:19	0	Jesus	jesus-of-nazareth	jesus-of-nazareth
Matthew 9:22	4	Jesus	jesus-of-nazareth	jesus-of-nazareth
Matthew 9:23	5	Jesus	jesus-of-nazareth	jesus-of-nazareth
Matthew 9:27	3	Jesus	jesus-of-nazareth	jesus-of-nazareth
Matthew 9:27	109	David	david	david
Matthew 9:28	60	Jesus	jesus-of-nazareth	jesus-of-nazareth
Matthew 9:30	24	Jesus	jesus-of-nazareth	jesus-of-nazareth
Matthew 9:35	0	Jesus	jesus-of-nazareth	jesus-of-nazareth
Matthew 10:2	59	Simon	simon-peter	simon-peter
Matthew 10:2	80	Peter	simon-peter	simon-peter
Matthew 10:2	87	Andrew	andrew-apostle	andrew-apostle
Matthew 10:2	108	James the son of Zebedee	james-son-of-zebedee	james-son-of-zebedee
Matthew 10:2	134	John	john-the-baptist	john-the-baptist
Matthew 10:3	0	Philip	philip-the-apostle	philip-the-apostle
Matthew 10:3	8	Bartholomew	bartholomew-nathanael	bartholomew-nathanael
Matthew 10:3	21	Thomas	thomas-apostle	thomas-apostle
Matthew 10:3	29	Matthew the tax collector	matthew-levi	matthew-levi
Matthew 10:3	56	James the son of Alphaeus	james-son-of-alphaeus	james-son-of-alphaeus
Matthew 10:3	83	Lebbaeus	thaddaeus	thaddaeus
Matthew 10:3	113	Thaddaeus	thaddaeus	thaddaeus
Matthew 10:4	0	Simon	simon-peter	simon-peter
Matthew 10:4	25	Judas Iscariot	judas-iscariot	judas-iscariot
Matthew 10:5	0	Jesus	jesus-of-nazareth	jesus-of-nazareth
Matthew 10:25	134	Beelzebul	satan	satan
Matthew 11:1	5	Jesus	jesus-of-nazareth	jesus-of-nazareth
Matthew 11:2	9	John	john-the-baptist	john-the-baptist
Matthew 11:4	0	Jesus	jesus-of-nazareth	jesus-of-nazareth
Matthew 11:4	34	John	john-the-baptist	john-the-baptist
Matthew 11:7	25	Jesus	jesus-of-nazareth	jesus-of-nazareth
Matthew 11:7	73	John	john-the-baptist	john-the-baptist
Matthew 11:11	102	John the Baptizer	john-the-baptist	john-the-baptist
Matthew 11:12	17	John the Baptizer	john-the-baptist	john-the-baptist
Matthew 11:13	50	John	john-the-baptist	john-the-baptist
Matthew 11:14	42	Elijah	elijah	elijah
Matthew 11:18	4	John	john-the-baptist	john-the-baptist
Matthew 11:25	14	Jesus	jesus-of-nazareth	jesus-of-nazareth
Matthew 12:1	14	Jesus	jesus-of-nazareth	jesus-of-nazareth
Matthew 12:3	44	David	david	david
Matthew 12:15	0	Jesus	jesus-of-nazareth	jesus-of-nazareth
Matthew 12:17	52	Isaiah	isaiah	isaiah
Matthew 12:23	66	David	david	david
Matthew 12:24	90	Beelzebul	satan	satan
Matthew 12:25	24	Jesus	jesus-of-nazareth	jesus-of-nazareth
Matthew 12:26	3	Satan	satan	satan
Matthew 12:26	19	Satan	satan	satan
Matthew 12:27	8	Beelzebul	satan	satan
Matthew 12:28	16	Spirit of God	holy-spirit	holy-spirit
Matthew 12:32	98	the Holy Spirit	holy-spirit	holy-spirit
Matthew 12:42	157	Solomon	solomon	solomon
Matthew 12:42	199	Solomon	solomon	solomon
Matthew 13:1	12	Jesus	jesus-of-nazareth	jesus-of-nazareth
Matthew 13:14	24	Isaiah	isaiah	isaiah
Matthew 13:19	70	the evil one	satan	satan
Matthew 13:34	0	Jesus	jesus-of-nazareth	jesus-of-nazareth
Matthew 13:36	5	Jesus	jesus-of-nazareth	jesus-of-nazareth
Matthew 13:38	123	the evil one	satan	satan
Matthew 13:39	28	the devil	satan	satan
Matthew 13:51	0	Jesus	jesus-of-nazareth	jesus-of-nazareth
Matthew 13:53	5	Jesus	jesus-of-nazareth	jesus-of-nazareth
Matthew 13:55	56	Mary	mary-mother-of-jesus	mary-mother-of-jesus
Matthew 13:55	80	James	james-brother-of-jesus	james-son-of-zebedee
Matthew 13:55	94	Simon	-	simon-peter
Matthew 13:55	105	Judas	-	judas-iscariot
Matthew 13:57	31	Jesus	jesus-of-nazareth	jesus-of-nazareth
Matthew 14:1	61	Jesus	jesus-of-nazareth	jesus-of-nazareth
Matthew 14:2	35	John the Baptizer	john-the-baptist	john-the-baptist
Matthew 14:3	27	John	john-the-baptist	john-the-baptist
Matthew 14:3	108	Philip	-	philip-the-apostle
Matthew 14:4	4	John	john-the-baptist	john-the-baptist
Matthew 14:8	80	John the Baptizer	john-the-baptist	john-the-baptist
Matthew 14:10	25	John	john-the-baptist	john-the-baptist
Matthew 14:12	77	Jesus	jesus-of-nazareth	jesus-of-nazareth
Matthew 14:13	9	Jesus	jesus-of-nazareth	jesus-of-nazareth
Matthew 14:14	0	Jesus	jesus-of-nazareth	jesus-of-nazareth
Matthew 14:16	4	Jesus	jesus-of-nazareth	jesus-of-nazareth
Matthew 14:22	12	Jesus	jesus-of-nazareth	jesus-of-nazareth
Matthew 14:25	34	Jesus	jesus-of-nazareth	jesus-of-nazareth
Matthew 14:27	16	Jesus	jesus-of-nazareth	jesus-of-nazareth
Matthew 14:28	0	Peter	simon-peter	simon-peter
Matthew 14:29	17	Peter	simon-peter	simon-peter
Matthew 14:29	87	Jesus	jesus-of-nazareth	jesus-of-nazareth
Matthew 14:31	12	Jesus	jesus-of-nazareth	jesus-of-nazareth
Matthew 15:1	35	Jesus	jesus-of-nazareth	jesus-of-nazareth
Matthew 15:7	25	Isaiah	isaiah	isaiah
Matthew 15:13	39	heavenly Father	god-the-father	god-the-father
Matthew 15:15	0	Peter	simon-peter	simon-peter
Matthew 15:16	3	Jesus	jesus-of-nazareth	jesus-of-nazareth
Matthew 15:21	0	Jesus	jesus-of-nazareth	jesus-of-nazareth
Matthew 15:22	110	David	david	david
Matthew 15:28	5	Jesus	jesus-of-nazareth	jesus-of-nazareth
Matthew 15:29	0	Jesus	jesus-of-nazareth	jesus-of-nazareth
Matthew 15:32	0	Jesus	jesus-of-nazareth	jesus-of-nazareth
Matthew 15:34	0	Jesus	jesus-of-nazareth	jesus-of-nazareth
Matthew 16:6	0	Jesus	jesus-of-nazareth	jesus-of-nazareth
Matthew 16:8	0	Jesus	jesus-of-nazareth	jesus-of-nazareth
Matthew 16:13	9	Jesus	jesus-of-nazareth	jesus-of-nazareth
Matthew 16:14	21	John the Baptizer	john-the-baptist	john-the-baptist
Matthew 16:14	46	Elijah	elijah	elijah
Matthew 16:14	66	Jeremiah	jeremiah	jeremiah
Matthew 16:16	0	Simon Peter	simon-peter	simon-peter
Matthew 16:17	0	Jesus	jesus-of-nazareth	jesus-of-nazareth
Matthew 16:17	38	Simon	simon-peter	simon-peter
Matthew 16:18	29	Peter	simon-peter	simon-peter
Matthew 16:20	73	Jesus	jesus-of-nazareth	jesus-of-nazareth
Matthew 16:21	16	Jesus	jesus-of-nazareth	jesus-of-nazareth
Matthew 16:22	0	Peter	simon-peter	simon-peter
Matthew 16:23	27	Peter	simon-peter	simon-peter
Matthew 16:23	50	Satan	satan	satan
Matthew 16:24	5	Jesus	jesus-of-nazareth	jesus-of-nazareth
Matthew 17:1	16	Jesus	jesus-of-nazareth	jesus-of-nazareth
Matthew 17:1	36	Peter	simon-peter	simon-peter
Matthew 17:1	43	James	james-son-of-zebedee	james-son-of-zebedee
Matthew 17:1	54	John	john-the-baptist	john-the-baptist
Matthew 17:3	8	Moses	moses	moses
Matthew 17:3	18	Elijah	elijah	elijah
Matthew 17:4	0	Peter	simon-peter	simon-peter
Matthew 17:4	28	Jesus	jesus-of-nazareth	jesus-of-nazareth
Matthew 17:4	135	Moses	moses	moses
Matthew 17:4	154	Elijah	elijah	elijah
Matthew 17:7	0	Jesus	jesus-of-nazareth	jesus-of-nazareth
Matthew 17:8	47	Jesus	jesus-of-nazareth	jesus-of-nazareth
Matthew 17:9	44	Jesus	jesus-of-nazareth	jesus-of-nazareth
Matthew 17:10	67	Elijah	elijah	elijah
Matthew 17:11	0	Jesus	jesus-of-nazareth	jesus-of-nazareth
Matthew 17:11	22	Elijah	elijah	elijah
Matthew 17:12	20	Elijah	elijah	elijah
Matthew 17:13	55	John the Baptizer	john-the-baptist	john-the-baptist
Matthew 17:17	0	Jesus	jesus-of-nazareth	jesus-of-nazareth
Matthew 17:18	0	Jesus	jesus-of-nazareth	jesus-of-nazareth
Matthew 17:19	27	Jesus	jesus-of-nazareth	jesus-of-nazareth
Matthew 17:22	36	Jesus	jesus-of-nazareth	jesus-of-nazareth
Matthew 17:24	81	Peter	simon-peter	simon-peter
Matthew 17:25	45	Jesus	jesus-of-nazareth	jesus-of-nazareth
Matthew 17:25	96	Simon	simon-peter	simon-peter
Matthew 17:26	0	Peter	simon-peter	simon-peter
Matthew 17:26	37	Jesus	jesus-of-nazareth	jesus-of-nazareth
Matthew 18:1	35	Jesus	jesus-of-nazareth	jesus-of-nazareth
Matthew 18:2	0	Jesus	jesus-of-nazareth	jesus-of-nazareth
Matthew 18:21	5	Peter	simon-peter	simon-peter
Matthew 18:22	0	Jesus	jesus-of-nazareth	jesus-of-nazareth
Matthew 18:35	6	heavenly Father	god-the-father	god-the-father
Matthew 19:1	5	Jesus	jesus-of-nazareth	jesus-of-nazareth
Matthew 19:7	30	Moses	moses	moses
Matthew 19:8	18	Moses	moses	moses
Matthew 19:14	4	Jesus	jesus-of-nazareth	jesus-of-nazareth
Matthew 19:18	30	Jesus	jesus-of-nazareth	jesus-of-nazareth
Matthew 19:21	0	Jesus	jesus-of-nazareth	jesus-of-nazareth
Matthew 19:23	0	Jesus	jesus-of-nazareth	jesus-of-nazareth
Matthew 19:26	17	Jesus	jesus-of-nazareth	jesus-of-nazareth
Matthew 19:27	5	Peter	simon-peter	simon-peter
Matthew 19:28	0	Jesus	jesus-of-nazareth	jesus-of-nazareth
Matthew 20:17	3	Jesus	jesus-of-nazareth	jesus-of-nazareth
Matthew 20:22	4	Jesus	jesus-of-nazareth	jesus-of-nazareth
Matthew 20:25	4	Jesus	jesus-of-nazareth	jesus-of-nazareth
Matthew 20:30	64	Jesus	jesus-of-nazareth	jesus-of-nazareth
Matthew 20:30	133	David	david	david
Matthew 20:31	134	David	david	david
Matthew 20:32	0	Jesus	jesus-of-nazareth	jesus-of-nazareth
Matthew 20:34	0	Jesus	jesus-of-nazareth	jesus-of-nazareth
Matthew 21:1	87	Jesus	jesus-of-nazareth	jesus-of-nazareth
Matthew 21:6	36	Jesus	jesus-of-nazareth	jesus-of-nazareth
Matthew 21:9	103	David	david	david
Matthew 21:11	43	Jesus	jesus-of-nazareth	jesus-of-nazareth
Matthew 21:12	0	Jesus	jesus-of-nazareth	jesus-of-nazareth
Matthew 21:15	163	David	david	david
Matthew 21:16	54	Jesus	jesus-of-nazareth	jesus-of-nazareth
Matthew 21:21	0	Jesus	jesus-of-nazareth	jesus-of-nazareth
Matthew 21:24	0	Jesus	jesus-of-nazareth	jesus-of-nazareth
Matthew 21:25	15	John	john-the-baptist	john-the-baptist
Matthew 21:26	63	John	john-the-baptist	john-the-baptist
Matthew 21:27	14	Jesus	jesus-of-nazareth	jesus-of-nazareth
Matthew 21:31	77	Jesus	jesus-of-nazareth	jesus-of-nazareth
Matthew 21:32	4	John	john-the-baptist	john-the-baptist
Matthew 21:42	0	Jesus	jesus-of-nazareth	jesus-of-nazareth
Matthew 22:1	0	Jesus	jesus-of-nazareth	jesus-of-nazareth
Matthew 22:17	67	Caesar	tiberius-caesar	tiberius-caesar
Matthew 22:18	4	Jesus	jesus-of-nazareth	jesus-of-nazareth
Matthew 22:21	19	Caesar	tiberius-caesar	tiberius-caesar
Matthew 22:21	71	Caesar	tiberius-caesar	tiberius-caesar
Matthew 22:21	98	Caesar	tiberius-caesar	tiberius-caesar
Matthew 22:24	18	Moses	moses	moses
Matthew 22:29	4	Jesus	jesus-of-nazareth	jesus-of-nazareth
Matthew 22:32	17	Abraham	abraham	abraham
Matthew 22:32	41	Isaac	isaac	isaac
Matthew 22:32	63	Jacob	jacob	jacob
Matthew 22:37	0	Jesus	jesus-of-nazareth	jesus-of-nazareth
Matthew 22:41	48	Jesus	jesus-of-nazareth	jesus-of-nazareth
Matthew 22:42	82	David	david	david
Matthew 22:43	32	David	david	david
Matthew 22:45	9	David	david	david
Matthew 23:1	5	Jesus	jesus-of-nazareth	jesus-of-nazareth
Matthew 23:2	46	Moses	moses	moses
Matthew 23:35	92	Abel	abel	abel
Matthew 24:1	0	Jesus	jesus-of-nazareth	jesus-of-nazareth
Matthew 24:4	0	Jesus	jesus-of-nazareth	jesus-of-nazareth
Matthew 24:15	85	Daniel	daniel	daniel
Matthew 24:37	16	Noah	noah	noah
Matthew 24:38	132	Noah	noah	noah
Matthew 25:41	122	the devil	satan	satan
Matthew 26:1	5	Jesus	jesus-of-nazareth	jesus-of-nazareth
Matthew 26:3	137	Caiaphas	caiaphas	caiaphas
Matthew 26:4	48	Jesus	jesus-of-nazareth	jesus-of-nazareth
Matthew 26:6	9	Jesus	jesus-of-nazareth	jesus-of-nazareth
Matthew 26:6	47	Simon the leper	simon-the-leper	simon-the-leper
Matthew 26:10	23	Jesus	jesus-of-nazareth	jesus-of-nazareth
Matthew 26:14	39	Judas Iscariot	judas-iscariot	judas-iscariot
Matthew 26:17	64	Jesus	jesus-of-nazareth	jesus-of-nazareth
Matthew 26:19	21	Jesus	jesus-of-nazareth	jesus-of-nazareth
Matthew 26:25	0	Judas	judas-iscariot	judas-iscariot
Matthew 26:26	21	Jesus	jesus-of-nazareth	jesus-of-nazareth
Matthew 26:31	5	Jesus	jesus-of-nazareth	jesus-of-nazareth
Matthew 26:33	4	Peter	simon-peter	simon-peter
Matthew 26:34	0	Jesus	jesus-of-nazareth	jesus-of-nazareth
Matthew 26:35	0	Peter	simon-peter	simon-peter
Matthew 26:36	5	Jesus	jesus-of-nazareth	jesus-of-nazareth
Matthew 26:37	17	Peter	simon-peter	simon-peter
Matthew 26:40	63	Peter	simon-peter	simon-peter
Matthew 26:47	37	Judas	judas-iscariot	judas-iscariot
Matthew 26:49	23	Jesus	jesus-of-nazareth	jesus-of-nazareth
Matthew 26:50	0	Jesus	jesus-of-nazareth	jesus-of-nazareth
Matthew 26:50	80	Jesus	jesus-of-nazareth	jesus-of-nazareth
Matthew 26:51	35	Jesus	jesus-of-nazareth	jesus-of-nazareth
Matthew 26:52	5	Jesus	jesus-of-nazareth	jesus-of-nazareth
Matthew 26:55	13	Jesus	jesus-of-nazareth	jesus-of-nazareth
Matthew 26:57	20	Jesus	jesus-of-nazareth	jesus-of-nazareth
Matthew 26:57	42	Caiaphas	caiaphas	caiaphas
Matthew 26:58	4	Peter	simon-peter	simon-peter
Matthew 26:59	88	Jesus	jesus-of-nazareth	jesus-of-nazareth
Matthew 26:63	4	Jesus	jesus-of-nazareth	jesus-of-nazareth
Matthew 26:64	0	Jesus	jesus-of-nazareth	jesus-of-nazareth
Matthew 26:69	4	Peter	simon-peter	simon-peter
Matthew 26:69	96	Jesus	jesus-of-nazareth	jesus-of-nazareth
Matthew 26:71	117	Jesus of Nazareth	jesus-of-nazareth	jesus-of-nazareth
Matthew 26:73	57	Peter	simon-peter	simon-peter
Matthew 26:75	0	Peter	simon-peter	simon-peter
Matthew 26:75	32	Jesus	jesus-of-nazareth	jesus-of-nazareth
Matthew 27:1	99	Jesus	jesus-of-nazareth	jesus-of-nazareth
Matthew 27:2	62	Pontius Pilate	pontius-pilate	pontius-pilate
Matthew 27:3	5	Judas	judas-iscariot	judas-iscariot
Matthew 27:3	47	Jesus	jesus-of-nazareth	jesus-of-nazareth
Matthew 27:9	35	Jeremiah	jeremiah	jeremiah
Matthew 27:11	4	Jesus	jesus-of-nazareth	jesus-of-nazareth
Matthew 27:11	105	Jesus	jesus-of-nazareth	jesus-of-nazareth
Matthew 27:13	5	Pilate	pontius-pilate	pontius-pilate
Matthew 27:17	44	Pilate	pontius-pilate	pontius-pilate
Matthew 27:17	118	Jesus	jesus-of-nazareth	jesus-of-nazareth
Matthew 27:20	95	Jesus	jesus-of-nazareth	jesus-of-nazareth
Matthew 27:22	0	Pilate	pontius-pilate	pontius-pilate
Matthew 27:22	46	Jesus	jesus-of-nazareth	jesus-of-nazareth
Matthew 27:24	8	Pilate	pontius-pilate	pontius-pilate
Matthew 27:26	39	Jesus	jesus-of-nazareth	jesus-of-nazareth
Matthew 27:27	34	Jesus	jesus-of-nazareth	jesus-of-nazareth
Matthew 27:32	46	Simon	simon-of-cyrene	simon-peter
Matthew 27:37	71	JESUS	jesus-of-nazareth	jesus-of-nazareth
Matthew 27:46	21	Jesus	jesus-of-nazareth	jesus-of-nazareth
Matthew 27:47	77	Elijah	elijah	elijah
Matthew 27:49	46	Elijah	elijah	elijah
Matthew 27:50	0	Jesus	jesus-of-nazareth	jesus-of-nazareth
Matthew 27:54	56	Jesus	jesus-of-nazareth	jesus-of-nazareth
Matthew 27:55	59	Jesus	jesus-of-nazareth	jesus-of-nazareth
Matthew 27:56	16	Mary Magdalene	mary-magdalene	mary-magdalene
Matthew 27:56	32	Mary	mary-mother-of-james-the-less	mary-mother-of-jesus
Matthew 27:56	51	James	james-son-of-zebedee	james-son-of-zebedee
Matthew 27:57	57	Joseph	joseph-husband-of-mary	joseph-son-of-jacob
Matthew 27:57	86	Jesus	jesus-of-nazareth	jesus-of-nazareth
Matthew 27:58	17	Pilate	pontius-pilate	pontius-pilate
Matthew 27:58	39	Jesus	jesus-of-nazareth	jesus-of-nazareth
Matthew 27:58	57	Pilate	pontius-pilate	pontius-pilate
Matthew 27:59	0	Joseph	joseph-husband-of-mary	joseph-son-of-jacob
Matthew 27:61	0	Mary Magdalene	mary-magdalene	mary-magdalene
Matthew 27:61	40	Mary	mary-mother-of-james-the-less	mary-mother-of-jesus
Matthew 27:62	128	Pilate	pontius-pilate	pontius-pilate
Matthew 27:65	0	Pilate	pontius-pilate	pontius-pilate
Matthew 28:1	73	Mary Magdalene	mary-magdalene	mary-magdalene
Matthew 28:1	102	Mary	mary-mother-of-james-the-less	mary-mother-of-jesus
Matthew 28:5	73	Jesus	jesus-of-nazareth	jesus-of-nazareth
Matthew 28:9	44	Jesus	jesus-of-nazareth	jesus-of-nazareth
Matthew 28:10	5	Jesus	jesus-of-nazareth	jesus-of-nazareth
Matthew 28:16	66	Jesus	jesus-of-nazareth	jesus-of-nazareth
Matthew 28:18	0	Jesus	jesus-of-nazareth	jesus-of-nazareth
Matthew 28:19	102	the Holy Spirit	holy-spirit	holy-spirit
Mark 1:1	34	Jesus Christ	jesus-of-nazareth	jesus-of-nazareth
Mark 1:4	0	John	john-the-baptist	john-the-baptist
Mark 1:6	0	John	john-the-baptist	john-the-baptist
Mark 1:8	52	the Holy Spirit	holy-spirit	holy-spirit
Mark 1:9	15	Jesus	jesus-of-nazareth	jesus-of-nazareth
Mark 1:9	72	John	john-the-baptist	john-the-baptist
Mark 1:13	53	Satan	satan	satan
Mark 1:14	10	John	john-the-baptist	john-the-baptist
Mark 1:14	39	Jesus	jesus-of-nazareth	jesus-of-nazareth
Mark 1:16	44	Simon	simon-peter	simon-peter
Mark 1:16	54	Andrew	andrew-apostle	andrew-apostle
Mark 1:16	76	Simon	simon-peter	simon-peter
Mark 1:17	0	Jesus	jesus-of-nazareth	jesus-of-nazareth
Mark 1:19	45	James the son of Zebedee	james-son-of-zebedee	james-son-of-zebedee
Mark 1:19	75	John	john-the-baptist	john-the-baptist
Mark 1:24	45	Jesus	jesus-of-nazareth	jesus-of-nazareth
Mark 1:25	0	Jesus	jesus-of-nazareth	jesus-of-nazareth
Mark 1:29	82	Simon	simon-peter	simon-peter
Mark 1:29	92	Andrew	andrew-apostle	andrew-apostle
Mark 1:29	105	James	james-son-of-zebedee	james-son-of-zebedee
Mark 1:29	115	John	john-the-baptist	john-the-baptist
Mark 1:30	4	Simon	simon-peter	simon-peter
Mark 1:36	0	Simon	simon-peter	simon-peter
Mark 1:44	132	Moses	moses	moses
Mark 1:45	88	Jesus	jesus-of-nazareth	jesus-of-nazareth
Mark 2:5	0	Jesus	jesus-of-nazareth	jesus-of-nazareth
Mark 2:8	12	Jesus	jesus-of-nazareth	jesus-of-nazareth
Mark 2:14	24	Levi	matthew-levi	matthew-levi
Mark 2:15	94	Jesus	jesus-of-nazareth	jesus-of-nazareth
Mark 2:17	5	Jesus	jesus-of-nazareth	jesus-of-nazareth
Mark 2:18	0	John	john-the-baptist	john-the-baptist
Mark 2:18	86	John	john-the-baptist	john-the-baptist
Mark 2:19	0	Jesus	jesus-of-nazareth	jesus-of-nazareth
Mark 2:25	42	David	david	david
Mark 3:7	0	Jesus	jesus-of-nazareth	jesus-of-nazareth
Mark 3:16	0	Simon	simon-peter	simon-peter
Mark 3:16	32	Peter	simon-peter	simon-peter
Mark 3:17	0	James the son of Zebedee	james-son-of-zebedee	james-son-of-zebedee
Mark 3:17	26	John	john-the-baptist	john-the-baptist
Mark 3:17	47	James	james-son-of-zebedee	james-son-of-zebedee
Mark 3:17	73	Boanerges	james-son-of-zebedee	james-son-of-zebedee
Mark 3:18	0	Andrew	andrew-apostle	andrew-apostle
Mark 3:18	8	Philip	philip-the-apostle	philip-the-apostle
Mark 3:18	16	Bartholomew	bartholomew-nathanael	bartholomew-nathanael
Mark 3:18	38	Thomas	thomas-apostle	thomas-apostle
Mark 3:18	46	James, the son of Alphaeus	james-son-of-alphaeus	james-son-of-alphaeus
Mark 3:18	74	Thaddaeus	thaddaeus	thaddaeus
Mark 3:18	85	Simon the Zealot	simon-the-zealot	simon-the-zealot
Mark 3:19	4	Judas Iscariot	judas-iscariot	judas-iscariot
Mark 3:22	55	Beelzebul	satan	satan
Mark 3:23	57	Satan	satan	satan
Mark 3:23	72	Satan	satan	satan
Mark 3:26	3	Satan	satan	satan
Mark 3:29	34	the Holy Spirit	holy-spirit	holy-spirit
Mark 4:15	96	Satan	satan	satan
Mark 5:6	12	Jesus	jesus-of-nazareth	jesus-of-nazareth
Mark 5:7	72	Jesus	jesus-of-nazareth	jesus-of-nazareth
Mark 5:13	8	Jesus	jesus-of-nazareth	jesus-of-nazareth
Mark 5:15	13	Jesus	jesus-of-nazareth	jesus-of-nazareth
Mark 5:20	56	Jesus	jesus-of-nazareth	jesus-of-nazareth
Mark 5:21	5	Jesus	jesus-of-nazareth	jesus-of-nazareth
Mark 5:27	35	Jesus	jesus-of-nazareth	jesus-of-nazareth
Mark 5:30	12	Jesus	jesus-of-nazareth	jesus-of-nazareth
Mark 5:36	4	Jesus	jesus-of-nazareth	jesus-of-nazareth
Mark 5:37	40	Peter	simon-peter	simon-peter
Mark 5:37	47	James	james-son-of-zebedee	james-son-of-zebedee
Mark 5:37	58	John	john-the-baptist	john-the-baptist
Mark 5:37	78	James	james-son-of-zebedee	james-son-of-zebedee
Mark 6:3	37	Mary	mary-mother-of-jesus	mary-mother-of-jesus
Mark 6:3	58	James	james-brother-of-jesus	james-son-of-zebedee
Mark 6:3	83	Simon	-	simon-peter
Mark 6:4	0	Jesus	jesus-of-nazareth	jesus-of-nazareth
Mark 6:14	68	John the Baptizer	john-the-baptist	john-the-baptist
Mark 6:15	24	Elijah	elijah	elijah
Mark 6:16	46	John	john-the-baptist	john-the-baptist
Mark 6:17	44	John	john-the-baptist	john-the-baptist
Mark 6:17	112	Philip	-	philip-the-apostle
Mark 6:18	4	John	john-the-baptist	john-the-baptist
Mark 6:20	17	John	john-the-baptist	john-the-baptist
Mark 6:24	81	John the Baptizer	john-the-baptist	john-the-baptist
Mark 6:25	104	John the Baptizer	john-the-baptist	john-the-baptist
Mark 6:27	77	John	john-the-baptist	john-the-baptist
Mark 6:30	45	Jesus	jesus-of-nazareth	jesus-of-nazareth
Mark 6:34	0	Jesus	jesus-of-nazareth	jesus-of-nazareth
Mark 7:6	28	Isaiah	isaiah	isaiah
Mark 7:10	4	Moses	moses	moses
Mark 7:27	4	Jesus	jesus-of-nazareth	jesus-of-nazareth
Mark 8:1	83	Jesus	jesus-of-nazareth	jesus-of-nazareth
Mark 8:17	0	Jesus	jesus-of-nazareth	jesus-of-nazareth
Mark 8:27	0	Jesus	jesus-of-nazareth	jesus-of-nazareth
Mark 8:28	16	John the Baptizer	john-the-baptist	john-the-baptist
Mark 8:28	50	Elijah	elijah	elijah
Mark 8:29	49	Peter	simon-peter	simon-peter
Mark 8:32	25	Peter	simon-peter	simon-peter
Mark 8:33	58	Peter	simon-peter	simon-peter
Mark 8:33	91	Satan	satan	satan
Mark 9:2	15	Jesus	jesus-of-nazareth	jesus-of-nazareth
Mark 9:2	35	Peter	simon-peter	simon-peter
Mark 9:2	42	James	james-son-of-zebedee	james-son-of-zebedee
Mark 9:2	53	John	john-the-baptist	john-the-baptist
Mark 9:4	0	Elijah	elijah	elijah
Mark 9:4	11	Moses	moses	moses
Mark 9:4	62	Jesus	jesus-of-nazareth	jesus-of-nazareth
Mark 9:5	0	Peter	simon-peter	simon-peter
Mark 9:5	15	Jesus	jesus-of-nazareth	jesus-of-nazareth
Mark 9:5	105	Moses	moses	moses
Mark 9:5	124	Elijah	elijah	elijah
Mark 9:8	68	Jesus	jesus-of-nazareth	jesus-of-nazareth
Mark 9:11	53	Elijah	elijah	elijah
Mark 9:12	18	Elijah	elijah	elijah
Mark 9:13	20	Elijah	elijah	elijah
Mark 9:23	0	Jesus	jesus-of-nazareth	jesus-of-nazareth
Mark 9:25	5	Jesus	jesus-of-nazareth	jesus-of-nazareth
Mark 9:27	4	Jesus	jesus-of-nazareth	jesus-of-nazareth
Mark 9:38	0	John	john-the-baptist	john-the-baptist
Mark 9:39	4	Jesus	jesus-of-nazareth	jesus-of-nazareth
Mark 10:3	23	Moses	moses	moses
Mark 10:4	12	Moses	moses	moses
Mark 10:5	4	Jesus	jesus-of-nazareth	jesus-of-nazareth
Mark 10:14	9	Jesus	jesus-of-nazareth	jesus-of-nazareth
Mark 10:18	0	Jesus	jesus-of-nazareth	jesus-of-nazareth
Mark 10:21	0	Jesus	jesus-of-nazareth	jesus-of-nazareth
Mark 10:23	0	Jesus	jesus-of-nazareth	jesus-of-nazareth
Mark 10:24	44	Jesus	jesus-of-nazareth	jesus-of-nazareth
Mark 10:27	0	Jesus	jesus-of-nazareth	jesus-of-nazareth
Mark 10:28	0	Peter	simon-peter	simon-peter
Mark 10:29	0	Jesus	jesus-of-nazareth	jesus-of-nazareth
Mark 10:32	49	Jesus	jesus-of-nazareth	jesus-of-nazareth
Mark 10:35	0	James	james-son-of-zebedee	james-son-of-zebedee
Mark 10:35	10	John	john-the-baptist	john-the-baptist
Mark 10:38	4	Jesus	jesus-of-nazareth	jesus-of-nazareth
Mark 10:39	33	Jesus	jesus-of-nazareth	jesus-of-nazareth
Mark 10:41	58	James	james-son-of-zebedee	james-son-of-zebedee
Mark 10:41	68	John	john-the-baptist	john-the-baptist
Mark 10:42	0	Jesus	jesus-of-nazareth	jesus-of-nazareth
Mark 10:47	26	Jesus	jesus-of-nazareth	jesus-of-nazareth
Mark 10:47	32	the Nazarene	jesus-of-nazareth	jesus-of-nazareth
Mark 10:47	77	Jesus	jesus-of-nazareth	jesus-of-nazareth
Mark 10:47	95	David	david	david
Mark 10:48	83	David	david	david
Mark 10:49	0	Jesus	jesus-of-nazareth	jesus-of-nazareth
Mark 10:50	51	Jesus	jesus-of-nazareth	jesus-of-nazareth
Mark 10:51	0	Jesus	jesus-of-nazareth	jesus-of-nazareth
Mark 10:52	0	Jesus	jesus-of-nazareth	jesus-of-nazareth
Mark 10:52	112	Jesus	jesus-of-nazareth	jesus-of-nazareth
Mark 11:6	26	Jesus	jesus-of-nazareth	jesus-of-nazareth
Mark 11:7	33	Jesus	jesus-of-nazareth	jesus-of-nazareth
Mark 11:7	76	Jesus	jesus-of-nazareth	jesus-of-nazareth
Mark 11:10	37	David	david	david
Mark 11:11	0	Jesus	jesus-of-nazareth	jesus-of-nazareth
Mark 11:14	0	Jesus	jesus-of-nazareth	jesus-of-nazareth
Mark 11:15	28	Jesus	jesus-of-nazareth	jesus-of-nazareth
Mark 11:21	0	Peter	simon-peter	simon-peter
Mark 11:22	0	Jesus	jesus-of-nazareth	jesus-of-nazareth
Mark 11:26	45	Father in heaven	god-the-father	god-the-father
Mark 11:29	0	Jesus	jesus-of-nazareth	jesus-of-nazareth
Mark 11:30	15	John	john-the-baptist	john-the-baptist
Mark 11:32	69	John	john-the-baptist	john-the-baptist
Mark 11:33	14	Jesus	jesus-of-nazareth	jesus-of-nazareth
Mark 11:33	38	Jesus	jesus-of-nazareth	jesus-of-nazareth
Mark 12:14	197	Caesar	tiberius-caesar	tiberius-caesar
Mark 12:16	92	Caesar	tiberius-caesar	tiberius-caesar
Mark 12:17	0	Jesus	jesus-of-nazareth	jesus-of-nazareth
Mark 12:17	32	Caesar	tiberius-caesar	tiberius-caesar
Mark 12:17	59	Caesar	tiberius-caesar	tiberius-caesar
Mark 12:19	10	Moses	moses	moses
Mark 12:24	0	Jesus	jesus-of-nazareth	jesus-of-nazareth
Mark 12:26	74	Moses	moses	moses
Mark 12:26	144	Abraham	abraham	abraham
Mark 12:26	164	Isaac	isaac	isaac
Mark 12:26	186	Jacob	jacob	jacob
Mark 12:29	0	Jesus	jesus-of-nazareth	jesus-of-nazareth
Mark 12:34	5	Jesus	jesus-of-nazareth	jesus-of-nazareth
Mark 12:35	0	Jesus	jesus-of-nazareth	jesus-of-nazareth
Mark 12:35	107	David	david	david
Mark 12:36	4	David	david	david
Mark 12:36	26	the Holy Spirit	holy-spirit	holy-spirit
Mark 12:37	10	David	david	david
Mark 12:41	0	Jesus	jesus-of-nazareth	jesus-of-nazareth
Mark 13:2	0	Jesus	jesus-of-nazareth	jesus-of-nazareth
Mark 13:3	54	Peter	simon-peter	simon-peter
Mark 13:3	61	James	james-son-of-zebedee	james-son-of-zebedee
Mark 13:3	68	John	john-the-baptist	john-the-baptist
Mark 13:3	78	Andrew	andrew-apostle	andrew-apostle
Mark 13:5	0	Jesus	jesus-of-nazareth	jesus-of-nazareth
Mark 13:11	189	the Holy Spirit	holy-spirit	holy-spirit
Mark 13:14	61	Daniel	daniel	daniel
Mark 14:3	41	Simon the leper	simon-the-leper	simon-the-leper
Mark 14:6	4	Jesus	jesus-of-nazareth	jesus-of-nazareth
Mark 14:10	0	Judas Iscariot	judas-iscariot	judas-iscariot
Mark 14:18	29	Jesus	jesus-of-nazareth	jesus-of-nazareth
Mark 14:22	21	Jesus	jesus-of-nazareth	jesus-of-nazareth
Mark 14:27	0	Jesus	jesus-of-nazareth	jesus-of-nazareth
Mark 14:29	4	Peter	simon-peter	simon-peter
Mark 14:30	0	Jesus	jesus-of-nazareth	jesus-of-nazareth
Mark 14:33	17	Peter	simon-peter	simon-peter
Mark 14:33	24	James	james-son-of-zebedee	james-son-of-zebedee
Mark 14:33	35	John	john-the-baptist	john-the-baptist
Mark 14:36	10	Abba, Father	god-the-father	god-the-father
Mark 14:37	45	Peter	simon-peter	simon-peter
Mark 14:37	53	Simon	simon-peter	simon-peter
Mark 14:43	42	Judas	judas-iscariot	judas-iscariot
Mark 14:48	0	Jesus	jesus-of-nazareth	jesus-of-nazareth
Mark 14:53	9	Jesus	jesus-of-nazareth	jesus-of-nazareth
Mark 14:54	0	Peter	simon-peter	simon-peter
Mark 14:55	69	Jesus	jesus-of-nazareth	jesus-of-nazareth
Mark 14:60	50	Jesus	jesus-of-nazareth	jesus-of-nazareth
Mark 14:62	0	Jesus	jesus-of-nazareth	jesus-of-nazareth
Mark 14:66	3	Peter	simon-peter	simon-peter
Mark 14:67	11	Peter	simon-peter	simon-peter
Mark 14:67	83	the Nazarene	jesus-of-nazareth	jesus-of-nazareth
Mark 14:67	97	Jesus	jesus-of-nazareth	jesus-of-nazareth
Mark 14:70	78	Peter	simon-peter	simon-peter
Mark 14:72	36	Peter	simon-peter	simon-peter
Mark 14:72	72	Jesus	jesus-of-nazareth	jesus-of-nazareth
Mark 15:1	129	Jesus	jesus-of-nazareth	jesus-of-nazareth
Mark 15:1	182	Pilate	pontius-pilate	pontius-pilate
Mark 15:2	0	Pilate	pontius-pilate	pontius-pilate
Mark 15:4	0	Pilate	pontius-pilate	pontius-pilate
Mark 15:5	4	Jesus	jesus-of-nazareth	jesus-of-nazareth
Mark 15:5	42	Pilate	pontius-pilate	pontius-pilate
Mark 15:9	0	Pilate	pontius-pilate	pontius-pilate
Mark 15:12	0	Pilate	pontius-pilate	pontius-pilate
Mark 15:14	0	Pilate	pontius-pilate	pontius-pilate
Mark 15:15	0	Pilate	pontius-pilate	pontius-pilate
Mark 15:15	84	Jesus	jesus-of-nazareth	jesus-of-nazareth
Mark 15:21	56	Simon of Cyrene	simon-of-cyrene	simon-of-cyrene
Mark 15:34	18	Jesus	jesus-of-nazareth	jesus-of-nazareth
Mark 15:35	77	Elijah	elijah	elijah
Mark 15:36	133	Elijah	elijah	elijah
Mark 15:37	0	Jesus	jesus-of-nazareth	jesus-of-nazareth
Mark 15:40	63	Mary Magdalene	mary-magdalene	mary-magdalene
Mark 15:40	83	Mary	mary-mother-of-james-the-less	mary-mother-of-jesus
Mark 15:40	102	James	james-son-of-zebedee	james-son-of-zebedee
Mark 15:40	135	Salome	salome-follower-of-jesus	salome-follower-of-jesus
Mark 15:43	0	Joseph	joseph-of-arimathea	joseph-son-of-jacob
Mark 15:43	124	Pilate	pontius-pilate	pontius-pilate
Mark 15:43	146	Jesus	jesus-of-nazareth	jesus-of-nazareth
Mark 15:44	0	Pilate	pontius-pilate	pontius-pilate
Mark 15:45	61	Joseph	joseph-of-arimathea	joseph-son-of-jacob
Mark 15:47	0	Mary Magdalene	mary-magdalene	mary-magdalene
Mark 15:47	19	Mary	mary-mother-of-james-the-less	mary-mother-of-jesus
Mark 16:1	27	Mary Magdalene	mary-magdalene	mary-magdalene
Mark 16:1	47	Mary	mary-mother-of-james-the-less	mary-mother-of-jesus
Mark 16:1	66	James	james-son-of-zebedee	james-son-of-zebedee
Mark 16:1	77	Salome	salome-follower-of-jesus	salome-follower-of-jesus
Mark 16:6	44	Jesus	jesus-of-nazareth	jesus-of-nazareth
Mark 16:6	51	the Nazarene	jesus-of-nazareth	jesus-of-nazareth
Mark 16:7	31	Peter	simon-peter	simon-peter
Mark 16:9	79	Mary Magdalene	mary-magdalene	mary-magdalene
Luke 1:3	134	Theophilus	theophilus	theophilus
Luke 1:5	74	Zacharias	zechariah-father-of-john-baptist	zechariah-father-of-john-baptist
Luke 1:5	113	Abijah	-	abijah-king-of-judah
Luke 1:5	155	Aaron	aaron	aaron
Luke 1:5	179	Elizabeth	elizabeth-mother-of-john-baptist	elizabeth-mother-of-john-baptist
Luke 1:7	31	Elizabeth	elizabeth-mother-of-john-baptist	elizabeth-mother-of-john-baptist
Luke 1:12	0	Zacharias	zechariah-father-of-john-baptist	zechariah-father-of-john-baptist
Luke 1:13	45	Zacharias	zechariah-father-of-john-baptist	zechariah-father-of-john-baptist
Luke 1:13	108	Elizabeth	elizabeth-mother-of-john-baptist	elizabeth-mother-of-john-baptist
Luke 1:13	168	John	john-the-baptist	john-the-baptist
Luke 1:15	114	the Holy Spirit	holy-spirit	holy-spirit
Luke 1:17	49	Elijah	elijah	elijah
Luke 1:18	0	Zacharias	zechariah-father-of-john-baptist	zechariah-father-of-john-baptist
Luke 1:19	30	Gabriel	gabriel-archangel	gabriel-archangel
Luke 1:21	28	Zacharias	zechariah-father-of-john-baptist	zechariah-father-of-john-baptist
Luke 1:24	17	Elizabeth	elizabeth-mother-of-john-baptist	elizabeth-mother-of-john-baptist
Luke 1:26	34	Gabriel	gabriel-archangel	gabriel-archangel
Luke 1:27	58	Joseph	joseph-husband-of-mary	joseph-son-of-jacob
Luke 1:27	69	David	david	david
Luke 1:27	106	Mary	mary-mother-of-jesus	mary-mother-of-jesus
Luke 1:30	41	Mary	mary-mother-of-jesus	mary-mother-of-jesus
Luke 1:31	89	Jesus	jesus-of-nazareth	jesus-of-nazareth
Luke 1:32	116	David	david	david
Luke 1:33	36	Jacob	jacob	jacob
Luke 1:34	0	Mary	mary-mother-of-jesus	mary-mother-of-jesus
Luke 1:35	25	The Holy Spirit	holy-spirit	holy-spirit
Luke 1:36	8	Elizabeth	elizabeth-mother-of-john-baptist	elizabeth-mother-of-john-baptist
Luke 1:38	0	Mary	mary-mother-of-jesus	mary-mother-of-jesus
Luke 1:39	0	Mary	mary-mother-of-jesus	mary-mother-of-jesus
Luke 1:40	30	Zacharias	zechariah-father-of-john-baptist	zechariah-father-of-john-baptist
Luke 1:40	52	Elizabeth	elizabeth-mother-of-john-baptist	elizabeth-mother-of-john-baptist
Luke 1:41	5	Elizabeth	elizabeth-mother-of-john-baptist	elizabeth-mother-of-john-baptist
Luke 1:41	21	Mary	mary-mother-of-jesus	mary-mother-of-jesus
Luke 1:41	71	Elizabeth	elizabeth-mother-of-john-baptist	elizabeth-mother-of-john-baptist
Luke 1:41	97	the Holy Spirit	holy-spirit	holy-spirit
Luke 1:46	0	Mary	mary-mother-of-jesus	mary-mother-of-jesus
Luke 1:55	31	Abraham	abraham	abraham
Luke 1:56	0	Mary	mary-mother-of-jesus	mary-mother-of-jesus
Luke 1:57	18	Elizabeth	elizabeth-mother-of-john-baptist	elizabeth-mother-of-john-baptist
Luke 1:59	85	Zacharias	zechariah-father-of-john-baptist	zechariah-father-of-john-baptist
Luke 1:60	52	John	john-the-baptist	john-the-baptist
Luke 1:63	55	John	john-the-baptist	john-the-baptist
Luke 1:67	12	Zacharias	zechariah-father-of-john-baptist	zechariah-father-of-john-baptist
Luke 1:67	39	the Holy Spirit	holy-spirit	holy-spirit
Luke 1:69	73	David	david	david
Luke 1:73	27	Abraham	abraham	abraham
Luke 2:1	42	Caesar Augustus	caesar-augustus	caesar-augustus
Luke 2:2	40	Quirinius	quirinius	quirinius
Luke 2:4	0	Joseph	joseph-husband-of-mary	joseph-son-of-jacob
Luke 2:4	78	David	david	david
Luke 2:4	161	David	david	david
Luke 2:5	23	Mary	mary-mother-of-jesus	mary-mother-of-jesus
Luke 2:11	35	David	david	david
Luke 2:16	37	Mary	mary-mother-of-jesus	mary-mother-of-jesus
Luke 2:16	46	Joseph	joseph-husband-of-mary	joseph-son-of-jacob
Luke 2:19	4	Mary	mary-mother-of-jesus	mary-mother-of-jesus
Luke 2:21	86	Jesus	jesus-of-nazareth	jesus-of-nazareth
Luke 2:25	52	Simeon	simeon-at-the-temple	simeon-at-the-temple
Luke 2:25	138	the Holy Spirit	holy-spirit	holy-spirit
Luke 2:26	31	the Holy Spirit	holy-spirit	holy-spirit
Luke 2:27	78	Jesus	jesus-of-nazareth	jesus-of-nazareth
Luke 2:33	0	Joseph	joseph-husband-of-mary	joseph-son-of-jacob
Luke 2:34	4	Simeon	simeon-at-the-temple	simeon-at-the-temple
Luke 2:34	37	Mary	mary-mother-of-jesus	mary-mother-of-jesus
Luke 2:36	14	Anna	anna-the-prophetess	anna-the-prophetess
Luke 2:43	70	Jesus	jesus-of-nazareth	jesus-of-nazareth
Luke 2:43	104	Joseph	joseph-husband-of-mary	joseph-son-of-jacob
Luke 2:52	4	Jesus	jesus-of-nazareth	jesus-of-nazareth
Luke 3:1	42	Tiberius Caesar	tiberius-caesar	tiberius-caesar
Luke 3:1	59	Pontius Pilate	pontius-pilate	pontius-pilate
Luke 3:1	152	Philip	philip-the-tetrarch	philip-the-apostle
Luke 3:1	214	Lysanias	lysanias	lysanias
Luke 3:2	36	Caiaphas	caiaphas	caiaphas
Luke 3:2	70	John	john-the-baptist	john-the-baptist
Luke 3:2	87	Zacharias	zechariah-father-of-john-baptist	zechariah-father-of-john-baptist
Luke 3:4	45	Isaiah	isaiah	isaiah
Luke 3:8	97	Abraham	abraham	abraham
Luke 3:8	178	Abraham	abraham	abraham
Luke 3:15	83	John	john-the-baptist	john-the-baptist
Luke 3:16	0	John	john-the-baptist	john-the-baptist
Luke 3:16	172	the Holy Spirit	holy-spirit	holy-spirit
Luke 3:20	45	John	john-the-baptist	john-the-baptist
Luke 3:21	39	Jesus	jesus-of-nazareth	jesus-of-nazareth
Luke 3:22	4	the Holy Spirit	holy-spirit	holy-spirit
Luke 3:23	0	Jesus	jesus-of-nazareth	jesus-of-nazareth
Luke 3:23	102	Joseph	joseph-husband-of-mary	joseph-son-of-jacob
Luke 3:24	31	Levi	-	matthew-levi
Luke 3:24	86	Joseph	joseph-husband-of-mary	joseph-son-of-jacob
Luke 3:26	71	Joseph	joseph-husband-of-mary	joseph-son-of-jacob
Luke 3:27	48	Zerubbabel	zerubbabel	zerubbabel
Luke 3:27	71	Shealtiel	shealtiel	shealtiel
Luke 3:29	86	Levi	-	matthew-levi
Luke 3:30	11	Simeon	simeon-at-the-temple	simeon-at-the-temple
Luke 3:30	48	Joseph	joseph-husband-of-mary	joseph-son-of-jacob
Luke 3:30	85	Eliakim	eliakim-son-of-abiud	eliakim-son-of-abiud
Luke 3:31	68	Nathan	-	nathan-the-prophet
Luke 3:31	87	David	david	david
Luke 3:32	11	Jesse	jesse	jesse
Luke 3:32	29	Obed	obed	obed
Luke 3:32	46	Boaz	-	boaz
Luke 3:32	63	Salmon	salmon-father-of-boaz	salmon-father-of-boaz
Luke 3:32	82	Nahshon	nahshon	nahshon
Luke 3:33	11	Amminadab	-	amminadab
Luke 3:33	50	Hezron	-	hezron-son-of-perez
Luke 3:33	69	Perez	perez	perez
Luke 3:34	11	Jacob	jacob	jacob
Luke 3:34	29	Isaac	isaac	isaac
Luke 3:34	47	Abraham	abraham	abraham
Luke 3:36	68	Noah	noah	noah
Luke 3:37	34	Enoch	enoch	enoch
Luke 3:38	45	Adam	adam	adam
Luke 4:1	0	Jesus	jesus-of-nazareth	jesus-of-nazareth
Luke 4:1	15	the Holy Spirit	holy-spirit	holy-spirit
Luke 4:2	33	the devil	satan	satan
Luke 4:3	0	The devil	satan	satan
Luke 4:4	0	Jesus	jesus-of-nazareth	jesus-of-nazareth
Luke 4:5	0	The devil	satan	satan
Luke 4:6	0	The devil	satan	satan
Luke 4:8	0	Jesus	jesus-of-nazareth	jesus-of-nazareth
Luke 4:8	35	Satan	satan	satan
Luke 4:12	0	Jesus	jesus-of-nazareth	jesus-of-nazareth
Luke 4:13	5	the devil	satan	satan
Luke 4:14	0	Jesus	jesus-of-nazareth	jesus-of-nazareth
Luke 4:17	24	Isaiah	isaiah	isaiah
Luke 4:18	5	Spirit of the Lord	holy-spirit	holy-spirit
Luke 4:22	121	Joseph	joseph-husband-of-mary	joseph-son-of-jacob
Luke 4:25	70	Elijah	elijah	elijah
Luke 4:26	0	Elijah	elijah	elijah
Luke 4:27	48	Elisha	elisha	elisha
Luke 4:34	42	Jesus of Nazareth	jesus-of-nazareth	jesus-of-nazareth
Luke 4:35	0	Jesus	jesus-of-nazareth	jesus-of-nazareth
Luke 4:38	48	Simon	simon-peter	simon-peter
Luke 4:38	63	Simon	simon-peter	simon-peter
Luke 5:3	44	Simon	simon-peter	simon-peter
Luke 5:4	42	Simon	simon-peter	simon-peter
Luke 5:5	0	Simon	simon-peter	simon-peter
Luke 5:8	4	Simon Peter	simon-peter	simon-peter
Luke 5:8	46	Jesus	jesus-of-nazareth	jesus-of-nazareth
Luke 5:10	17	James	james-son-of-zebedee	james-son-of-zebedee
Luke 5:10	27	John	john-the-baptist	john-the-baptist
Luke 5:10	73	Simon	simon-peter	simon-peter
Luke 5:10	80	Jesus	jesus-of-nazareth	jesus-of-nazareth
Luke 5:10	94	Simon	simon-peter	simon-peter
Luke 5:12	88	Jesus	jesus-of-nazareth	jesus-of-nazareth
Luke 5:14	131	Moses	moses	moses
Luke 5:18	92	Jesus	jesus-of-nazareth	jesus-of-nazareth
Luke 5:19	161	Jesus	jesus-of-nazareth	jesus-of-nazareth
Luke 5:22	4	Jesus	jesus-of-nazareth	jesus-of-nazareth
Luke 5:27	62	Levi	-	matthew-levi
Luke 5:29	0	Levi	-	matthew-levi
Luke 5:31	0	Jesus	jesus-of-nazareth	jesus-of-nazareth
Luke 5:33	26	John	john-the-baptist	john-the-baptist
Luke 6:3	0	Jesus	jesus-of-nazareth	jesus-of-nazareth
Luke 6:3	52	David	david	david
Luke 6:9	5	Jesus	jesus-of-nazareth	jesus-of-nazareth
Luke 6:11	88	Jesus	jesus-of-nazareth	jesus-of-nazareth
Luke 6:14	0	Simon	simon-peter	simon-peter
Luke 6:14	26	Peter	simon-peter	simon-peter
Luke 6:14	33	Andrew	andrew-apostle	andrew-apostle
Luke 6:14	54	James	james-son-of-zebedee	james-son-of-zebedee
Luke 6:14	61	John	john-the-baptist	john-the-baptist
Luke 6:14	67	Philip	philip-the-apostle	philip-the-apostle
Luke 6:14	75	Bartholomew	bartholomew-nathanael	bartholomew-nathanael
Luke 6:15	9	Thomas	thomas-apostle	thomas-apostle
Luke 6:15	17	James, the son of Alphaeus	james-son-of-alphaeus	james-son-of-alphaeus
Luke 6:15	45	Simon	simon-peter	simon-peter
Luke 6:16	0	Judas the son of James	thaddaeus	thaddaeus
Luke 6:16	28	Judas Iscariot	judas-iscariot	judas-iscariot
Luke 7:3	20	Jesus	jesus-of-nazareth	jesus-of-nazareth
Luke 7:4	18	Jesus	jesus-of-nazareth	jesus-of-nazareth
Luke 7:6	0	Jesus	jesus-of-nazareth	jesus-of-nazareth
Luke 7:9	5	Jesus	jesus-of-nazareth	jesus-of-nazareth
Luke 7:18	17	John	john-the-baptist	john-the-baptist
Luke 7:19	0	John	john-the-baptist	john-the-baptist
Luke 7:19	60	Jesus	jesus-of-nazareth	jesus-of-nazareth
Luke 7:20	42	John the Baptizer	john-the-baptist	john-the-baptist
Luke 7:22	0	Jesus	jesus-of-nazareth	jesus-of-nazareth
Luke 7:22	34	John	john-the-baptist	john-the-baptist
Luke 7:24	5	John	john-the-baptist	john-the-baptist
Luke 7:24	75	John	john-the-baptist	john-the-baptist
Luke 7:28	87	John the Baptizer	john-the-baptist	john-the-baptist
Luke 7:29	111	John	john-the-baptist	john-the-baptist
Luke 7:33	4	John the Baptizer	john-the-baptist	john-the-baptist
Luke 7:40	0	Jesus	jesus-of-nazareth	jesus-of-nazareth
Luke 7:40	21	Simon	simon-the-pharisee	simon-peter
Luke 7:43	0	Simon	simon-the-pharisee	simon-peter
Luke 7:44	33	Simon	simon-the-pharisee	simon-peter
Luke 8:2	71	Mary	mary-magdalene	mary-mother-of-jesus
Luke 8:3	4	Joanna	joanna-follower-of-jesus	joanna-follower-of-jesus
Luke 8:12	46	the devil	satan	satan
Luke 8:27	5	Jesus	jesus-of-nazareth	jesus-of-nazareth
Luke 8:28	12	Jesus	jesus-of-nazareth	jesus-of-nazareth
Luke 8:28	119	Jesus	jesus-of-nazareth	jesus-of-nazareth
Luke 8:29	4	Jesus	jesus-of-nazareth	jesus-of-nazareth
Luke 8:30	0	Jesus	jesus-of-nazareth	jesus-of-nazareth
Luke 8:35	55	Jesus	jesus-of-nazareth	jesus-of-nazareth
Luke 8:35	126	Jesus	jesus-of-nazareth	jesus-of-nazareth
Luke 8:38	88	Jesus	jesus-of-nazareth	jesus-of-nazareth
Luke 8:39	149	Jesus	jesus-of-nazareth	jesus-of-nazareth
Luke 8:40	5	Jesus	jesus-of-nazareth	jesus-of-nazareth
Luke 8:41	92	Jesus	jesus-of-nazareth	jesus-of-nazareth
Luke 8:45	0	Jesus	jesus-of-nazareth	jesus-of-nazareth
Luke 8:45	50	Peter	simon-peter	simon-peter
Luke 8:46	4	Jesus	jesus-of-nazareth	jesus-of-nazareth
Luke 8:50	4	Jesus	jesus-of-nazareth	jesus-of-nazareth
Luke 8:51	70	Peter	simon-peter	simon-peter
Luke 8:51	77	John	john-the-baptist	john-the-baptist
Luke 8:51	83	James	james-son-of-zebedee	james-son-of-zebedee
Luke 9:7	118	John	john-the-baptist	john-the-baptist
Luke 9:8	17	Elijah	elijah	elijah
Luke 9:9	13	John	john-the-baptist	john-the-baptist
Luke 9:19	17	John the Baptizer	john-the-baptist	john-the-baptist
Luke 9:19	54	Elijah	elijah	elijah
Luke 9:20	49	Peter	simon-peter	simon-peter
Luke 9:28	55	Peter	simon-peter	simon-peter
Luke 9:28	62	John	john-the-baptist	john-the-baptist
Luke 9:28	72	James	james-son-of-zebedee	james-son-of-zebedee
Luke 9:30	48	Moses	moses	moses
Luke 9:30	58	Elijah	elijah	elijah
Luke 9:32	4	Peter	simon-peter	simon-peter
Luke 9:33	31	Peter	simon-peter	simon-peter
Luke 9:33	45	Jesus	jesus-of-nazareth	jesus-of-nazareth
Luke 9:33	140	Moses	moses	moses
Luke 9:33	159	Elijah	elijah	elijah
Luke 9:36	21	Jesus	jesus-of-nazareth	jesus-of-nazareth
Luke 9:41	0	Jesus	jesus-of-nazareth	jesus-of-nazareth
Luke 9:42	85	Jesus	jesus-of-nazareth	jesus-of-nazareth
Luke 9:43	101	Jesus	jesus-of-nazareth	jesus-of-nazareth
Luke 9:47	0	Jesus	jesus-of-nazareth	jesus-of-nazareth
Luke 9:49	0	John	john-the-baptist	john-the-baptist
Luke 9:50	0	Jesus	jesus-of-nazareth	jesus-of-nazareth
Luke 9:54	20	James	james-son-of-zebedee	james-son-of-zebedee
Luke 9:54	30	John	john-the-baptist	john-the-baptist
Luke 9:54	148	Elijah	elijah	elijah
Luke 9:58	0	Jesus	jesus-of-nazareth	jesus-of-nazareth
Luke 9:60	4	Jesus	jesus-of-nazareth	jesus-of-nazareth
Luke 9:62	4	Jesus	jesus-of-nazareth	jesus-of-nazareth
Luke 10:18	24	Satan	satan	satan
Luke 10:21	18	Jesus	jesus-of-nazareth	jesus-of-nazareth
Luke 10:21	36	the Holy Spirit	holy-spirit	holy-spirit
Luke 10:29	43	Jesus	jesus-of-nazareth	jesus-of-nazareth
Luke 10:30	0	Jesus	jesus-of-nazareth	jesus-of-nazareth
Luke 10:37	44	Jesus	jesus-of-nazareth	jesus-of-nazareth
Luke 10:38	88	Martha	martha-of-bethany	martha-of-bethany
Luke 10:39	24	Mary	mary-of-bethany	mary-mother-of-jesus
Luke 10:39	46	Jesus	jesus-of-nazareth	jesus-of-nazareth
Luke 10:40	4	Martha	martha-of-bethany	martha-of-bethany
Luke 10:41	0	Jesus	jesus-of-nazareth	jesus-of-nazareth
Luke 10:41	21	Martha	martha-of-bethany	martha-of-bethany
Luke 10:41	29	Martha	martha-of-bethany	martha-of-bethany
Luke 10:42	25	Mary	mary-of-bethany	mary-mother-of-jesus
Luke 11:1	112	John	john-the-baptist	john-the-baptist
Luke 11:2	43	Father in heaven	god-the-father	god-the-father
Luke 11:4	133	the evil one	satan	satan
Luke 11:13	95	heavenly Father	god-the-father	god-the-father
Luke 11:13	116	the Holy Spirit	holy-spirit	holy-spirit
Luke 11:15	47	Beelzebul	satan	satan
Luke 11:18	3	Satan	satan	satan
Luke 11:18	108	Beelzebul	satan	satan
Luke 11:19	28	Beelzebul	satan	satan
Luke 11:31	170	Solomon	solomon	solomon
Luke 11:31	208	Solomon	solomon	solomon
Luke 11:51	18	Abel	abel	abel
Luke 12:10	100	the Holy Spirit	holy-spirit	holy-spirit
Luke 12:12	4	the Holy Spirit	holy-spirit	holy-spirit
Luke 12:27	96	Solomon	solomon	solomon
Luke 12:41	0	Peter	simon-peter	simon-peter
Luke 13:1	91	Pilate	pontius-pilate	pontius-pilate
Luke 13:2	0	Jesus	jesus-of-nazareth	jesus-of-nazareth
Luke 13:12	5	Jesus	jesus-of-nazareth	jesus-of-nazareth
Luke 13:14	52	Jesus	jesus-of-nazareth	jesus-of-nazareth
Luke 13:16	42	Abraham	abraham	abraham
Luke 13:16	56	Satan	satan	satan
Luke 13:28	58	Abraham	abraham	abraham
Luke 13:28	67	Isaac	isaac	isaac
Luke 13:28	74	Jacob	jacob	jacob
Luke 14:3	0	Jesus	jesus-of-nazareth	jesus-of-nazareth
Luke 16:16	36	John	john-the-baptist	john-the-baptist
Luke 16:20	24	Lazarus	-	lazarus-of-bethany
Luke 16:22	58	Abraham	abraham	abraham
Luke 16:23	59	Abraham	abraham	abraham
Luke 16:23	80	Lazarus	-	lazarus-of-bethany
Luke 16:24	27	Abraham	abraham	abraham
Luke 16:24	63	Lazarus	-	lazarus-of-bethany
Luke 16:25	5	Abraham	abraham	abraham
Luke 16:25	93	Lazarus	-	lazarus-of-bethany
Luke 16:29	5	Abraham	abraham	abraham
Luke 16:29	37	Moses	moses	moses
Luke 16:30	22	Abraham	abraham	abraham
Luke 16:31	42	Moses	moses	moses
Luke 17:13	38	Jesus	jesus-of-nazareth	jesus-of-nazareth
Luke 17:16	23	Jesus	jesus-of-nazareth	jesus-of-nazareth
Luke 17:17	0	Jesus	jesus-of-nazareth	jesus-of-nazareth
Luke 17:26	25	Noah	noah	noah
Luke 17:27	84	Noah	noah	noah
Luke 18:16	0	Jesus	jesus-of-nazareth	jesus-of-nazareth
Luke 18:19	0	Jesus	jesus-of-nazareth	jesus-of-nazareth
Luke 18:22	5	Jesus	jesus-of-nazareth	jesus-of-nazareth
Luke 18:24	0	Jesus	jesus-of-nazareth	jesus-of-nazareth
Luke 18:28	0	Peter	simon-peter	simon-peter
Luke 18:37	19	Jesus of Nazareth	jesus-of-nazareth	jesus-of-nazareth
Luke 18:38	15	Jesus	jesus-of-nazareth	jesus-of-nazareth
Luke 18:38	33	David	david	david
Luke 18:39	103	David	david	david
Luke 18:40	16	Jesus	jesus-of-nazareth	jesus-of-nazareth
Luke 18:42	0	Jesus	jesus-of-nazareth	jesus-of-nazareth
Luke 19:2	22	Zacchaeus	zacchaeus	zacchaeus
Luke 19:3	25	Jesus	jesus-of-nazareth	jesus-of-nazareth
Luke 19:5	5	Jesus	jesus-of-nazareth	jesus-of-nazareth
Luke 19:5	74	Zacchaeus	zacchaeus	zacchaeus
Luke 19:8	0	Zacchaeus	zacchaeus	zacchaeus
Luke 19:9	0	Jesus	jesus-of-nazareth	jesus-of-nazareth
Luke 19:9	89	Abraham	abraham	abraham
Luke 19:35	19	Jesus	jesus-of-nazareth	jesus-of-nazareth
Luke 19:35	71	Jesus	jesus-of-nazareth	jesus-of-nazareth
Luke 20:4	15	John	john-the-baptist	john-the-baptist
Luke 20:6	85	John	john-the-baptist	john-the-baptist
Luke 20:8	0	Jesus	jesus-of-nazareth	jesus-of-nazareth
Luke 20:22	36	Caesar	tiberius-caesar	tiberius-caesar
Luke 20:24	76	Caesar	tiberius-caesar	tiberius-caesar
Luke 20:25	31	Caesar	tiberius-caesar	tiberius-caesar
Luke 20:25	58	Caesar	tiberius-caesar	tiberius-caesar
Luke 20:28	26	Moses	moses	moses
Luke 20:34	0	Jesus	jesus-of-nazareth	jesus-of-nazareth
Luke 20:37	35	Moses	moses	moses
Luke 20:37	97	Abraham	abraham	abraham
Luke 20:37	117	Isaac	isaac	isaac
Luke 20:37	139	Jacob	jacob	jacob
Luke 20:41	53	David	david	david
Luke 20:42	0	David	david	david
Luke 20:44	1	David	david	david
Luke 21:37	10	Jesus	jesus-of-nazareth	jesus-of-nazareth
Luke 22:3	0	Satan	satan	satan
Luke 22:3	19	Judas	judas-iscariot	judas-iscariot
Luke 22:8	8	Peter	simon-peter	simon-peter
Luke 22:8	18	John	john-the-baptist	john-the-baptist
Luke 22:31	16	Simon	simon-peter	simon-peter
Luke 22:31	23	Simon	simon-peter	simon-peter
Luke 22:31	38	Satan	satan	satan
Luke 22:34	22	Peter	simon-peter	simon-peter
Luke 22:47	72	Judas	judas-iscariot	judas-iscariot
Luke 22:47	132	Jesus	jesus-of-nazareth	jesus-of-nazareth
Luke 22:48	4	Jesus	jesus-of-nazareth	jesus-of-nazareth
Luke 22:48	24	Judas	judas-iscariot	judas-iscariot
Luke 22:51	4	Jesus	jesus-of-nazareth	jesus-of-nazareth
Luke 22:52	0	Jesus	jesus-of-nazareth	jesus-of-nazareth
Luke 22:54	85	Peter	simon-peter	simon-peter
Luke 22:55	88	Peter	simon-peter	simon-peter
Luke 22:57	10	Jesus	jesus-of-nazareth	jesus-of-nazareth
Luke 22:58	85	Peter	simon-peter	simon-peter
Luke 22:60	4	Peter	simon-peter	simon-peter
Luke 22:61	31	Peter	simon-peter	simon-peter
Luke 22:61	43	Peter	simon-peter	simon-peter
Luke 22:63	17	Jesus	jesus-of-nazareth	jesus-of-nazareth
Luke 23:1	57	Pilate	pontius-pilate	pontius-pilate
Luke 23:2	103	Caesar	tiberius-caesar	tiberius-caesar
Luke 23:3	0	Pilate	pontius-pilate	pontius-pilate
Luke 23:4	0	Pilate	pontius-pilate	pontius-pilate
Luke 23:6	9	Pilate	pontius-pilate	pontius-pilate
Luke 23:8	19	Jesus	jesus-of-nazareth	jesus-of-nazareth
Luke 23:11	113	Pilate	pontius-pilate	pontius-pilate
Luke 23:12	10	Pilate	pontius-pilate	pontius-pilate
Luke 23:13	0	Pilate	pontius-pilate	pontius-pilate
Luke 23:20	5	Pilate	pontius-pilate	pontius-pilate
Luke 23:20	52	Jesus	jesus-of-nazareth	jesus-of-nazareth
Luke 23:24	0	Pilate	pontius-pilate	pontius-pilate
Luke 23:25	115	Jesus	jesus-of-nazareth	jesus-of-nazareth
Luke 23:26	41	Simon of Cyrene	simon-of-cyrene	simon-of-cyrene
Luke 23:26	128	Jesus	jesus-of-nazareth	jesus-of-nazareth
Luke 23:28	4	Jesus	jesus-of-nazareth	jesus-of-nazareth
Luke 23:34	0	Jesus	jesus-of-nazareth	jesus-of-nazareth
Luke 23:42	11	Jesus	jesus-of-nazareth	jesus-of-nazareth
Luke 23:43	0	Jesus	jesus-of-nazareth	jesus-of-nazareth
Luke 23:46	0	Jesus	jesus-of-nazareth	jesus-of-nazareth
Luke 23:50	20	Joseph	joseph-husband-of-mary	joseph-son-of-jacob
Luke 23:52	17	Pilate	pontius-pilate	pontius-pilate
Luke 23:52	39	Jesus	jesus-of-nazareth	jesus-of-nazareth
Luke 24:3	42	Jesus	jesus-of-nazareth	jesus-of-nazareth
Luke 24:10	14	Mary Magdalene	mary-magdalene	mary-magdalene
Luke 24:10	30	Joanna	joanna-follower-of-jesus	joanna-follower-of-jesus
Luke 24:10	42	Mary	mary-mother-of-james-the-less	mary-mother-of-jesus
Luke 24:10	61	James	james-son-of-zebedee	james-son-of-zebedee
Luke 24:12	4	Peter	simon-peter	simon-peter
Luke 24:15	43	Jesus	jesus-of-nazareth	jesus-of-nazareth
Luke 24:18	19	Cleopas	cleopas	cleopas
Luke 24:19	73	Jesus	jesus-of-nazareth	jesus-of-nazareth
Luke 24:19	80	the Nazarene	jesus-of-nazareth	jesus-of-nazareth
Luke 24:27	15	Moses	moses	moses
Luke 24:34	55	Simon	simon-peter	simon-peter
Luke 24:36	27	Jesus	jesus-of-nazareth	jesus-of-nazareth
John 1:6	48	John	john-the-baptist	john-the-baptist
John 1:15	0	John	john-the-baptist	john-the-baptist
John 1:17	30	Moses	moses	moses
John 1:17	75	Jesus Christ	jesus-of-nazareth	jesus-of-nazareth
John 1:19	8	John	john-the-baptist	john-the-baptist
John 1:21	36	Elijah	elijah	elijah
John 1:23	98	Isaiah	isaiah	isaiah
John 1:25	73	Elijah	elijah	elijah
John 1:26	0	John	john-the-baptist	john-the-baptist
John 1:28	59	John	john-the-baptist	john-the-baptist
John 1:29	21	Jesus	jesus-of-nazareth	jesus-of-nazareth
John 1:32	0	John	john-the-baptist	john-the-baptist
John 1:33	181	the Holy Spirit	holy-spirit	holy-spirit
John 1:35	21	John	john-the-baptist	john-the-baptist
John 1:36	17	Jesus	jesus-of-nazareth	jesus-of-nazareth
John 1:37	53	Jesus	jesus-of-nazareth	jesus-of-nazareth
John 1:38	0	Jesus	jesus-of-nazareth	jesus-of-nazareth
John 1:40	25	John	john-the-baptist	john-the-baptist
John 1:40	53	Andrew	andrew-apostle	andrew-apostle
John 1:40	61	Simon Peter	simon-peter	simon-peter
John 1:41	32	Simon	simon-peter	simon-peter
John 1:42	18	Jesus	jesus-of-nazareth	jesus-of-nazareth
John 1:42	25	Jesus	jesus-of-nazareth	jesus-of-nazareth
John 1:42	65	Simon	simon-peter	simon-peter
John 1:42	109	Cephas	simon-peter	simon-peter
John 1:42	146	Peter	simon-peter	simon-peter
John 1:43	72	Philip	philip-the-apostle	philip-the-apostle
John 1:43	80	Jesus	jesus-of-nazareth	jesus-of-nazareth
John 1:44	4	Philip	philip-the-apostle	philip-the-apostle
John 1:44	46	Andrew	andrew-apostle	andrew-apostle
John 1:44	57	Peter	simon-peter	simon-peter
John 1:45	0	Philip	philip-the-apostle	philip-the-apostle
John 1:45	13	Nathanael	bartholomew-nathanael	bartholomew-nathanael
John 1:45	69	Moses	moses	moses
John 1:45	112	Jesus of Nazareth	jesus-of-nazareth	jesus-of-nazareth
John 1:45	142	Joseph	joseph-of-arimathea	joseph-son-of-jacob
John 1:46	0	Nathanael	bartholomew-nathanael	bartholomew-nathanael
John 1:46	66	Philip	philip-the-apostle	philip-the-apostle
John 1:47	0	Jesus	jesus-of-nazareth	jesus-of-nazareth
John 1:47	10	Nathanael	bartholomew-nathanael	bartholomew-nathanael
John 1:48	0	Nathanael	bartholomew-nathanael	bartholomew-nathanael
John 1:48	45	Jesus	jesus-of-nazareth	jesus-of-nazareth
John 1:48	73	Philip	philip-the-apostle	philip-the-apostle
John 1:49	0	Nathanael	bartholomew-nathanael	bartholomew-nathanael
John 1:50	0	Jesus	jesus-of-nazareth	jesus-of-nazareth
John 2:1	56	Jesus	jesus-of-nazareth	jesus-of-nazareth
John 2:2	0	Jesus	jesus-of-nazareth	jesus-of-nazareth
John 2:3	23	Jesus	jesus-of-nazareth	jesus-of-nazareth
John 2:4	0	Jesus	jesus-of-nazareth	jesus-of-nazareth
John 2:7	0	Jesus	jesus-of-nazareth	jesus-of-nazareth
John 2:11	28	Jesus	jesus-of-nazareth	jesus-of-nazareth
John 2:13	42	Jesus	jesus-of-nazareth	jesus-of-nazareth
John 2:19	0	Jesus	jesus-of-nazareth	jesus-of-nazareth
John 2:22	140	Jesus	jesus-of-nazareth	jesus-of-nazareth
John 2:24	4	Jesus	jesus-of-nazareth	jesus-of-nazareth
John 3:1	43	Nicodemus	nicodemus	nicodemus
John 3:3	0	Jesus	jesus-of-nazareth	jesus-of-nazareth
John 3:4	0	Nicodemus	nicodemus	nicodemus
John 3:5	0	Jesus	jesus-of-nazareth	jesus-of-nazareth
John 3:9	0	Nicodemus	nicodemus	nicodemus
John 3:10	0	Jesus	jesus-of-nazareth	jesus-of-nazareth
John 3:14	3	Moses	moses	moses
John 3:22	20	Jesus	jesus-of-nazareth	jesus-of-nazareth
John 3:23	0	John	john-the-baptist	john-the-baptist
John 3:24	4	John	john-the-baptist	john-the-baptist
John 3:25	51	John	john-the-baptist	john-the-baptist
John 3:26	13	John	john-the-baptist	john-the-baptist
John 3:27	0	John	john-the-baptist	john-the-baptist
John 4:1	63	Jesus	jesus-of-nazareth	jesus-of-nazareth
John 4:1	114	John	john-the-baptist	john-the-baptist
John 4:2	10	Jesus	jesus-of-nazareth	jesus-of-nazareth
John 4:5	79	Jacob	jacob	jacob
John 4:5	102	Joseph	joseph-of-arimathea	joseph-son-of-jacob
John 4:6	0	Jacob	jacob	jacob
John 4:6	24	Jesus	jesus-of-nazareth	jesus-of-nazareth
John 4:7	39	Jesus	jesus-of-nazareth	jesus-of-nazareth
John 4:10	0	Jesus	jesus-of-nazareth	jesus-of-nazareth
John 4:12	33	Jacob	jacob	jacob
John 4:13	0	Jesus	jesus-of-nazareth	jesus-of-nazareth
John 4:16	0	Jesus	jesus-of-nazareth	jesus-of-nazareth
John 4:17	41	Jesus	jesus-of-nazareth	jesus-of-nazareth
John 4:21	0	Jesus	jesus-of-nazareth	jesus-of-nazareth
John 4:26	0	Jesus	jesus-of-nazareth	jesus-of-nazareth
John 4:34	0	Jesus	jesus-of-nazareth	jesus-of-nazareth
John 4:44	4	Jesus	jesus-of-nazareth	jesus-of-nazareth
John 4:46	0	Jesus	jesus-of-nazareth	jesus-of-nazareth
John 4:47	19	Jesus	jesus-of-nazareth	jesus-of-nazareth
John 4:48	0	Jesus	jesus-of-nazareth	jesus-of-nazareth
John 4:50	0	Jesus	jesus-of-nazareth	jesus-of-nazareth
John 4:50	81	Jesus	jesus-of-nazareth	jesus-of-nazareth
John 4:53	53	Jesus	jesus-of-nazareth	jesus-of-nazareth
John 4:54	35	Jesus	jesus-of-nazareth	jesus-of-nazareth
John 5:1	55	Jesus	jesus-of-nazareth	jesus-of-nazareth
John 5:6	5	Jesus	jesus-of-nazareth	jesus-of-nazareth
John 5:8	0	Jesus	jesus-of-nazareth	jesus-of-nazareth
John 5:13	50	Jesus	jesus-of-nazareth	jesus-of-nazareth
John 5:14	10	Jesus	jesus-of-nazareth	jesus-of-nazareth
John 5:15	49	Jesus	jesus-of-nazareth	jesus-of-nazareth
John 5:16	35	Jesus	jesus-of-nazareth	jesus-of-nazareth
John 5:17	4	Jesus	jesus-of-nazareth	jesus-of-nazareth
John 5:19	0	Jesus	jesus-of-nazareth	jesus-of-nazareth
John 5:33	17	John	john-the-baptist	john-the-baptist
John 5:36	55	John	john-the-baptist	john-the-baptist
John 5:45	86	Moses	moses	moses
John 5:46	20	Moses	moses	moses
John 6:1	20	Jesus	jesus-of-nazareth	jesus-of-nazareth
John 6:3	0	Jesus	jesus-of-nazareth	jesus-of-nazareth
John 6:5	0	Jesus	jesus-of-nazareth	jesus-of-nazareth
John 6:5	98	Philip	philip-the-apostle	philip-the-apostle
John 6:7	0	Philip	philip-the-apostle	philip-the-apostle
John 6:8	22	Andrew	andrew-apostle	andrew-apostle
John 6:8	30	Simon Peter	simon-peter	simon-peter
John 6:10	0	Jesus	jesus-of-nazareth	jesus-of-nazareth
John 6:11	0	Jesus	jesus-of-nazareth	jesus-of-nazareth
John 6:14	45	Jesus	jesus-of-nazareth	jesus-of-nazareth
John 6:15	0	Jesus	jesus-of-nazareth	jesus-of-nazareth
John 6:17	95	Jesus	jesus-of-nazareth	jesus-of-nazareth
John 6:19	75	Jesus	jesus-of-nazareth	jesus-of-nazareth
John 6:22	172	Jesus	jesus-of-nazareth	jesus-of-nazareth
John 6:24	38	Jesus	jesus-of-nazareth	jesus-of-nazareth
John 6:24	144	Jesus	jesus-of-nazareth	jesus-of-nazareth
John 6:26	0	Jesus	jesus-of-nazareth	jesus-of-nazareth
John 6:27	131	God the Father	god-the-father	god-the-father
John 6:29	0	Jesus	jesus-of-nazareth	jesus-of-nazareth
John 6:32	0	Jesus	jesus-of-nazareth	jesus-of-nazareth
John 6:32	69	Moses	moses	moses
John 6:35	0	Jesus	jesus-of-nazareth	jesus-of-nazareth
John 6:42	23	Jesus	jesus-of-nazareth	jesus-of-nazareth
John 6:42	41	Joseph	joseph-of-arimathea	joseph-son-of-jacob
John 6:43	10	Jesus	jesus-of-nazareth	jesus-of-nazareth
John 6:53	0	Jesus	jesus-of-nazareth	jesus-of-nazareth
John 6:61	4	Jesus	jesus-of-nazareth	jesus-of-nazareth
John 6:64	50	Jesus	jesus-of-nazareth	jesus-of-nazareth
John 6:67	0	Jesus	jesus-of-nazareth	jesus-of-nazareth
John 6:68	0	Simon Peter	simon-peter	simon-peter
John 6:70	0	Jesus	jesus-of-nazareth	jesus-of-nazareth
John 6:71	16	Judas	judas-iscariot	judas-iscariot
John 6:71	34	Simon	-	simon-peter
John 7:1	20	Jesus	jesus-of-nazareth	jesus-of-nazareth
John 7:6	0	Jesus	jesus-of-nazareth	jesus-of-nazareth
John 7:14	45	Jesus	jesus-of-nazareth	jesus-of-nazareth
John 7:16	0	Jesus	jesus-of-nazareth	jesus-of-nazareth
John 7:19	7	Moses	moses	moses
John 7:21	0	Jesus	jesus-of-nazareth	jesus-of-nazareth
John 7:22	0	Moses	moses	moses
John 7:22	52	Moses	moses	moses
John 7:28	0	Jesus	jesus-of-nazareth	jesus-of-nazareth
John 7:33	5	Jesus	jesus-of-nazareth	jesus-of-nazareth
John 7:37	47	Jesus	jesus-of-nazareth	jesus-of-nazareth
John 7:39	85	the Holy Spirit	holy-spirit	holy-spirit
John 7:39	128	Jesus	jesus-of-nazareth	jesus-of-nazareth
John 7:42	68	David	david	david
John 7:42	113	David	david	david
John 7:50	0	Nicodemus	nicodemus	nicodemus
John 8:1	4	Jesus	jesus-of-nazareth	jesus-of-nazareth
John 8:5	16	Moses	moses	moses
John 8:6	81	Jesus	jesus-of-nazareth	jesus-of-nazareth
John 8:9	129	Jesus	jesus-of-nazareth	jesus-of-nazareth
John 8:10	0	Jesus	jesus-of-nazareth	jesus-of-nazareth
John 8:11	26	Jesus	jesus-of-nazareth	jesus-of-nazareth
John 8:12	18	Jesus	jesus-of-nazareth	jesus-of-nazareth
John 8:14	0	Jesus	jesus-of-nazareth	jesus-of-nazareth
John 8:19	52	Jesus	jesus-of-nazareth	jesus-of-nazareth
John 8:20	0	Jesus	jesus-of-nazareth	jesus-of-nazareth
John 8:21	0	Jesus	jesus-of-nazareth	jesus-of-nazareth
John 8:25	43	Jesus	jesus-of-nazareth	jesus-of-nazareth
John 8:28	0	Jesus	jesus-of-nazareth	jesus-of-nazareth
John 8:31	0	Jesus	jesus-of-nazareth	jesus-of-nazareth
John 8:33	27	Abraham	abraham	abraham
John 8:34	0	Jesus	jesus-of-nazareth	jesus-of-nazareth
John 8:37	20	Abraham	abraham	abraham
John 8:39	34	Abraham	abraham	abraham
John 8:39	44	Jesus	jesus-of-nazareth	jesus-of-nazareth
John 8:39	77	Abraham	abraham	abraham
John 8:39	123	Abraham	abraham	abraham
John 8:40	87	Abraham	abraham	abraham
John 8:42	10	Jesus	jesus-of-nazareth	jesus-of-nazareth
John 8:44	24	the devil	satan	satan
John 8:49	0	Jesus	jesus-of-nazareth	jesus-of-nazareth
John 8:52	63	Abraham	abraham	abraham
John 8:53	33	Abraham	abraham	abraham
John 8:54	0	Jesus	jesus-of-nazareth	jesus-of-nazareth
John 8:56	12	Abraham	abraham	abraham
John 8:57	84	Abraham	abraham	abraham
John 8:58	0	Jesus	jesus-of-nazareth	jesus-of-nazareth
John 8:58	56	Abraham	abraham	abraham
John 8:59	51	Jesus	jesus-of-nazareth	jesus-of-nazareth
John 9:3	0	Jesus	jesus-of-nazareth	jesus-of-nazareth
John 9:11	27	Jesus	jesus-of-nazareth	jesus-of-nazareth
John 9:14	22	Jesus	jesus-of-nazareth	jesus-of-nazareth
John 9:28	75	Moses	moses	moses
John 9:29	31	Moses	moses	moses
John 9:35	0	Jesus	jesus-of-nazareth	jesus-of-nazareth
John 9:37	0	Jesus	jesus-of-nazareth	jesus-of-nazareth
John 9:39	0	Jesus	jesus-of-nazareth	jesus-of-nazareth
John 9:41	0	Jesus	jesus-of-nazareth	jesus-of-nazareth
John 10:6	0	Jesus	jesus-of-nazareth	jesus-of-nazareth
John 10:7	0	Jesus	jesus-of-nazareth	jesus-of-nazareth
John 10:23	19	Jesus	jesus-of-nazareth	jesus-of-nazareth
John 10:23	55	Solomon	solomon	solomon
John 10:25	0	Jesus	jesus-of-nazareth	jesus-of-nazareth
John 10:32	0	Jesus	jesus-of-nazareth	jesus-of-nazareth
John 10:34	0	Jesus	jesus-of-nazareth	jesus-of-nazareth
John 10:40	58	John	john-the-baptist	john-the-baptist
John 10:41	30	John	john-the-baptist	john-the-baptist
John 10:41	75	John	john-the-baptist	john-the-baptist
John 11:1	28	Lazarus	lazarus-of-bethany	lazarus-of-bethany
John 11:1	68	Mary	mary-of-bethany	mary-mother-of-jesus
John 11:1	89	Martha	martha-of-bethany	martha-of-bethany
John 11:2	12	Mary	mary-of-bethany	mary-mother-of-jesus
John 11:2	107	Lazarus	lazarus-of-bethany	lazarus-of-bethany
John 11:4	9	Jesus	jesus-of-nazareth	jesus-of-nazareth
John 11:5	4	Jesus	jesus-of-nazareth	jesus-of-nazareth
John 11:5	16	Martha	martha-of-bethany	martha-of-bethany
John 11:5	44	Lazarus	lazarus-of-bethany	lazarus-of-bethany
John 11:9	0	Jesus	jesus-of-nazareth	jesus-of-nazareth
John 11:11	68	Lazarus	lazarus-of-bethany	lazarus-of-bethany
John 11:13	4	Jesus	jesus-of-nazareth	jesus-of-nazareth
John 11:14	3	Jesus	jesus-of-nazareth	jesus-of-nazareth
John 11:14	37	Lazarus	lazarus-of-bethany	lazarus-of-bethany
John 11:16	0	Thomas	thomas-apostle	thomas-apostle
John 11:16	32	Didymus	thomas-apostle	thomas-apostle
John 11:17	8	Jesus	jesus-of-nazareth	jesus-of-nazareth
John 11:19	45	Martha	martha-of-bethany	martha-of-bethany
John 11:19	56	Mary	mary-of-bethany	mary-mother-of-jesus
John 11:20	10	Martha	martha-of-bethany	martha-of-bethany
John 11:20	28	Jesus	jesus-of-nazareth	jesus-of-nazareth
John 11:20	72	Mary	mary-of-bethany	mary-mother-of-jesus
John 11:21	10	Martha	martha-of-bethany	martha-of-bethany
John 11:21	25	Jesus	jesus-of-nazareth	jesus-of-nazareth
John 11:23	0	Jesus	jesus-of-nazareth	jesus-of-nazareth
John 11:24	0	Martha	martha-of-bethany	martha-of-bethany
John 11:25	0	Jesus	jesus-of-nazareth	jesus-of-nazareth
John 11:28	50	Mary	mary-of-bethany	mary-mother-of-jesus
John 11:30	4	Jesus	jesus-of-nazareth	jesus-of-nazareth
John 11:30	72	Martha	martha-of-bethany	martha-of-bethany
John 11:31	84	Mary	mary-of-bethany	mary-mother-of-jesus
John 11:32	15	Mary	mary-of-bethany	mary-mother-of-jesus
John 11:32	34	Jesus	jesus-of-nazareth	jesus-of-nazareth
John 11:33	5	Jesus	jesus-of-nazareth	jesus-of-nazareth
John 11:35	0	Jesus	jesus-of-nazareth	jesus-of-nazareth
John 11:38	0	Jesus	jesus-of-nazareth	jesus-of-nazareth
John 11:39	0	Jesus	jesus-of-nazareth	jesus-of-nazareth
John 11:39	35	Martha	martha-of-bethany	martha-of-bethany
John 11:40	0	Jesus	jesus-of-nazareth	jesus-of-nazareth
John 11:41	73	Jesus	jesus-of-nazareth	jesus-of-nazareth
John 11:43	52	Lazarus	lazarus-of-bethany	lazarus-of-bethany
John 11:44	108	Jesus	jesus-of-nazareth	jesus-of-nazareth
John 11:45	40	Mary	mary-of-bethany	mary-mother-of-jesus
John 11:45	58	Jesus	jesus-of-nazareth	jesus-of-nazareth
John 11:46	76	Jesus	jesus-of-nazareth	jesus-of-nazareth
John 11:49	27	Caiaphas	caiaphas	caiaphas
John 11:51	87	Jesus	jesus-of-nazareth	jesus-of-nazareth
John 11:54	0	Jesus	jesus-of-nazareth	jesus-of-nazareth
John 11:56	21	Jesus	jesus-of-nazareth	jesus-of-nazareth
John 12:1	35	Jesus	jesus-of-nazareth	jesus-of-nazareth
John 12:1	64	Lazarus	lazarus-of-bethany	lazarus-of-bethany
John 12:2	33	Martha	martha-of-bethany	martha-of-bethany
John 12:2	52	Lazarus	lazarus-of-bethany	lazarus-of-bethany
John 12:3	0	Mary	mary-of-bethany	mary-mother-of-jesus
John 12:3	96	Jesus	jesus-of-nazareth	jesus-of-nazareth
John 12:4	5	Judas Iscariot	judas-iscariot	judas-iscariot
John 12:4	21	Simon	-	simon-peter
John 12:7	4	Jesus	jesus-of-nazareth	jesus-of-nazareth
John 12:9	86	Jesus	jesus-of-nazareth	jesus-of-nazareth
John 12:9	128	Lazarus	lazarus-of-bethany	lazarus-of-bethany
John 12:10	39	Lazarus	lazarus-of-bethany	lazarus-of-bethany
John 12:11	69	Jesus	jesus-of-nazareth	jesus-of-nazareth
John 12:12	78	Jesus	jesus-of-nazareth	jesus-of-nazareth
John 12:14	0	Jesus	jesus-of-nazareth	jesus-of-nazareth
John 12:16	64	Jesus	jesus-of-nazareth	jesus-of-nazareth
John 12:17	57	Lazarus	lazarus-of-bethany	lazarus-of-bethany
John 12:21	26	Philip	philip-the-apostle	philip-the-apostle
John 12:21	113	Jesus	jesus-of-nazareth	jesus-of-nazareth
John 12:22	0	Philip	philip-the-apostle	philip-the-apostle
John 12:22	21	Andrew	andrew-apostle	andrew-apostle
John 12:22	42	Andrew	andrew-apostle	andrew-apostle
John 12:22	59	Philip	philip-the-apostle	philip-the-apostle
John 12:22	81	Jesus	jesus-of-nazareth	jesus-of-nazareth
John 12:23	0	Jesus	jesus-of-nazareth	jesus-of-nazareth
John 12:30	0	Jesus	jesus-of-nazareth	jesus-of-nazareth
John 12:35	0	Jesus	jesus-of-nazareth	jesus-of-nazareth
John 12:36	88	Jesus	jesus-of-nazareth	jesus-of-nazareth
John 12:38	17	Isaiah	isaiah	isaiah
John 12:39	42	Isaiah	isaiah	isaiah
John 12:41	0	Isaiah	isaiah	isaiah
John 12:44	0	Jesus	jesus-of-nazareth	jesus-of-nazareth
John 13:1	38	Jesus	jesus-of-nazareth	jesus-of-nazareth
John 13:2	15	the devil	satan	satan
John 13:2	62	Judas Iscariot	judas-iscariot	judas-iscariot
John 13:2	78	Simon	-	simon-peter
John 13:3	0	Jesus	jesus-of-nazareth	jesus-of-nazareth
John 13:6	16	Simon Peter	simon-peter	simon-peter
John 13:7	0	Jesus	jesus-of-nazareth	jesus-of-nazareth
John 13:8	0	Peter	simon-peter	simon-peter
John 13:8	50	Jesus	jesus-of-nazareth	jesus-of-nazareth
John 13:9	0	Simon Peter	simon-peter	simon-peter
John 13:10	0	Jesus	jesus-of-nazareth	jesus-of-nazareth
John 13:21	5	Jesus	jesus-of-nazareth	jesus-of-nazareth
John 13:23	27	Jesus	jesus-of-nazareth	jesus-of-nazareth
John 13:23	74	Jesus	jesus-of-nazareth	jesus-of-nazareth
John 13:24	0	Simon Peter	simon-peter	simon-peter
John 13:25	32	Jesus	jesus-of-nazareth	jesus-of-nazareth
John 13:26	0	Jesus	jesus-of-nazareth	jesus-of-nazareth
John 13:26	156	Judas	judas-iscariot	judas-iscariot
John 13:26	174	Simon	-	simon-peter
John 13:27	31	Satan	satan	satan
John 13:27	60	Jesus	jesus-of-nazareth	jesus-of-nazareth
John 13:29	26	Judas	judas-iscariot	judas-iscariot
John 13:29	56	Jesus	jesus-of-nazareth	jesus-of-nazareth
John 13:31	22	Jesus	jesus-of-nazareth	jesus-of-nazareth
John 13:36	0	Simon Peter	simon-peter	simon-peter
John 13:36	54	Jesus	jesus-of-nazareth	jesus-of-nazareth
John 13:37	0	Peter	simon-peter	simon-peter
John 13:38	0	Jesus	jesus-of-nazareth	jesus-of-nazareth
John 14:5	0	Thomas	thomas-apostle	thomas-apostle
John 14:6	0	Jesus	jesus-of-nazareth	jesus-of-nazareth
John 14:8	0	Philip	philip-the-apostle	philip-the-apostle
John 14:9	0	Jesus	jesus-of-nazareth	jesus-of-nazareth
John 14:9	83	Philip	philip-the-apostle	philip-the-apostle
John 14:16	56	Counselor	holy-spirit	holy-spirit
John 14:17	4	Spirit of truth	holy-spirit	holy-spirit
John 14:22	0	Judas	thaddaeus	judas-iscariot
John 14:23	0	Jesus	jesus-of-nazareth	jesus-of-nazareth
John 14:26	4	the Counselor	holy-spirit	holy-spirit
John 14:26	19	the Holy Spirit	holy-spirit	holy-spirit
John 15:26	6	the Counselor	holy-spirit	holy-spirit
John 15:26	75	Spirit of truth	holy-spirit	holy-spirit
John 16:7	99	the Counselor	holy-spirit	holy-spirit
John 16:13	21	Spirit of truth	holy-spirit	holy-spirit
John 16:19	10	Jesus	jesus-of-nazareth	jesus-of-nazareth
John 16:31	0	Jesus	jesus-of-nazareth	jesus-of-nazareth
John 17:1	0	Jesus	jesus-of-nazareth	jesus-of-nazareth
John 17:3	91	Jesus Christ	jesus-of-nazareth	jesus-of-nazareth
John 17:15	86	the evil one	satan	satan
John 18:1	5	Jesus	jesus-of-nazareth	jesus-of-nazareth
John 18:2	4	Judas	judas-iscariot	judas-iscariot
John 18:2	54	Jesus	jesus-of-nazareth	jesus-of-nazareth
John 18:3	0	Judas	judas-iscariot	judas-iscariot
John 18:4	0	Jesus	jesus-of-nazareth	jesus-of-nazareth
John 18:5	20	Jesus of Nazareth	jesus-of-nazareth	jesus-of-nazareth
John 18:5	40	Jesus	jesus-of-nazareth	jesus-of-nazareth
John 18:5	71	Judas	judas-iscariot	judas-iscariot
John 18:7	70	Jesus of Nazareth	jesus-of-nazareth	jesus-of-nazareth
John 18:8	0	Jesus	jesus-of-nazareth	jesus-of-nazareth
John 18:10	0	Simon Peter	simon-peter	simon-peter
John 18:10	136	Malchus	malchus	malchus
John 18:11	0	Jesus	jesus-of-nazareth	jesus-of-nazareth
John 18:11	24	Peter	simon-peter	simon-peter
John 18:12	80	Jesus	jesus-of-nazareth	jesus-of-nazareth
John 18:13	56	Caiaphas	caiaphas	caiaphas
John 18:14	11	Caiaphas	caiaphas	caiaphas
John 18:15	0	Simon Peter	simon-peter	simon-peter
John 18:15	21	Jesus	jesus-of-nazareth	jesus-of-nazareth
John 18:15	121	Jesus	jesus-of-nazareth	jesus-of-nazareth
John 18:16	4	Peter	simon-peter	simon-peter
John 18:16	161	Peter	simon-peter	simon-peter
John 18:17	40	Peter	simon-peter	simon-peter
John 18:18	131	Peter	simon-peter	simon-peter
John 18:19	32	Jesus	jesus-of-nazareth	jesus-of-nazareth
John 18:20	0	Jesus	jesus-of-nazareth	jesus-of-nazareth
John 18:22	63	Jesus	jesus-of-nazareth	jesus-of-nazareth
John 18:23	0	Jesus	jesus-of-nazareth	jesus-of-nazareth
John 18:24	24	Caiaphas	caiaphas	caiaphas
John 18:25	4	Simon Peter	simon-peter	simon-peter
John 18:26	74	Peter	simon-peter	simon-peter
John 18:27	0	Peter	simon-peter	simon-peter
John 18:28	9	Jesus	jesus-of-nazareth	jesus-of-nazareth
John 18:28	30	Caiaphas	caiaphas	caiaphas
John 18:29	0	Pilate	pontius-pilate	pontius-pilate
John 18:31	0	Pilate	pontius-pilate	pontius-pilate
John 18:32	17	Jesus	jesus-of-nazareth	jesus-of-nazareth
John 18:33	0	Pilate	pontius-pilate	pontius-pilate
John 18:33	59	Jesus	jesus-of-nazareth	jesus-of-nazareth
John 18:34	0	Jesus	jesus-of-nazareth	jesus-of-nazareth
John 18:35	0	Pilate	pontius-pilate	pontius-pilate
John 18:36	0	Jesus	jesus-of-nazareth	jesus-of-nazareth
John 18:37	0	Pilate	pontius-pilate	pontius-pilate
John 18:37	53	Jesus	jesus-of-nazareth	jesus-of-nazareth
John 18:38	0	Pilate	pontius-pilate	pontius-pilate
John 19:1	3	Pilate	pontius-pilate	pontius-pilate
John 19:1	20	Jesus	jesus-of-nazareth	jesus-of-nazareth
John 19:4	5	Pilate	pontius-pilate	pontius-pilate
John 19:5	0	Jesus	jesus-of-nazareth	jesus-of-nazareth
John 19:5	78	Pilate	pontius-pilate	pontius-pilate
John 19:6	101	Pilate	pontius-pilate	pontius-pilate
John 19:8	15	Pilate	pontius-pilate	pontius-pilate
John 19:9	50	Jesus	jesus-of-nazareth	jesus-of-nazareth
John 19:9	83	Jesus	jesus-of-nazareth	jesus-of-nazareth
John 19:10	0	Pilate	pontius-pilate	pontius-pilate
John 19:11	0	Jesus	jesus-of-nazareth	jesus-of-nazareth
John 19:12	9	Pilate	pontius-pilate	pontius-pilate
John 19:12	113	Caesar	tiberius-caesar	tiberius-caesar
John 19:12	179	Caesar	tiberius-caesar	tiberius-caesar
John 19:13	5	Pilate	pontius-pilate	pontius-pilate
John 19:13	52	Jesus	jesus-of-nazareth	jesus-of-nazareth
John 19:15	61	Pilate	pontius-pilate	pontius-pilate
John 19:15	160	Caesar	tiberius-caesar	tiberius-caesar
John 19:16	63	Jesus	jesus-of-nazareth	jesus-of-nazareth
John 19:18	75	Jesus	jesus-of-nazareth	jesus-of-nazareth
John 19:19	0	Pilate	pontius-pilate	pontius-pilate
John 19:19	72	JESUS OF NAZARETH	jesus-of-nazareth	jesus-of-nazareth
John 19:20	64	Jesus	jesus-of-nazareth	jesus-of-nazareth
John 19:21	48	Pilate	pontius-pilate	pontius-pilate
John 19:22	0	Pilate	pontius-pilate	pontius-pilate
John 19:23	43	Jesus	jesus-of-nazareth	jesus-of-nazareth
John 19:25	40	Jesus	jesus-of-nazareth	jesus-of-nazareth
John 19:25	83	Mary the wife of Clopas	mary-mother-of-james-the-less	mary-mother-of-james-the-less
John 19:25	112	Mary Magdalene	mary-magdalene	mary-magdalene
John 19:26	15	Jesus	jesus-of-nazareth	jesus-of-nazareth
John 19:28	12	Jesus	jesus-of-nazareth	jesus-of-nazareth
John 19:30	5	Jesus	jesus-of-nazareth	jesus-of-nazareth
John 19:31	166	Pilate	pontius-pilate	pontius-pilate
John 19:33	22	Jesus	jesus-of-nazareth	jesus-of-nazareth
John 19:38	20	Joseph	joseph-of-arimathea	joseph-son-of-jacob
John 19:38	62	Jesus	jesus-of-nazareth	jesus-of-nazareth
John 19:38	113	Pilate	pontius-pilate	pontius-pilate
John 19:38	144	Jesus	jesus-of-nazareth	jesus-of-nazareth
John 19:38	157	Pilate	pontius-pilate	pontius-pilate
John 19:39	0	Nicodemus	nicodemus	nicodemus
John 19:39	32	Jesus	jesus-of-nazareth	jesus-of-nazareth
John 19:40	13	Jesus	jesus-of-nazareth	jesus-of-nazareth
John 19:42	84	Jesus	jesus-of-nazareth	jesus-of-nazareth
John 20:1	34	Mary Magdalene	mary-magdalene	mary-magdalene
John 20:2	30	Simon Peter	simon-peter	simon-peter
John 20:2	74	Jesus	jesus-of-nazareth	jesus-of-nazareth
John 20:3	10	Peter	simon-peter	simon-peter
John 20:4	50	Peter	simon-peter	simon-peter
John 20:6	5	Simon Peter	simon-peter	simon-peter
John 20:11	4	Mary	mary-magdalene	mary-mother-of-jesus
John 20:12	97	Jesus	jesus-of-nazareth	jesus-of-nazareth
John 20:14	50	Jesus	jesus-of-nazareth	jesus-of-nazareth
John 20:14	94	Jesus	jesus-of-nazareth	jesus-of-nazareth
John 20:15	0	Jesus	jesus-of-nazareth	jesus-of-nazareth
John 20:16	0	Jesus	jesus-of-nazareth	jesus-of-nazareth
John 20:16	20	Mary	mary-magdalene	mary-mother-of-jesus
John 20:17	0	Jesus	jesus-of-nazareth	jesus-of-nazareth
John 20:18	0	Mary Magdalene	mary-magdalene	mary-magdalene
John 20:19	160	Jesus	jesus-of-nazareth	jesus-of-nazareth
John 20:21	0	Jesus	jesus-of-nazareth	jesus-of-nazareth
John 20:22	71	the Holy Spirit	holy-spirit	holy-spirit
John 20:24	4	Thomas	thomas-apostle	thomas-apostle
John 20:24	38	Didymus	thomas-apostle	thomas-apostle
John 20:24	69	Jesus	jesus-of-nazareth	jesus-of-nazareth
John 20:26	54	Thomas	thomas-apostle	thomas-apostle
John 20:26	76	Jesus	jesus-of-nazareth	jesus-of-nazareth
John 20:27	16	Thomas	thomas-apostle	thomas-apostle
John 20:28	0	Thomas	thomas-apostle	thomas-apostle
John 20:29	0	Jesus	jesus-of-nazareth	jesus-of-nazareth
John 20:30	10	Jesus	jesus-of-nazareth	jesus-of-nazareth
John 20:31	49	Jesus	jesus-of-nazareth	jesus-of-nazareth
John 21:1	20	Jesus	jesus-of-nazareth	jesus-of-nazareth
John 21:2	0	Simon Peter	simon-peter	simon-peter
John 21:2	13	Thomas	thomas-apostle	thomas-apostle
John 21:2	27	Didymus	thomas-apostle	thomas-apostle
John 21:2	36	Nathanael	bartholomew-nathanael	bartholomew-nathanael
John 21:3	0	Simon Peter	simon-peter	simon-peter
John 21:4	31	Jesus	jesus-of-nazareth	jesus-of-nazareth
John 21:4	99	Jesus	jesus-of-nazareth	jesus-of-nazareth
John 21:5	0	Jesus	jesus-of-nazareth	jesus-of-nazareth
John 21:7	29	Jesus	jesus-of-nazareth	jesus-of-nazareth
John 21:7	49	Peter	simon-peter	simon-peter
John 21:7	81	Simon Peter	simon-peter	simon-peter
John 21:10	0	Jesus	jesus-of-nazareth	jesus-of-nazareth
John 21:11	0	Simon Peter	simon-peter	simon-peter
John 21:12	0	Jesus	jesus-of-nazareth	jesus-of-nazareth
John 21:13	5	Jesus	jesus-of-nazareth	jesus-of-nazareth
John 21:14	32	Jesus	jesus-of-nazareth	jesus-of-nazareth
John 21:15	40	Jesus	jesus-of-nazareth	jesus-of-nazareth
John 21:15	54	Simon Peter	simon-peter	simon-peter
John 21:15	68	Simon	simon-peter	simon-peter
John 21:16	37	Simon	simon-peter	simon-peter
John 21:17	32	Simon	simon-peter	simon-peter
John 21:17	84	Peter	simon-peter	simon-peter
John 21:17	256	Jesus	jesus-of-nazareth	jesus-of-nazareth
John 21:20	5	Peter	simon-peter	simon-peter
John 21:20	81	Jesus	jesus-of-nazareth	jesus-of-nazareth
John 21:20	125	Jesus	jesus-of-nazareth	jesus-of-nazareth
John 21:21	0	Peter	simon-peter	simon-peter
John 21:21	26	Jesus	jesus-of-nazareth	jesus-of-nazareth
John 21:22	0	Jesus	jesus-of-nazareth	jesus-of-nazareth
John 21:23	88	Jesus	jesus-of-nazareth	jesus-of-nazareth
John 21:25	39	Jesus	jesus-of-nazareth	jesus-of-nazareth
Acts 1:1	24	Theophilus	theophilus	theophilus
Acts 1:1	55	Jesus	jesus-of-nazareth	jesus-of-nazareth
Acts 1:2	82	the Holy Spirit	holy-spirit	holy-spirit
Acts 1:5	4	John	john-the-apostle	john-the-baptist
Acts 1:5	63	the Holy Spirit	holy-spirit	holy-spirit
Acts 1:8	32	the Holy Spirit	holy-spirit	holy-spirit
Acts 1:11	80	Jesus	jesus-of-nazareth	jesus-of-nazareth
Acts 1:13	90	Peter	simon-peter	simon-peter
Acts 1:13	97	John	john-the-apostle	john-the-baptist
Acts 1:13	103	James	james-son-of-zebedee	james-son-of-zebedee
Acts 1:13	110	Andrew	andrew-apostle	andrew-apostle
Acts 1:13	118	Philip	philip-the-apostle	philip-the-apostle
Acts 1:13	126	Thomas	thomas-apostle	thomas-apostle
Acts 1:13	134	Bartholomew	bartholomew-nathanael	bartholomew-nathanael
Acts 1:13	156	James the son of Alphaeus	james-son-of-alphaeus	james-son-of-alphaeus
Acts 1:13	183	Simon the Zealot	simon-the-zealot	simon-the-zealot
Acts 1:13	205	Judas the son of James	thaddaeus	thaddaeus
Acts 1:14	102	Mary	mary-mother-of-jesus	mary-mother-of-jesus
Acts 1:14	121	Jesus	jesus-of-nazareth	jesus-of-nazareth
Acts 1:15	15	Peter	simon-peter	simon-peter
Acts 1:16	75	the Holy Spirit	holy-spirit	holy-spirit
Acts 1:16	120	David	david	david
Acts 1:16	137	Judas	judas-iscariot	judas-iscariot
Acts 1:16	176	Jesus	jesus-of-nazareth	jesus-of-nazareth
Acts 1:21	73	Jesus	jesus-of-nazareth	jesus-of-nazareth
Acts 1:22	30	John	john-the-apostle	john-the-baptist
Acts 1:23	22	Joseph	joseph-son-of-jacob	joseph-son-of-jacob
Acts 1:25	57	Judas	judas-iscariot	judas-iscariot
Acts 2:4	26	the Holy Spirit	holy-spirit	holy-spirit
Acts 2:14	4	Peter	simon-peter	simon-peter
Acts 2:22	34	Jesus of Nazareth	jesus-of-nazareth	jesus-of-nazareth
Acts 2:25	4	David	david	david
Acts 2:29	50	David	david	david
Acts 2:32	5	Jesus	jesus-of-nazareth	jesus-of-nazareth
Acts 2:33	101	the Holy Spirit	holy-spirit	holy-spirit
Acts 2:34	4	David	david	david
Acts 2:36	103	Jesus	jesus-of-nazareth	jesus-of-nazareth
Acts 2:37	66	Peter	simon-peter	simon-peter
Acts 2:38	0	Peter	simon-peter	simon-peter
Acts 2:38	79	Jesus Christ	jesus-of-nazareth	jesus-of-nazareth
Acts 2:38	154	the Holy Spirit	holy-spirit	holy-spirit
Acts 3:1	0	Peter	simon-peter	simon-peter
Acts 3:1	10	John	john-the-apostle	john-the-baptist
Acts 3:3	7	Peter	simon-peter	simon-peter
Acts 3:3	17	John	john-the-apostle	john-the-baptist
Acts 3:4	0	Peter	simon-peter	simon-peter
Acts 3:4	39	John	john-the-apostle	john-the-baptist
Acts 3:6	4	Peter	simon-peter	simon-peter
Acts 3:6	92	Jesus Christ	jesus-of-nazareth	jesus-of-nazareth
Acts 3:11	42	Peter	simon-peter	simon-peter
Acts 3:11	52	John	john-the-apostle	john-the-baptist
Acts 3:11	122	Solomon	solomon	solomon
Acts 3:12	5	Peter	simon-peter	simon-peter
Acts 3:13	11	Abraham	abraham	abraham
Acts 3:13	20	Isaac	isaac	isaac
Acts 3:13	31	Jacob	jacob	jacob
Acts 3:13	88	Jesus	jesus-of-nazareth	jesus-of-nazareth
Acts 3:13	148	Pilate	pontius-pilate	pontius-pilate
Acts 3:20	21	Christ Jesus	jesus-of-nazareth	jesus-of-nazareth
Acts 3:22	4	Moses	moses	moses
Acts 3:24	31	Samuel	samuel	samuel
Acts 3:25	101	Abraham	abraham	abraham
Acts 3:26	34	Jesus	jesus-of-nazareth	jesus-of-nazareth
Acts 4:2	61	Jesus	jesus-of-nazareth	jesus-of-nazareth
Acts 4:6	38	Caiaphas	caiaphas	caiaphas
Acts 4:6	48	John	john-the-apostle	john-the-baptist
Acts 4:8	5	Peter	simon-peter	simon-peter
Acts 4:8	24	the Holy Spirit	holy-spirit	holy-spirit
Acts 4:10	77	Jesus Christ	jesus-of-nazareth	jesus-of-nazareth
Acts 4:13	34	Peter	simon-peter	simon-peter
Acts 4:13	44	John	john-the-apostle	john-the-baptist
Acts 4:13	166	Jesus	jesus-of-nazareth	jesus-of-nazareth
Acts 4:18	82	Jesus	jesus-of-nazareth	jesus-of-nazareth
Acts 4:19	4	Peter	simon-peter	simon-peter
Acts 4:19	14	John	john-the-apostle	john-the-baptist
Acts 4:25	34	David	david	david
Acts 4:27	52	Jesus	jesus-of-nazareth	jesus-of-nazareth
Acts 4:27	93	Pontius Pilate	pontius-pilate	pontius-pilate
Acts 4:30	118	Jesus	jesus-of-nazareth	jesus-of-nazareth
Acts 4:31	104	the Holy Spirit	holy-spirit	holy-spirit
Acts 4:33	84	Jesus	jesus-of-nazareth	jesus-of-nazareth
Acts 4:36	43	Barnabas	barnabas	barnabas
Acts 5:1	24	Ananias	ananias-and-sapphira	ananias-and-sapphira
Acts 5:3	4	Peter	simon-peter	simon-peter
Acts 5:3	17	Ananias	ananias-and-sapphira	ananias-and-sapphira
Acts 5:3	34	Satan	satan	satan
Acts 5:3	68	the Holy Spirit	holy-spirit	holy-spirit
Acts 5:5	0	Ananias	ananias-and-sapphira	ananias-and-sapphira
Acts 5:8	0	Peter	simon-peter	simon-peter
Acts 5:9	4	Peter	simon-peter	simon-peter
Acts 5:9	75	Spirit of the Lord	holy-spirit	holy-spirit
Acts 5:12	113	Solomon	solomon	solomon
Acts 5:15	98	Peter	simon-peter	simon-peter
Acts 5:29	4	Peter	simon-peter	simon-peter
Acts 5:30	33	Jesus	jesus-of-nazareth	jesus-of-nazareth
Acts 5:32	53	the Holy Spirit	holy-spirit	holy-spirit
Acts 5:34	50	Gamaliel	gamaliel	gamaliel
Acts 5:37	16	Judas	judas-iscariot	judas-iscariot
Acts 5:40	108	Jesus	jesus-of-nazareth	jesus-of-nazareth
Acts 5:41	121	Jesus	jesus-of-nazareth	jesus-of-nazareth
Acts 5:42	80	Jesus	jesus-of-nazareth	jesus-of-nazareth
Acts 6:3	77	the Holy Spirit	holy-spirit	holy-spirit
Acts 6:5	52	Stephen	stephen-the-martyr	stephen-the-martyr
Acts 6:5	88	the Holy Spirit	holy-spirit	holy-spirit
Acts 6:5	105	Philip	philip-the-evangelist	philip-the-apostle
Acts 6:8	0	Stephen	stephen-the-martyr	stephen-the-martyr
Acts 6:9	167	Stephen	stephen-the-martyr	stephen-the-martyr
Acts 6:11	90	Moses	moses	moses
Acts 6:14	36	Jesus of Nazareth	jesus-of-nazareth	jesus-of-nazareth
Acts 6:14	113	Moses	moses	moses
Acts 7:2	80	Abraham	abraham	abraham
Acts 7:8	45	Abraham	abraham	abraham
Acts 7:8	74	Isaac	isaac	isaac
Acts 7:8	117	Isaac	isaac	isaac
Acts 7:8	144	Jacob	jacob	jacob
Acts 7:8	155	Jacob	jacob	jacob
Acts 7:9	45	Joseph	joseph-son-of-jacob	joseph-son-of-jacob
Acts 7:12	9	Jacob	jacob	jacob
Acts 7:13	19	Joseph	joseph-son-of-jacob	joseph-son-of-jacob
Acts 7:13	62	Joseph	joseph-son-of-jacob	joseph-son-of-jacob
Acts 7:14	0	Joseph	joseph-son-of-jacob	joseph-son-of-jacob
Acts 7:14	26	Jacob	jacob	jacob
Acts 7:15	0	Jacob	jacob	jacob
Acts 7:16	65	Abraham	abraham	abraham
Acts 7:17	66	Abraham	abraham	abraham
Acts 7:18	52	Joseph	joseph-son-of-jacob	joseph-son-of-jacob
Acts 7:20	13	Moses	moses	moses
Acts 7:22	0	Moses	moses	moses
Acts 7:29	0	Moses	moses	moses
Acts 7:31	5	Moses	moses	moses
Acts 7:32	42	Abraham	abraham	abraham
Acts 7:32	62	Isaac	isaac	isaac
Acts 7:32	84	Jacob	jacob	jacob
Acts 7:32	92	Moses	moses	moses
Acts 7:35	6	Moses	moses	moses
Acts 7:37	13	Moses	moses	moses
Acts 7:40	10	Aaron	aaron	aaron
Acts 7:40	71	Moses	moses	moses
Acts 7:44	92	Moses	moses	moses
Acts 7:45	55	Joshua	joshua	joshua
Acts 7:45	182	David	david	david
Acts 7:46	83	Jacob	jacob	jacob
Acts 7:47	4	Solomon	solomon	solomon
Acts 7:51	73	the Holy Spirit	holy-spirit	holy-spirit
Acts 7:55	22	the Holy Spirit	holy-spirit	holy-spirit
Acts 7:55	104	Jesus	jesus-of-nazareth	jesus-of-nazareth
Acts 7:58	117	Saul	paul-of-tarsus	paul-of-tarsus
Acts 7:59	12	Stephen	stephen-the-martyr	stephen-the-martyr
Acts 7:59	52	Jesus	jesus-of-nazareth	jesus-of-nazareth
Acts 8:1	0	Saul	paul-of-tarsus	paul-of-tarsus
Acts 8:2	18	Stephen	stephen-the-martyr	stephen-the-martyr
Acts 8:3	4	Saul	paul-of-tarsus	paul-of-tarsus
Acts 8:5	0	Philip	philip-the-evangelist	philip-the-apostle
Acts 8:6	74	Philip	philip-the-evangelist	philip-the-apostle
Acts 8:9	29	Simon	simon-magus	simon-peter
Acts 8:12	23	Philip	philip-the-evangelist	philip-the-apostle
Acts 8:12	91	Jesus Christ	jesus-of-nazareth	jesus-of-nazareth
Acts 8:13	0	Simon	simon-magus	simon-peter
Acts 8:13	63	Philip	philip-the-evangelist	philip-the-apostle
Acts 8:14	103	Peter	simon-peter	simon-peter
Acts 8:14	113	John	john-the-apostle	john-the-baptist
Acts 8:15	71	the Holy Spirit	holy-spirit	holy-spirit
Acts 8:16	85	Christ Jesus	jesus-of-nazareth	jesus-of-nazareth
Acts 8:17	54	the Holy Spirit	holy-spirit	holy-spirit
Acts 8:18	9	Simon	simon-magus	simon-peter
Acts 8:18	24	the Holy Spirit	holy-spirit	holy-spirit
Acts 8:19	78	the Holy Spirit	holy-spirit	holy-spirit
Acts 8:20	4	Peter	simon-peter	simon-peter
Acts 8:24	0	Simon	simon-magus	simon-peter
Acts 8:26	34	Philip	philip-the-evangelist	philip-the-apostle
Acts 8:28	73	Isaiah	isaiah	isaiah
Acts 8:29	19	Philip	philip-the-evangelist	philip-the-apostle
Acts 8:30	0	Philip	philip-the-evangelist	philip-the-apostle
Acts 8:30	41	Isaiah	isaiah	isaiah
Acts 8:31	66	Philip	philip-the-evangelist	philip-the-apostle
Acts 8:34	20	Philip	philip-the-evangelist	philip-the-apostle
Acts 8:35	0	Philip	philip-the-evangelist	philip-the-apostle
Acts 8:35	82	Jesus	jesus-of-nazareth	jesus-of-nazareth
Acts 8:38	86	Philip	philip-the-evangelist	philip-the-apostle
Acts 8:39	40	Spirit of the Lord	holy-spirit	holy-spirit
Acts 8:39	66	Philip	philip-the-evangelist	philip-the-apostle
Acts 8:40	4	Philip	philip-the-evangelist	philip-the-apostle
Acts 9:1	4	Saul	paul-of-tarsus	paul-of-tarsus
Acts 9:4	56	Saul	paul-of-tarsus	paul-of-tarsus
Acts 9:4	62	Saul	paul-of-tarsus	paul-of-tarsus
Acts 9:5	51	Jesus	jesus-of-nazareth	jesus-of-nazareth
Acts 9:8	0	Saul	paul-of-tarsus	paul-of-tarsus
Acts 9:10	51	Ananias	ananias-of-damascus	ananias-and-sapphira
Acts 9:10	95	Ananias	ananias-of-damascus	ananias-and-sapphira
Acts 9:11	125	Saul	paul-of-tarsus	paul-of-tarsus
Acts 9:12	40	Ananias	ananias-of-damascus	ananias-and-sapphira
Acts 9:13	4	Ananias	ananias-of-damascus	ananias-and-sapphira
Acts 9:17	0	Ananias	ananias-of-damascus	ananias-and-sapphira
Acts 9:17	89	Saul	paul-of-tarsus	paul-of-tarsus
Acts 9:17	221	the Holy Spirit	holy-spirit	holy-spirit
Acts 9:19	35	Saul	paul-of-tarsus	paul-of-tarsus
Acts 9:22	4	Saul	paul-of-tarsus	paul-of-tarsus
Acts 9:24	31	Saul	paul-of-tarsus	paul-of-tarsus
Acts 9:26	5	Saul	paul-of-tarsus	paul-of-tarsus
Acts 9:27	4	Barnabas	barnabas	barnabas
Acts 9:27	203	Jesus	jesus-of-nazareth	jesus-of-nazareth
Acts 9:29	41	Jesus	jesus-of-nazareth	jesus-of-nazareth
Acts 9:31	169	the Holy Spirit	holy-spirit	holy-spirit
Acts 9:32	3	Peter	simon-peter	simon-peter
Acts 9:34	0	Peter	simon-peter	simon-peter
Acts 9:34	28	Jesus Christ	jesus-of-nazareth	jesus-of-nazareth
Acts 9:36	48	Tabitha	dorcas-tabitha	dorcas-tabitha
Acts 9:36	86	Dorcas	dorcas-tabitha	dorcas-tabitha
Acts 9:38	53	Peter	simon-peter	simon-peter
Acts 9:39	0	Peter	simon-peter	simon-peter
Acts 9:39	167	Dorcas	dorcas-tabitha	dorcas-tabitha
Acts 9:40	0	Peter	simon-peter	simon-peter
Acts 9:40	83	Tabitha	dorcas-tabitha	dorcas-tabitha
Acts 9:40	139	Peter	simon-peter	simon-peter
Acts 9:43	49	Simon	-	simon-peter
Acts 10:1	41	Cornelius	cornelius-the-centurion	cornelius-the-centurion
Acts 10:3	114	Cornelius	cornelius-the-centurion	cornelius-the-centurion
Acts 10:5	31	Simon	simon-peter	simon-peter
Acts 10:5	57	Peter	simon-peter	simon-peter
Acts 10:6	30	Simon	-	simon-peter
Acts 10:7	46	Cornelius	cornelius-the-centurion	cornelius-the-centurion
Acts 10:9	78	Peter	simon-peter	simon-peter
Acts 10:13	28	Peter	simon-peter	simon-peter
Acts 10:14	4	Peter	simon-peter	simon-peter
Acts 10:17	10	Peter	simon-peter	simon-peter
Acts 10:17	125	Cornelius	cornelius-the-centurion	cornelius-the-centurion
Acts 10:17	160	Simon	simon-peter	simon-peter
Acts 10:18	29	Simon	simon-peter	simon-peter
Acts 10:18	56	Peter	simon-peter	simon-peter
Acts 10:19	6	Peter	simon-peter	simon-peter
Acts 10:21	0	Peter	simon-peter	simon-peter
Acts 10:22	12	Cornelius	cornelius-the-centurion	cornelius-the-centurion
Acts 10:23	67	Peter	simon-peter	simon-peter
Acts 10:24	44	Cornelius	cornelius-the-centurion	cornelius-the-centurion
Acts 10:25	5	Peter	simon-peter	simon-peter
Acts 10:25	20	Cornelius	cornelius-the-centurion	cornelius-the-centurion
Acts 10:26	4	Peter	simon-peter	simon-peter
Acts 10:30	0	Cornelius	cornelius-the-centurion	cornelius-the-centurion
Acts 10:31	11	Cornelius	cornelius-the-centurion	cornelius-the-centurion
Acts 10:32	36	Simon	simon-peter	simon-peter
Acts 10:32	62	Peter	simon-peter	simon-peter
Acts 10:32	110	Simon	simon-peter	simon-peter
Acts 10:34	0	Peter	simon-peter	simon-peter
Acts 10:36	82	Jesus Christ	jesus-of-nazareth	jesus-of-nazareth
Acts 10:37	126	John	john-the-apostle	john-the-baptist
Acts 10:38	5	Jesus of Nazareth	jesus-of-nazareth	jesus-of-nazareth
Acts 10:38	50	the Holy Spirit	holy-spirit	holy-spirit
Acts 10:38	146	the devil	satan	satan
Acts 10:44	6	Peter	simon-peter	simon-peter
Acts 10:44	44	the Holy Spirit	holy-spirit	holy-spirit
Acts 10:45	72	Peter	simon-peter	simon-peter
Acts 10:45	99	the Holy Spirit	holy-spirit	holy-spirit
Acts 10:46	73	Peter	simon-peter	simon-peter
Acts 10:47	83	the Holy Spirit	holy-spirit	holy-spirit
Acts 10:48	48	Jesus Christ	jesus-of-nazareth	jesus-of-nazareth
Acts 11:2	5	Peter	simon-peter	simon-peter
Acts 11:4	4	Peter	simon-peter	simon-peter
Acts 11:7	42	Peter	simon-peter	simon-peter
Acts 11:13	103	Simon	simon-peter	simon-peter
Acts 11:13	124	Peter	simon-peter	simon-peter
Acts 11:15	21	the Holy Spirit	holy-spirit	holy-spirit
Acts 11:16	49	John	john-the-apostle	john-the-baptist
Acts 11:16	108	the Holy Spirit	holy-spirit	holy-spirit
Acts 11:17	75	Jesus Christ	jesus-of-nazareth	jesus-of-nazareth
Acts 11:19	76	Stephen	stephen-the-martyr	stephen-the-martyr
Acts 11:20	135	Jesus	jesus-of-nazareth	jesus-of-nazareth
Acts 11:22	98	Barnabas	barnabas	barnabas
Acts 11:24	35	the Holy Spirit	holy-spirit	holy-spirit
Acts 11:25	0	Barnabas	barnabas	barnabas
Acts 11:25	40	Saul	paul-of-tarsus	paul-of-tarsus
Acts 11:28	154	Claudius	claudius-caesar	claudius-caesar
Acts 11:30	62	Barnabas	barnabas	barnabas
Acts 11:30	75	Saul	paul-of-tarsus	paul-of-tarsus
Acts 12:2	10	James	james-brother-of-jesus	james-son-of-zebedee
Acts 12:2	32	John	john-the-apostle	john-the-baptist
Acts 12:3	60	Peter	simon-peter	simon-peter
Acts 12:5	0	Peter	simon-peter	simon-peter
Acts 12:6	54	Peter	simon-peter	simon-peter
Acts 12:7	88	Peter	simon-peter	simon-peter
Acts 12:11	5	Peter	simon-peter	simon-peter
Acts 12:12	45	Mary	-	mary-mother-of-jesus
Acts 12:12	65	John	john-the-apostle	john-the-baptist
Acts 12:12	85	Mark	john-mark	john-mark
Acts 12:13	5	Peter	simon-peter	simon-peter
Acts 12:13	57	Rhoda	rhoda	rhoda
Acts 12:14	20	Peter	simon-peter	simon-peter
Acts 12:14	99	Peter	simon-peter	simon-peter
Acts 12:16	4	Peter	simon-peter	simon-peter
Acts 12:17	150	James	james-brother-of-jesus	james-son-of-zebedee
Acts 12:18	95	Peter	simon-peter	simon-peter
Acts 12:25	0	Barnabas	barnabas	barnabas
Acts 12:25	13	Saul	paul-of-tarsus	paul-of-tarsus
Acts 12:25	102	John	john-the-apostle	john-the-baptist
Acts 12:25	122	Mark	john-mark	john-mark
Acts 13:1	79	Barnabas	barnabas	barnabas
Acts 13:1	89	Simeon	-	simeon-at-the-temple
Acts 13:1	189	Saul	paul-of-tarsus	paul-of-tarsus
Acts 13:2	36	the Holy Spirit	holy-spirit	holy-spirit
Acts 13:2	68	Barnabas	barnabas	barnabas
Acts 13:2	81	Saul	paul-of-tarsus	paul-of-tarsus
Acts 13:4	22	the Holy Spirit	holy-spirit	holy-spirit
Acts 13:5	99	John	john-the-apostle	john-the-baptist
Acts 13:6	123	Jesus	jesus-of-nazareth	jesus-of-nazareth
Acts 13:7	28	Sergius Paulus	sergius-paulus	sergius-paulus
Acts 13:7	86	Barnabas	barnabas	barnabas
Acts 13:7	99	Saul	paul-of-tarsus	paul-of-tarsus
Acts 13:9	4	Saul	paul-of-tarsus	paul-of-tarsus
Acts 13:9	29	Paul	paul-of-tarsus	paul-of-tarsus
Acts 13:9	47	the Holy Spirit	holy-spirit	holy-spirit
Acts 13:10	58	the devil	satan	satan
Acts 13:13	4	Paul	paul-of-tarsus	paul-of-tarsus
Acts 13:13	79	John	john-the-apostle	john-the-baptist
Acts 13:16	0	Paul	paul-of-tarsus	paul-of-tarsus
Acts 13:20	45	Samuel	samuel	samuel
Acts 13:21	54	Saul the son of Kish	saul-king-of-israel	saul-king-of-israel
Acts 13:22	38	David	david	david
Acts 13:22	103	David	david	david
Acts 13:22	120	Jesse	jesse	jesse
Acts 13:24	24	John	john-the-apostle	john-the-baptist
Acts 13:25	3	John	john-the-apostle	john-the-baptist
Acts 13:26	35	Abraham	abraham	abraham
Acts 13:28	55	Pilate	pontius-pilate	pontius-pilate
Acts 13:33	76	Jesus	jesus-of-nazareth	jesus-of-nazareth
Acts 13:34	154	David	david	david
Acts 13:36	4	David	david	david
Acts 13:43	88	Paul	paul-of-tarsus	paul-of-tarsus
Acts 13:43	97	Barnabas	barnabas	barnabas
Acts 13:45	119	Paul	paul-of-tarsus	paul-of-tarsus
Acts 13:46	0	Paul	paul-of-tarsus	paul-of-tarsus
Acts 13:46	9	Barnabas	barnabas	barnabas
Acts 13:50	123	Paul	paul-of-tarsus	paul-of-tarsus
Acts 13:50	132	Barnabas	barnabas	barnabas
Acts 13:52	44	the Holy Spirit	holy-spirit	holy-spirit
Acts 14:9	20	Paul	paul-of-tarsus	paul-of-tarsus
Acts 14:11	28	Paul	paul-of-tarsus	paul-of-tarsus
Acts 14:12	12	Barnabas	barnabas	barnabas
Acts 14:12	36	Paul	paul-of-tarsus	paul-of-tarsus
Acts 14:14	23	Barnabas	barnabas	barnabas
Acts 14:14	36	Paul	paul-of-tarsus	paul-of-tarsus
Acts 14:19	100	Paul	paul-of-tarsus	paul-of-tarsus
Acts 14:20	111	Barnabas	barnabas	barnabas
Acts 15:1	103	Moses	moses	moses
Acts 15:2	15	Paul	paul-of-tarsus	paul-of-tarsus
Acts 15:2	24	Barnabas	barnabas	barnabas
Acts 15:2	95	Paul	paul-of-tarsus	paul-of-tarsus
Acts 15:2	104	Barnabas	barnabas	barnabas
Acts 15:7	37	Peter	simon-peter	simon-peter
Acts 15:8	60	the Holy Spirit	holy-spirit	holy-spirit
Acts 15:11	63	Jesus	jesus-of-nazareth	jesus-of-nazareth
Acts 15:12	53	Barnabas	barnabas	barnabas
Acts 15:12	66	Paul	paul-of-tarsus	paul-of-tarsus
Acts 15:13	24	James	james-brother-of-jesus	james-son-of-zebedee
Acts 15:14	0	Simeon	-	simeon-at-the-temple
Acts 15:16	72	David	david	david
Acts 15:21	4	Moses	moses	moses
Acts 15:22	143	Paul	paul-of-tarsus	paul-of-tarsus
Acts 15:22	152	Barnabas	barnabas	barnabas
Acts 15:22	162	Judas	judas-iscariot	judas-iscariot
Acts 15:22	190	Silas	silas	silas
Acts 15:25	105	Barnabas	barnabas	barnabas
Acts 15:25	118	Paul	paul-of-tarsus	paul-of-tarsus
Acts 15:26	57	Jesus Christ	jesus-of-nazareth	jesus-of-nazareth
Acts 15:27	23	Judas	judas-iscariot	judas-iscariot
Acts 15:27	33	Silas	silas	silas
Acts 15:28	22	the Holy Spirit	holy-spirit	holy-spirit
Acts 15:32	0	Judas	judas-iscariot	judas-iscariot
Acts 15:32	10	Silas	silas	silas
Acts 15:35	4	Paul	paul-of-tarsus	paul-of-tarsus
Acts 15:35	13	Barnabas	barnabas	barnabas
Acts 15:36	16	Paul	paul-of-tarsus	paul-of-tarsus
Acts 15:36	29	Barnabas	barnabas	barnabas
Acts 15:37	0	Barnabas	barnabas	barnabas
Acts 15:37	25	John	john-the-apostle	john-the-baptist
Acts 15:37	46	Mark	john-mark	john-mark
Acts 15:38	4	Paul	paul-of-tarsus	paul-of-tarsus
Acts 15:39	71	Barnabas	barnabas	barnabas
Acts 15:39	85	Mark	john-mark	john-mark
Acts 15:40	4	Paul	paul-of-tarsus	paul-of-tarsus
Acts 15:40	15	Silas	silas	silas
Acts 16:1	77	Timothy	timothy	timothy
Acts 16:3	0	Paul	paul-of-tarsus	paul-of-tarsus
Acts 16:6	85	the Holy Spirit	holy-spirit	holy-spirit
Acts 16:9	21	Paul	paul-of-tarsus	paul-of-tarsus
Acts 16:14	22	Lydia	lydia-of-thyatira	lydia-of-thyatira
Acts 16:14	180	Paul	paul-of-tarsus	paul-of-tarsus
Acts 16:17	10	Paul	paul-of-tarsus	paul-of-tarsus
Acts 16:18	38	Paul	paul-of-tarsus	paul-of-tarsus
Acts 16:18	131	Jesus Christ	jesus-of-nazareth	jesus-of-nazareth
Acts 16:19	75	Paul	paul-of-tarsus	paul-of-tarsus
Acts 16:19	84	Silas	silas	silas
Acts 16:25	19	Paul	paul-of-tarsus	paul-of-tarsus
Acts 16:25	28	Silas	silas	silas
Acts 16:28	4	Paul	paul-of-tarsus	paul-of-tarsus
Acts 16:29	60	Paul	paul-of-tarsus	paul-of-tarsus
Acts 16:29	69	Silas	silas	silas
Acts 16:31	32	Jesus Christ	jesus-of-nazareth	jesus-of-nazareth
Acts 16:36	35	Paul	paul-of-tarsus	paul-of-tarsus
Acts 16:37	4	Paul	paul-of-tarsus	paul-of-tarsus
Acts 16:40	46	Lydia	lydia-of-thyatira	lydia-of-thyatira
Acts 17:2	0	Paul	paul-of-tarsus	paul-of-tarsus
Acts 17:3	107	Jesus	jesus-of-nazareth	jesus-of-nazareth
Acts 17:4	40	Paul	paul-of-tarsus	paul-of-tarsus
Acts 17:4	49	Silas	silas	silas
Acts 17:7	66	Caesar	claudius-caesar	tiberius-caesar
Acts 17:7	109	Jesus	jesus-of-nazareth	jesus-of-nazareth
Acts 17:10	30	Paul	paul-of-tarsus	paul-of-tarsus
Acts 17:10	39	Silas	silas	silas
Acts 17:13	87	Paul	paul-of-tarsus	paul-of-tarsus
Acts 17:14	39	Paul	paul-of-tarsus	paul-of-tarsus
Acts 17:14	76	Silas	silas	silas
Acts 17:14	86	Timothy	timothy	timothy
Acts 17:15	23	Paul	paul-of-tarsus	paul-of-tarsus
Acts 17:15	85	Silas	silas	silas
Acts 17:15	95	Timothy	timothy	timothy
Acts 17:16	10	Paul	paul-of-tarsus	paul-of-tarsus
Acts 17:18	203	Jesus	jesus-of-nazareth	jesus-of-nazareth
Acts 17:22	0	Paul	paul-of-tarsus	paul-of-tarsus
Acts 17:33	5	Paul	paul-of-tarsus	paul-of-tarsus
Acts 18:1	19	Paul	paul-of-tarsus	paul-of-tarsus
Acts 18:2	29	Aquila	aquila	aquila
Acts 18:2	110	Priscilla	priscilla	priscilla
Acts 18:2	129	Claudius	claudius-caesar	claudius-caesar
Acts 18:5	9	Silas	silas	silas
Acts 18:5	19	Timothy	timothy	timothy
Acts 18:5	53	Paul	paul-of-tarsus	paul-of-tarsus
Acts 18:5	115	Jesus	jesus-of-nazareth	jesus-of-nazareth
Acts 18:8	0	Crispus	crispus	crispus
Acts 18:9	17	Paul	paul-of-tarsus	paul-of-tarsus
Acts 18:12	9	Gallio	gallio	gallio
Acts 18:12	82	Paul	paul-of-tarsus	paul-of-tarsus
Acts 18:14	9	Paul	paul-of-tarsus	paul-of-tarsus
Acts 18:14	43	Gallio	gallio	gallio
Acts 18:17	33	Sosthenes	sosthenes	sosthenes
Acts 18:17	111	Gallio	gallio	gallio
Acts 18:18	0	Paul	paul-of-tarsus	paul-of-tarsus
Acts 18:18	126	Priscilla	priscilla	priscilla
Acts 18:18	140	Aquila	aquila	aquila
Acts 18:24	24	Apollos	apollos	apollos
Acts 18:25	135	Jesus	jesus-of-nazareth	jesus-of-nazareth
Acts 18:25	179	John	john-the-apostle	john-the-baptist
Acts 18:26	52	Priscilla	priscilla	priscilla
Acts 18:26	66	Aquila	aquila	aquila
Acts 18:28	76	Jesus	jesus-of-nazareth	jesus-of-nazareth
Acts 19:1	6	Apollos	apollos	apollos
Acts 19:1	30	Paul	paul-of-tarsus	paul-of-tarsus
Acts 19:2	34	the Holy Spirit	holy-spirit	holy-spirit
Acts 19:3	62	John	john-the-apostle	john-the-baptist
Acts 19:4	0	Paul	paul-of-tarsus	paul-of-tarsus
Acts 19:4	12	John	john-the-apostle	john-the-baptist
Acts 19:4	160	Jesus	jesus-of-nazareth	jesus-of-nazareth
Acts 19:5	65	Jesus	jesus-of-nazareth	jesus-of-nazareth
Acts 19:6	5	Paul	paul-of-tarsus	paul-of-tarsus
Acts 19:6	38	the Holy Spirit	holy-spirit	holy-spirit
Acts 19:10	93	Jesus	jesus-of-nazareth	jesus-of-nazareth
Acts 19:11	44	Paul	paul-of-tarsus	paul-of-tarsus
Acts 19:13	129	Jesus	jesus-of-nazareth	jesus-of-nazareth
Acts 19:13	162	Jesus	jesus-of-nazareth	jesus-of-nazareth
Acts 19:13	173	Paul	paul-of-tarsus	paul-of-tarsus
Acts 19:15	27	Jesus	jesus-of-nazareth	jesus-of-nazareth
Acts 19:15	45	Paul	paul-of-tarsus	paul-of-tarsus
Acts 19:17	118	Jesus	jesus-of-nazareth	jesus-of-nazareth
Acts 19:21	34	Paul	paul-of-tarsus	paul-of-tarsus
Acts 19:22	56	Timothy	timothy	timothy
Acts 19:26	82	Paul	paul-of-tarsus	paul-of-tarsus
Acts 19:29	147	Paul	paul-of-tarsus	paul-of-tarsus
Acts 19:30	5	Paul	paul-of-tarsus	paul-of-tarsus
Acts 20:1	29	Paul	paul-of-tarsus	paul-of-tarsus
Acts 20:4	120	Timothy	timothy	timothy
Acts 20:7	88	Paul	paul-of-tarsus	paul-of-tarsus
Acts 20:9	87	Paul	paul-of-tarsus	paul-of-tarsus
Acts 20:10	0	Paul	paul-of-tarsus	paul-of-tarsus
Acts 20:13	71	Paul	paul-of-tarsus	paul-of-tarsus
Acts 20:16	4	Paul	paul-of-tarsus	paul-of-tarsus
Acts 20:21	87	Jesus	jesus-of-nazareth	jesus-of-nazareth
Acts 20:23	12	the Holy Spirit	holy-spirit	holy-spirit
Acts 20:24	155	Jesus	jesus-of-nazareth	jesus-of-nazareth
Acts 20:28	68	the Holy Spirit	holy-spirit	holy-spirit
Acts 20:35	120	Jesus	jesus-of-nazareth	jesus-of-nazareth
Acts 20:37	33	Paul	paul-of-tarsus	paul-of-tarsus
Acts 21:4	66	Paul	paul-of-tarsus	paul-of-tarsus
Acts 21:8	30	Paul	paul-of-tarsus	paul-of-tarsus
Acts 21:8	110	Philip the evangelist	philip-the-evangelist	philip-the-evangelist
Acts 21:11	25	Paul	paul-of-tarsus	paul-of-tarsus
Acts 21:11	92	the Holy Spirit	holy-spirit	holy-spirit
Acts 21:13	5	Paul	paul-of-tarsus	paul-of-tarsus
Acts 21:13	163	Jesus	jesus-of-nazareth	jesus-of-nazareth
Acts 21:18	19	Paul	paul-of-tarsus	paul-of-tarsus
Acts 21:18	43	James	james-brother-of-jesus	james-son-of-zebedee
Acts 21:21	101	Moses	moses	moses
Acts 21:26	5	Paul	paul-of-tarsus	paul-of-tarsus
Acts 21:29	88	Paul	paul-of-tarsus	paul-of-tarsus
Acts 21:30	65	Paul	paul-of-tarsus	paul-of-tarsus
Acts 21:32	139	Paul	paul-of-tarsus	paul-of-tarsus
Acts 21:37	3	Paul	paul-of-tarsus	paul-of-tarsus
Acts 21:39	4	Paul	paul-of-tarsus	paul-of-tarsus
Acts 21:40	34	Paul	paul-of-tarsus	paul-of-tarsus
Acts 22:3	90	Gamaliel	gamaliel	gamaliel
Acts 22:7	55	Saul	paul-of-tarsus	paul-of-tarsus
Acts 22:7	61	Saul	paul-of-tarsus	paul-of-tarsus
Acts 22:8	54	Jesus of Nazareth	jesus-of-nazareth	jesus-of-nazareth
Acts 22:12	4	Ananias	ananias-of-damascus	ananias-and-sapphira
Acts 22:13	52	Saul	paul-of-tarsus	paul-of-tarsus
Acts 22:20	18	Stephen	stephen-the-martyr	stephen-the-martyr
Acts 22:25	39	Paul	paul-of-tarsus	paul-of-tarsus
Acts 22:28	78	Paul	paul-of-tarsus	paul-of-tarsus
Acts 22:30	197	Paul	paul-of-tarsus	paul-of-tarsus
Acts 23:1	0	Paul	paul-of-tarsus	paul-of-tarsus
Acts 23:2	17	Ananias	ananias-the-high-priest	ananias-and-sapphira
Acts 23:3	5	Paul	paul-of-tarsus	paul-of-tarsus
Acts 23:5	0	Paul	paul-of-tarsus	paul-of-tarsus
Acts 23:6	9	Paul	paul-of-tarsus	paul-of-tarsus
Acts 23:10	66	Paul	paul-of-tarsus	paul-of-tarsus
Acts 23:11	65	Paul	paul-of-tarsus	paul-of-tarsus
Acts 23:12	154	Paul	paul-of-tarsus	paul-of-tarsus
Acts 23:14	141	Paul	paul-of-tarsus	paul-of-tarsus
Acts 23:16	4	Paul	paul-of-tarsus	paul-of-tarsus
Acts 23:16	105	Paul	paul-of-tarsus	paul-of-tarsus
Acts 23:17	0	Paul	paul-of-tarsus	paul-of-tarsus
Acts 23:18	70	Paul	paul-of-tarsus	paul-of-tarsus
Acts 23:20	51	Paul	paul-of-tarsus	paul-of-tarsus
Acts 23:24	54	Paul	paul-of-tarsus	paul-of-tarsus
Acts 23:24	91	Felix	antonius-felix	antonius-felix
Acts 23:26	1	Claudius	claudius-caesar	claudius-caesar
Acts 23:26	48	Felix	antonius-felix	antonius-felix
Acts 23:31	49	Paul	paul-of-tarsus	paul-of-tarsus
Acts 23:33	89	Paul	paul-of-tarsus	paul-of-tarsus
Acts 24:1	34	Ananias	ananias-the-high-priest	ananias-and-sapphira
Acts 24:1	138	Paul	paul-of-tarsus	paul-of-tarsus
Acts 24:3	59	Felix	antonius-felix	antonius-felix
Acts 24:10	48	Paul	paul-of-tarsus	paul-of-tarsus
Acts 24:22	4	Felix	antonius-felix	antonius-felix
Acts 24:23	30	Paul	paul-of-tarsus	paul-of-tarsus
Acts 24:24	21	Felix	antonius-felix	antonius-felix
Acts 24:24	37	Drusilla	drusilla	drusilla
Acts 24:24	88	Paul	paul-of-tarsus	paul-of-tarsus
Acts 24:24	132	Christ Jesus	jesus-of-nazareth	jesus-of-nazareth
Acts 24:25	76	Felix	antonius-felix	antonius-felix
Acts 24:26	61	Paul	paul-of-tarsus	paul-of-tarsus
Acts 24:27	35	Felix	antonius-felix	antonius-felix
Acts 24:27	58	Porcius Festus	porcius-festus	porcius-festus
Acts 24:27	116	Felix	antonius-felix	antonius-felix
Acts 24:27	127	Paul	paul-of-tarsus	paul-of-tarsus
Acts 25:1	0	Festus	porcius-festus	porcius-festus
Acts 25:2	76	Paul	paul-of-tarsus	paul-of-tarsus
Acts 25:4	8	Festus	porcius-festus	porcius-festus
Acts 25:4	29	Paul	paul-of-tarsus	paul-of-tarsus
Acts 25:6	139	Paul	paul-of-tarsus	paul-of-tarsus
Acts 25:8	104	Caesar	nero-caesar	tiberius-caesar
Acts 25:9	4	Festus	porcius-festus	porcius-festus
Acts 25:9	59	Paul	paul-of-tarsus	paul-of-tarsus
Acts 25:10	4	Paul	paul-of-tarsus	paul-of-tarsus
Acts 25:10	37	Caesar	nero-caesar	tiberius-caesar
Acts 25:11	197	Caesar	nero-caesar	tiberius-caesar
Acts 25:12	5	Festus	porcius-festus	porcius-festus
Acts 25:12	85	Caesar	nero-caesar	tiberius-caesar
Acts 25:12	96	Caesar	nero-caesar	tiberius-caesar
Acts 25:13	31	King Agrippa	herod-agrippa-ii	herod-agrippa-ii
Acts 25:13	48	Bernice	bernice	bernice
Acts 25:13	89	Festus	porcius-festus	porcius-festus
Acts 25:14	30	Festus	porcius-festus	porcius-festus
Acts 25:14	42	Paul	paul-of-tarsus	paul-of-tarsus
Acts 25:14	122	Felix	antonius-felix	antonius-felix
Acts 25:19	78	Jesus	jesus-of-nazareth	jesus-of-nazareth
Acts 25:19	104	Paul	paul-of-tarsus	paul-of-tarsus
Acts 25:21	9	Paul	paul-of-tarsus	paul-of-tarsus
Acts 25:21	124	Caesar	nero-caesar	tiberius-caesar
Acts 25:22	16	Festus	porcius-festus	porcius-festus
Acts 25:23	37	Bernice	bernice	bernice
Acts 25:23	200	Festus	porcius-festus	porcius-festus
Acts 25:23	208	Paul	paul-of-tarsus	paul-of-tarsus
Acts 25:24	0	Festus	porcius-festus	porcius-festus
Acts 25:24	14	King Agrippa	herod-agrippa-ii	herod-agrippa-ii
Acts 25:26	125	King Agrippa	herod-agrippa-ii	herod-agrippa-ii
Acts 26:1	16	Paul	paul-of-tarsus	paul-of-tarsus
Acts 26:1	57	Paul	paul-of-tarsus	paul-of-tarsus
Acts 26:2	23	King Agrippa	herod-agrippa-ii	herod-agrippa-ii
Acts 26:7	121	King Agrippa	herod-agrippa-ii	herod-agrippa-ii
Acts 26:9	88	Jesus of Nazareth	jesus-of-nazareth	jesus-of-nazareth
Acts 26:14	91	Saul	paul-of-tarsus	paul-of-tarsus
Acts 26:14	97	Saul	paul-of-tarsus	paul-of-tarsus
Acts 26:15	46	Jesus	jesus-of-nazareth	jesus-of-nazareth
Acts 26:18	84	Satan	satan	satan
Acts 26:19	12	King Agrippa	herod-agrippa-ii	herod-agrippa-ii
Acts 26:22	150	Moses	moses	moses
Acts 26:24	29	Festus	porcius-festus	porcius-festus
Acts 26:24	61	Paul	paul-of-tarsus	paul-of-tarsus
Acts 26:25	45	Festus	porcius-festus	porcius-festus
Acts 26:27	0	King Agrippa	herod-agrippa-ii	herod-agrippa-ii
Acts 26:28	16	Paul	paul-of-tarsus	paul-of-tarsus
Acts 26:29	0	Paul	paul-of-tarsus	paul-of-tarsus
Acts 26:30	40	Bernice	bernice	bernice
Acts 26:32	16	Festus	porcius-festus	porcius-festus
Acts 26:32	85	Caesar	nero-caesar	tiberius-caesar
Acts 27:1	69	Paul	paul-of-tarsus	paul-of-tarsus
Acts 27:3	50	Paul	paul-of-tarsus	paul-of-tarsus
Acts 27:9	102	Paul	paul-of-tarsus	paul-of-tarsus
Acts 27:11	118	Paul	paul-of-tarsus	paul-of-tarsus
Acts 27:21	38	Paul	paul-of-tarsus	paul-of-tarsus
Acts 27:24	26	Paul	paul-of-tarsus	paul-of-tarsus
Acts 27:24	54	Caesar	nero-caesar	tiberius-caesar
Acts 27:31	0	Paul	paul-of-tarsus	paul-of-tarsus
Acts 27:33	29	Paul	paul-of-tarsus	paul-of-tarsus
Acts 27:43	36	Paul	paul-of-tarsus	paul-of-tarsus
Acts 28:3	9	Paul	paul-of-tarsus	paul-of-tarsus
Acts 28:8	55	Paul	paul-of-tarsus	paul-of-tarsus
Acts 28:15	123	Paul	paul-of-tarsus	paul-of-tarsus
Acts 28:16	98	Paul	paul-of-tarsus	paul-of-tarsus
Acts 28:17	17	Paul	paul-of-tarsus	paul-of-tarsus
Acts 28:19	67	Caesar	nero-caesar	tiberius-caesar
Acts 28:23	160	Jesus	jesus-of-nazareth	jesus-of-nazareth
Acts 28:25	61	Paul	paul-of-tarsus	paul-of-tarsus
Acts 28:25	88	The Holy Spirit	holy-spirit	holy-spirit
Acts 28:25	126	Isaiah	isaiah	isaiah
Acts 28:30	0	Paul	paul-of-tarsus	paul-of-tarsus
Acts 28:31	69	Jesus Christ	jesus-of-nazareth	jesus-of-nazareth
Romans 1:1	0	Paul	paul-of-tarsus	paul-of-tarsus
Romans 1:1	19	Jesus Christ	jesus-of-nazareth	jesus-of-nazareth
Romans 1:3	53	David	david	david
Romans 1:4	122	Jesus Christ	jesus-of-nazareth	jesus-of-nazareth
Romans 1:6	44	Jesus Christ	jesus-of-nazareth	jesus-of-nazareth
Romans 1:7	117	Jesus Christ	jesus-of-nazareth	jesus-of-nazareth
Romans 1:8	30	Jesus Christ	jesus-of-nazareth	jesus-of-nazareth
Romans 2:16	81	Jesus Christ	jesus-of-nazareth	jesus-of-nazareth
Romans 3:22	47	Jesus Christ	jesus-of-nazareth	jesus-of-nazareth
Romans 3:24	70	Christ Jesus	jesus-of-nazareth	jesus-of-nazareth
Romans 3:26	128	Jesus	jesus-of-nazareth	jesus-of-nazareth
Romans 4:1	27	Abraham	abraham	abraham
Romans 4:2	7	Abraham	abraham	abraham
Romans 4:3	34	Abraham	abraham	abraham
Romans 4:6	8	David	david	david
Romans 4:9	122	Abraham	abraham	abraham
Romans 4:12	139	Abraham	abraham	abraham
Romans 4:13	19	Abraham	abraham	abraham
Romans 4:16	208	Abraham	abraham	abraham
Romans 4:18	14	Abraham	abraham	abraham
Romans 4:19	154	Sarah	sarah	sarah
Romans 4:24	83	Jesus	jesus-of-nazareth	jesus-of-nazareth
Romans 5:1	76	Jesus Christ	jesus-of-nazareth	jesus-of-nazareth
Romans 5:5	95	the Holy Spirit	holy-spirit	holy-spirit
Romans 5:11	57	Jesus Christ	jesus-of-nazareth	jesus-of-nazareth
Romans 5:14	32	Adam	adam	adam
Romans 5:14	43	Moses	moses	moses
Romans 5:14	90	Adam	adam	adam
Romans 5:15	166	Jesus Christ	jesus-of-nazareth	jesus-of-nazareth
Romans 5:17	189	Jesus Christ	jesus-of-nazareth	jesus-of-nazareth
Romans 5:21	102	Jesus Christ	jesus-of-nazareth	jesus-of-nazareth
Romans 6:3	53	Christ Jesus	jesus-of-nazareth	jesus-of-nazareth
Romans 6:11	69	Christ Jesus	jesus-of-nazareth	jesus-of-nazareth
Romans 6:23	75	Christ Jesus	jesus-of-nazareth	jesus-of-nazareth
Romans 7:25	20	Jesus Christ	jesus-of-nazareth	jesus-of-nazareth
Romans 8:1	59	Christ Jesus	jesus-of-nazareth	jesus-of-nazareth
Romans 8:2	37	Christ Jesus	jesus-of-nazareth	jesus-of-nazareth
Romans 8:9	69	Spirit of God	holy-spirit	holy-spirit
Romans 8:11	39	Jesus	jesus-of-nazareth	jesus-of-nazareth
Romans 8:11	91	Christ Jesus	jesus-of-nazareth	jesus-of-nazareth
Romans 8:14	30	Spirit of God	holy-spirit	holy-spirit
Romans 8:15	118	Abba	god-the-father	god-the-father
Romans 8:39	109	Christ Jesus	jesus-of-nazareth	jesus-of-nazareth
Romans 9:1	80	the Holy Spirit	holy-spirit	holy-spirit
Romans 9:7	26	Abraham	abraham	abraham
Romans 9:7	117	Isaac	isaac	isaac
Romans 9:9	71	Sarah	sarah	sarah
Romans 9:10	17	Rebekah	rebekah	rebekah
Romans 9:10	62	Isaac	isaac	isaac
Romans 9:13	24	Jacob	jacob	jacob
Romans 9:13	43	Esau	esau	esau
Romans 9:15	15	Moses	moses	moses
Romans 9:27	0	Isaiah	isaiah	isaiah
Romans 9:29	3	Isaiah	isaiah	isaiah
Romans 10:5	4	Moses	moses	moses
Romans 10:9	46	Jesus	jesus-of-nazareth	jesus-of-nazareth
Romans 10:16	49	Isaiah	isaiah	isaiah
Romans 10:19	37	Moses	moses	moses
Romans 10:20	0	Isaiah	isaiah	isaiah
Romans 11:1	100	Abraham	abraham	abraham
Romans 11:2	97	Elijah	elijah	elijah
Romans 11:9	0	David	david	david
Romans 11:26	139	Jacob	jacob	jacob
Romans 11:34	61	counselor	holy-spirit	holy-spirit
Romans 13:14	20	Jesus Christ	jesus-of-nazareth	jesus-of-nazareth
Romans 14:14	37	Jesus	jesus-of-nazareth	jesus-of-nazareth
Romans 14:17	83	the Holy Spirit	holy-spirit	holy-spirit
Romans 14:24	87	Jesus Christ	jesus-of-nazareth	jesus-of-nazareth
Romans 14:26	30	Jesus Christ	jesus-of-nazareth	jesus-of-nazareth
Romans 15:5	112	Christ Jesus	jesus-of-nazareth	jesus-of-nazareth
Romans 15:6	83	Jesus Christ	jesus-of-nazareth	jesus-of-nazareth
Romans 15:12	7	Isaiah	isaiah	isaiah
Romans 15:12	47	Jesse	jesse	jesse
Romans 15:13	115	the Holy Spirit	holy-spirit	holy-spirit
Romans 15:16	30	Christ Jesus	jesus-of-nazareth	jesus-of-nazareth
Romans 15:16	182	the Holy Spirit	holy-spirit	holy-spirit
Romans 15:17	32	Christ Jesus	jesus-of-nazareth	jesus-of-nazareth
Romans 15:30	37	Jesus Christ	jesus-of-nazareth	jesus-of-nazareth
Romans 16:1	17	Phoebe	phoebe	phoebe
Romans 16:3	17	Aquila	aquila	aquila
Romans 16:3	46	Christ Jesus	jesus-of-nazareth	jesus-of-nazareth
Romans 16:6	6	Mary	mary-mother-of-jesus	mary-mother-of-jesus
Romans 16:7	21	Junia	junia	junia
Romans 16:18	45	Jesus Christ	jesus-of-nazareth	jesus-of-nazareth
Romans 16:20	40	Satan	satan	satan
Romans 16:20	85	Jesus Christ	jesus-of-nazareth	jesus-of-nazareth
Romans 16:21	0	Timothy	timothy	timothy
Romans 16:24	22	Jesus Christ	jesus-of-nazareth	jesus-of-nazareth
1 Corinthians 1:1	0	Paul	paul-of-tarsus	paul-of-tarsus
1 Corinthians 1:1	33	Jesus Christ	jesus-of-nazareth	jesus-of-nazareth
1 Corinthians 1:1	87	Sosthenes	sosthenes	sosthenes
1 Corinthians 1:2	72	Christ Jesus	jesus-of-nazareth	jesus-of-nazareth
1 Corinthians 1:2	149	Jesus Christ	jesus-of-nazareth	jesus-of-nazareth
1 Corinthians 1:3	56	Jesus Christ	jesus-of-nazareth	jesus-of-nazareth
1 Corinthians 1:4	82	Christ Jesus	jesus-of-nazareth	jesus-of-nazareth
1 Corinthians 1:7	75	Jesus Christ	jesus-of-nazareth	jesus-of-nazareth
1 Corinthians 1:8	74	Jesus Christ	jesus-of-nazareth	jesus-of-nazareth
1 Corinthians 1:9	78	Jesus Christ	jesus-of-nazareth	jesus-of-nazareth
1 Corinthians 1:10	55	Jesus Christ	jesus-of-nazareth	jesus-of-nazareth
1 Corinthians 1:11	82	Chloe	chloe	chloe
1 Corinthians 1:12	54	Paul	paul-of-tarsus	paul-of-tarsus
1 Corinthians 1:12	71	Apollos	apollos	apollos
1 Corinthians 1:12	91	Cephas	simon-peter	simon-peter
1 Corinthians 1:13	23	Paul	paul-of-tarsus	paul-of-tarsus
1 Corinthians 1:13	85	Paul	paul-of-tarsus	paul-of-tarsus
1 Corinthians 1:14	48	Crispus	crispus	crispus
1 Corinthians 1:30	27	Christ Jesus	jesus-of-nazareth	jesus-of-nazareth
1 Corinthians 2:2	56	Jesus Christ	jesus-of-nazareth	jesus-of-nazareth
1 Corinthians 2:13	79	the Holy Spirit	holy-spirit	holy-spirit
1 Corinthians 3:4	29	Paul	paul-of-tarsus	paul-of-tarsus
1 Corinthians 3:4	59	Apollos	apollos	apollos
1 Corinthians 3:5	12	Apollos	apollos	apollos
1 Corinthians 3:5	32	Paul	paul-of-tarsus	paul-of-tarsus
1 Corinthians 3:6	11	Apollos	apollos	apollos
1 Corinthians 3:11	80	Jesus Christ	jesus-of-nazareth	jesus-of-nazareth
1 Corinthians 3:22	8	Paul	paul-of-tarsus	paul-of-tarsus
1 Corinthians 3:22	17	Apollos	apollos	apollos
1 Corinthians 3:22	29	Cephas	simon-peter	simon-peter
1 Corinthians 4:6	73	Apollos	apollos	apollos
1 Corinthians 4:15	80	Christ Jesus	jesus-of-nazareth	jesus-of-nazareth
1 Corinthians 4:17	28	Timothy	timothy	timothy
1 Corinthians 5:4	24	Jesus Christ	jesus-of-nazareth	jesus-of-nazareth
1 Corinthians 5:4	109	Jesus Christ	jesus-of-nazareth	jesus-of-nazareth
1 Corinthians 5:5	29	Satan	satan	satan
1 Corinthians 5:5	121	Jesus	jesus-of-nazareth	jesus-of-nazareth
1 Corinthians 6:11	116	Jesus	jesus-of-nazareth	jesus-of-nazareth
1 Corinthians 6:19	48	the Holy Spirit	holy-spirit	holy-spirit
1 Corinthians 7:5	149	Satan	satan	satan
1 Corinthians 8:6	94	Jesus Christ	jesus-of-nazareth	jesus-of-nazareth
1 Corinthians 9:1	51	Jesus Christ	jesus-of-nazareth	jesus-of-nazareth
1 Corinthians 9:5	125	Cephas	simon-peter	simon-peter
1 Corinthians 9:6	13	Barnabas	barnabas	barnabas
1 Corinthians 10:2	27	Moses	moses	moses
1 Corinthians 11:23	79	Jesus	jesus-of-nazareth	jesus-of-nazareth
1 Corinthians 12:3	74	Jesus	jesus-of-nazareth	jesus-of-nazareth
1 Corinthians 12:3	111	Jesus	jesus-of-nazareth	jesus-of-nazareth
1 Corinthians 12:3	134	the Holy Spirit	holy-spirit	holy-spirit
1 Corinthians 15:5	24	Cephas	simon-peter	simon-peter
1 Corinthians 15:7	20	James	james-brother-of-jesus	james-son-of-zebedee
1 Corinthians 15:22	10	Adam	adam	adam
1 Corinthians 15:31	49	Christ Jesus	jesus-of-nazareth	jesus-of-nazareth
1 Corinthians 15:45	39	Adam	adam	adam
1 Corinthians 15:45	77	Adam	adam	adam
1 Corinthians 15:57	64	Jesus Christ	jesus-of-nazareth	jesus-of-nazareth
1 Corinthians 16:10	7	Timothy	timothy	timothy
1 Corinthians 16:12	15	Apollos	apollos	apollos
1 Corinthians 16:19	34	Aquila	aquila	aquila
1 Corinthians 16:19	45	Priscilla	priscilla	priscilla
1 Corinthians 16:21	24	Paul	paul-of-tarsus	paul-of-tarsus
1 Corinthians 16:22	33	Jesus Christ	jesus-of-nazareth	jesus-of-nazareth
1 Corinthians 16:23	22	Jesus Christ	jesus-of-nazareth	jesus-of-nazareth
1 Corinthians 16:24	25	Christ Jesus	jesus-of-nazareth	jesus-of-nazareth
2 Corinthians 1:1	0	Paul	paul-of-tarsus	paul-of-tarsus
2 Corinthians 1:1	20	Christ Jesus	jesus-of-nazareth	jesus-of-nazareth
2 Corinthians 1:1	62	Timothy	timothy	timothy
2 Corinthians 1:2	56	Jesus Christ	jesus-of-nazareth	jesus-of-nazareth
2 Corinthians 1:3	42	Jesus Christ	jesus-of-nazareth	jesus-of-nazareth
2 Corinthians 1:14	114	Jesus	jesus-of-nazareth	jesus-of-nazareth
2 Corinthians 1:19	20	Jesus Christ	jesus-of-nazareth	jesus-of-nazareth
2 Corinthians 1:19	75	Silvanus	silas	silas
2 Corinthians 1:19	89	Timothy	timothy	timothy
2 Corinthians 2:11	43	Satan	satan	satan
2 Corinthians 2:13	53	Titus	titus	titus
2 Corinthians 3:7	147	Moses	moses	moses
2 Corinthians 3:13	11	Moses	moses	moses
2 Corinthians 3:15	22	Moses	moses	moses
2 Corinthians 3:17	41	Spirit of the Lord	holy-spirit	holy-spirit
2 Corinthians 4:5	35	Christ Jesus	jesus-of-nazareth	jesus-of-nazareth
2 Corinthians 4:5	92	Jesus	jesus-of-nazareth	jesus-of-nazareth
2 Corinthians 4:6	162	Jesus Christ	jesus-of-nazareth	jesus-of-nazareth
2 Corinthians 4:10	61	Jesus	jesus-of-nazareth	jesus-of-nazareth
2 Corinthians 4:10	85	Jesus	jesus-of-nazareth	jesus-of-nazareth
2 Corinthians 4:11	50	Jesus	jesus-of-nazareth	jesus-of-nazareth
2 Corinthians 4:11	85	Jesus	jesus-of-nazareth	jesus-of-nazareth
2 Corinthians 4:14	36	Jesus	jesus-of-nazareth	jesus-of-nazareth
2 Corinthians 4:14	66	Jesus	jesus-of-nazareth	jesus-of-nazareth
2 Corinthians 5:18	64	Jesus Christ	jesus-of-nazareth	jesus-of-nazareth
2 Corinthians 6:6	60	the Holy Spirit	holy-spirit	holy-spirit
2 Corinthians 6:15	31	Belial	satan	satan
2 Corinthians 7:6	76	Titus	titus	titus
2 Corinthians 7:13	97	Titus	titus	titus
2 Corinthians 7:14	166	Titus	titus	titus
2 Corinthians 8:6	12	Titus	titus	titus
2 Corinthians 8:9	35	Jesus Christ	jesus-of-nazareth	jesus-of-nazareth
2 Corinthians 8:16	79	Titus	titus	titus
2 Corinthians 8:23	7	Titus	titus	titus
2 Corinthians 10:1	6	Paul	paul-of-tarsus	paul-of-tarsus
2 Corinthians 11:3	54	Eve	eve	eve
2 Corinthians 11:4	37	Jesus	jesus-of-nazareth	jesus-of-nazareth
2 Corinthians 11:14	24	Satan	satan	satan
2 Corinthians 11:22	83	Abraham	abraham	abraham
2 Corinthians 11:31	31	Jesus Christ	jesus-of-nazareth	jesus-of-nazareth
2 Corinthians 12:7	158	Satan	satan	satan
2 Corinthians 12:18	11	Titus	titus	titus
2 Corinthians 12:18	55	Titus	titus	titus
2 Corinthians 13:5	123	Jesus Christ	jesus-of-nazareth	jesus-of-nazareth
2 Corinthians 13:14	22	Jesus Christ	jesus-of-nazareth	jesus-of-nazareth
2 Corinthians 13:14	70	the Holy Spirit	holy-spirit	holy-spirit
Galatians 1:1	0	Paul	paul-of-tarsus	paul-of-tarsus
Galatians 1:1	61	Jesus Christ	jesus-of-nazareth	jesus-of-nazareth
Galatians 1:1	79	God the Father	god-the-father	god-the-father
Galatians 1:3	28	God the Father	god-the-father	god-the-father
Galatians 1:3	57	Jesus Christ	jesus-of-nazareth	jesus-of-nazareth
Galatians 1:12	100	Jesus Christ	jesus-of-nazareth	jesus-of-nazareth
Galatians 1:18	55	Peter	simon-peter	simon-peter
Galatians 1:19	47	James	james-brother-of-jesus	james-son-of-zebedee
Galatians 2:1	72	Barnabas	barnabas	barnabas
Galatians 2:1	89	Titus	titus	titus
Galatians 2:3	13	Titus	titus	titus
Galatians 2:4	113	Christ Jesus	jesus-of-nazareth	jesus-of-nazareth
Galatians 2:7	112	Peter	simon-peter	simon-peter
Galatians 2:8	22	Peter	simon-peter	simon-peter
Galatians 2:9	56	James	james-brother-of-jesus	james-son-of-zebedee
Galatians 2:9	66	Cephas	simon-peter	simon-peter
Galatians 2:9	77	John	john-the-baptist	john-the-baptist
Galatians 2:9	135	Barnabas	barnabas	barnabas
Galatians 2:11	9	Peter	simon-peter	simon-peter
Galatians 2:12	33	James	james-brother-of-jesus	james-son-of-zebedee
Galatians 2:13	67	Barnabas	barnabas	barnabas
Galatians 2:14	98	Peter	simon-peter	simon-peter
Galatians 2:16	85	Jesus Christ	jesus-of-nazareth	jesus-of-nazareth
Galatians 2:16	119	Christ Jesus	jesus-of-nazareth	jesus-of-nazareth
Galatians 3:1	82	Jesus Christ	jesus-of-nazareth	jesus-of-nazareth
Galatians 3:6	8	Abraham	abraham	abraham
Galatians 3:7	69	Abraham	abraham	abraham
Galatians 3:8	109	Abraham	abraham	abraham
Galatians 3:9	62	Abraham	abraham	abraham
Galatians 3:14	21	Abraham	abraham	abraham
Galatians 3:14	64	Christ Jesus	jesus-of-nazareth	jesus-of-nazareth
Galatians 3:16	32	Abraham	abraham	abraham
Galatians 3:18	90	Abraham	abraham	abraham
Galatians 3:22	81	Jesus Christ	jesus-of-nazareth	jesus-of-nazareth
Galatians 3:26	50	Christ Jesus	jesus-of-nazareth	jesus-of-nazareth
Galatians 3:28	126	Christ Jesus	jesus-of-nazareth	jesus-of-nazareth
Galatians 3:29	34	Abraham	abraham	abraham
Galatians 4:6	92	Abba, Father	god-the-father	god-the-father
Galatians 4:14	127	Christ Jesus	jesus-of-nazareth	jesus-of-nazareth
Galatians 4:22	23	Abraham	abraham	abraham
Galatians 4:24	126	Hagar	hagar	hagar
Galatians 4:25	9	Hagar	hagar	hagar
Galatians 4:28	21	Isaac	isaac	isaac
Galatians 5:2	11	Paul	paul-of-tarsus	paul-of-tarsus
Galatians 5:6	7	Christ Jesus	jesus-of-nazareth	jesus-of-nazareth
Galatians 6:14	64	Jesus Christ	jesus-of-nazareth	jesus-of-nazareth
Galatians 6:15	7	Christ Jesus	jesus-of-nazareth	jesus-of-nazareth
Galatians 6:17	79	Jesus	jesus-of-nazareth	jesus-of-nazareth
Galatians 6:18	22	Jesus Christ	jesus-of-nazareth	jesus-of-nazareth
Ephesians 1:1	0	Paul	paul-of-tarsus	paul-of-tarsus
Ephesians 1:1	20	Christ Jesus	jesus-of-nazareth	jesus-of-nazareth
Ephesians 1:1	112	Christ Jesus	jesus-of-nazareth	jesus-of-nazareth
Ephesians 1:2	56	Jesus Christ	jesus-of-nazareth	jesus-of-nazareth
Ephesians 1:3	42	Jesus Christ	jesus-of-nazareth	jesus-of-nazareth
Ephesians 1:5	55	Jesus Christ	jesus-of-nazareth	jesus-of-nazareth
Ephesians 1:15	61	Jesus	jesus-of-nazareth	jesus-of-nazareth
Ephesians 1:17	25	Jesus Christ	jesus-of-nazareth	jesus-of-nazareth
Ephesians 2:6	81	Christ Jesus	jesus-of-nazareth	jesus-of-nazareth
Ephesians 2:7	98	Christ Jesus	jesus-of-nazareth	jesus-of-nazareth
Ephesians 2:10	39	Christ Jesus	jesus-of-nazareth	jesus-of-nazareth
Ephesians 2:13	11	Christ Jesus	jesus-of-nazareth	jesus-of-nazareth
Ephesians 2:20	60	Christ Jesus	jesus-of-nazareth	jesus-of-nazareth
Ephesians 3:1	18	Paul	paul-of-tarsus	paul-of-tarsus
Ephesians 3:1	43	Christ Jesus	jesus-of-nazareth	jesus-of-nazareth
Ephesians 3:6	107	Christ Jesus	jesus-of-nazareth	jesus-of-nazareth
Ephesians 3:9	136	Jesus Christ	jesus-of-nazareth	jesus-of-nazareth
Ephesians 3:11	54	Christ Jesus	jesus-of-nazareth	jesus-of-nazareth
Ephesians 3:14	57	Jesus Christ	jesus-of-nazareth	jesus-of-nazareth
Ephesians 3:21	43	Christ Jesus	jesus-of-nazareth	jesus-of-nazareth
Ephesians 4:21	69	Jesus	jesus-of-nazareth	jesus-of-nazareth
Ephesians 4:27	24	the devil	satan	satan
Ephesians 4:30	13	the Holy Spirit	holy-spirit	holy-spirit
Ephesians 5:20	67	Jesus Christ	jesus-of-nazareth	jesus-of-nazareth
Ephesians 6:11	82	the devil	satan	satan
Ephesians 6:16	103	the evil one	satan	satan
Ephesians 6:23	52	God the Father	god-the-father	god-the-father
Ephesians 6:23	80	Jesus Christ	jesus-of-nazareth	jesus-of-nazareth
Ephesians 6:24	42	Jesus Christ	jesus-of-nazareth	jesus-of-nazareth
Philippians 1:1	0	Paul	paul-of-tarsus	paul-of-tarsus
Philippians 1:1	9	Timothy	timothy	timothy
Philippians 1:1	30	Jesus Christ	jesus-of-nazareth	jesus-of-nazareth
Philippians 1:1	65	Christ Jesus	jesus-of-nazareth	jesus-of-nazareth
Philippians 1:2	59	Jesus Christ	jesus-of-nazareth	jesus-of-nazareth
Philippians 1:6	107	Jesus Christ	jesus-of-nazareth	jesus-of-nazareth
Philippians 1:8	76	Christ Jesus	jesus-of-nazareth	jesus-of-nazareth
Philippians 1:11	65	Jesus Christ	jesus-of-nazareth	jesus-of-nazareth
Philippians 1:19	110	Jesus Christ	jesus-of-nazareth	jesus-of-nazareth
Philippians 1:26	34	Christ Jesus	jesus-of-nazareth	jesus-of-nazareth
Philippians 2:5	42	Christ Jesus	jesus-of-nazareth	jesus-of-nazareth
Philippians 2:10	20	Jesus	jesus-of-nazareth	jesus-of-nazareth
Philippians 2:11	42	Jesus Christ	jesus-of-nazareth	jesus-of-nazareth
Philippians 2:11	80	God the Father	god-the-father	god-the-father
Philippians 2:19	23	Jesus	jesus-of-nazareth	jesus-of-nazareth
Philippians 2:19	37	Timothy	timothy	timothy
Philippians 2:21	47	Jesus Christ	jesus-of-nazareth	jesus-of-nazareth
Philippians 2:25	42	Epaphroditus	epaphroditus	epaphroditus
Philippians 3:3	75	Christ Jesus	jesus-of-nazareth	jesus-of-nazareth
Philippians 3:8	95	Christ Jesus	jesus-of-nazareth	jesus-of-nazareth
Philippians 3:12	157	Christ Jesus	jesus-of-nazareth	jesus-of-nazareth
Philippians 3:14	71	Christ Jesus	jesus-of-nazareth	jesus-of-nazareth
Philippians 3:20	81	Jesus Christ	jesus-of-nazareth	jesus-of-nazareth
Philippians 4:7	101	Christ Jesus	jesus-of-nazareth	jesus-of-nazareth
Philippians 4:18	69	Epaphroditus	epaphroditus	epaphroditus
Philippians 4:19	75	Christ Jesus	jesus-of-nazareth	jesus-of-nazareth
Philippians 4:21	21	Christ Jesus	jesus-of-nazareth	jesus-of-nazareth
Philippians 4:22	54	Caesar	nero-caesar	tiberius-caesar
Philippians 4:23	22	Jesus Christ	jesus-of-nazareth	jesus-of-nazareth
Colossians 1:1	0	Paul	paul-of-tarsus	paul-of-tarsus
Colossians 1:1	20	Christ Jesus	jesus-of-nazareth	jesus-of-nazareth
Colossians 1:1	62	Timothy	timothy	timothy
Colossians 1:2	116	Jesus Christ	jesus-of-nazareth	jesus-of-nazareth
Colossians 1:3	18	God the Father	god-the-father	god-the-father
Colossians 1:3	45	Jesus Christ	jesus-of-nazareth	jesus-of-nazareth
Colossians 1:4	30	Christ Jesus	jesus-of-nazareth	jesus-of-nazareth
Colossians 1:23	203	Paul	paul-of-tarsus	paul-of-tarsus
Colossians 1:28	119	Christ Jesus	jesus-of-nazareth	jesus-of-nazareth
Colossians 2:6	26	Christ Jesus	jesus-of-nazareth	jesus-of-nazareth
Colossians 3:17	68	Jesus	jesus-of-nazareth	jesus-of-nazareth
Colossians 3:17	92	God the Father	god-the-father	god-the-father
Colossians 4:9	14	Onesimus	onesimus	onesimus
Colossians 4:10	49	Mark	john-mark	john-mark
Colossians 4:10	69	Barnabas	barnabas	barnabas
Colossians 4:11	4	Jesus	jesus-of-nazareth	jesus-of-nazareth
Colossians 4:14	0	Luke	luke-evangelist	luke-evangelist
Colossians 4:14	33	Demas	demas	demas
Colossians 4:18	22	Paul	paul-of-tarsus	paul-of-tarsus
1 Thessalonians 1:1	0	Paul	paul-of-tarsus	paul-of-tarsus
1 Thessalonians 1:1	6	Silvanus	silas	silas
1 Thessalonians 1:1	20	Timothy	timothy	timothy
1 Thessalonians 1:1	69	God the Father	god-the-father	god-the-father
1 Thessalonians 1:1	97	Jesus Christ	jesus-of-nazareth	jesus-of-nazareth
1 Thessalonians 1:1	167	Jesus Christ	jesus-of-nazareth	jesus-of-nazareth
1 Thessalonians 1:3	102	Jesus Christ	jesus-of-nazareth	jesus-of-nazareth
1 Thessalonians 1:5	79	the Holy Spirit	holy-spirit	holy-spirit
1 Thessalonians 1:6	102	the Holy Spirit	holy-spirit	holy-spirit
1 Thessalonians 1:10	68	Jesus	jesus-of-nazareth	jesus-of-nazareth
1 Thessalonians 2:14	83	Christ Jesus	jesus-of-nazareth	jesus-of-nazareth
1 Thessalonians 2:15	25	Jesus	jesus-of-nazareth	jesus-of-nazareth
1 Thessalonians 2:18	46	Paul	paul-of-tarsus	paul-of-tarsus
1 Thessalonians 2:18	73	Satan	satan	satan
1 Thessalonians 2:19	88	Jesus	jesus-of-nazareth	jesus-of-nazareth
1 Thessalonians 3:2	9	Timothy	timothy	timothy
1 Thessalonians 3:5	122	the tempter	satan	satan
1 Thessalonians 3:6	9	Timothy	timothy	timothy
1 Thessalonians 3:11	49	Jesus Christ	jesus-of-nazareth	jesus-of-nazareth
1 Thessalonians 3:13	115	Jesus	jesus-of-nazareth	jesus-of-nazareth
1 Thessalonians 4:1	58	Jesus	jesus-of-nazareth	jesus-of-nazareth
1 Thessalonians 4:2	60	Jesus	jesus-of-nazareth	jesus-of-nazareth
1 Thessalonians 4:14	23	Jesus	jesus-of-nazareth	jesus-of-nazareth
1 Thessalonians 4:14	114	Jesus	jesus-of-nazareth	jesus-of-nazareth
1 Thessalonians 5:9	87	Jesus Christ	jesus-of-nazareth	jesus-of-nazareth
1 Thessalonians 5:18	58	Christ Jesus	jesus-of-nazareth	jesus-of-nazareth
1 Thessalonians 5:23	141	Jesus Christ	jesus-of-nazareth	jesus-of-nazareth
1 Thessalonians 5:28	22	Jesus Christ	jesus-of-nazareth	jesus-of-nazareth
2 Thessalonians 1:1	0	Paul	paul-of-tarsus	paul-of-tarsus
2 Thessalonians 1:1	6	Silvanus	silas	silas
2 Thessalonians 1:1	20	Timothy	timothy	timothy
2 Thessalonians 1:1	98	Jesus Christ	jesus-of-nazareth	jesus-of-nazareth
2 Thessalonians 1:2	56	Jesus Christ	jesus-of-nazareth	jesus-of-nazareth
2 Thessalonians 1:7	67	Jesus	jesus-of-nazareth	jesus-of-nazareth
2 Thessalonians 1:8	100	Jesus	jesus-of-nazareth	jesus-of-nazareth
2 Thessalonians 1:12	26	Jesus	jesus-of-nazareth	jesus-of-nazareth
2 Thessalonians 1:12	120	Jesus Christ	jesus-of-nazareth	jesus-of-nazareth
2 Thessalonians 2:1	49	Jesus Christ	jesus-of-nazareth	jesus-of-nazareth
2 Thessalonians 2:9	52	Satan	satan	satan
2 Thessalonians 2:14	89	Jesus Christ	jesus-of-nazareth	jesus-of-nazareth
2 Thessalonians 2:16	13	Jesus Christ	jesus-of-nazareth	jesus-of-nazareth
2 Thessalonians 3:3	69	the evil one	satan	satan
2 Thessalonians 3:6	54	Jesus Christ	jesus-of-nazareth	jesus-of-nazareth
2 Thessalonians 3:12	62	Jesus Christ	jesus-of-nazareth	jesus-of-nazareth
2 Thessalonians 3:17	20	Paul	paul-of-tarsus	paul-of-tarsus
2 Thessalonians 3:18	22	Jesus Christ	jesus-of-nazareth	jesus-of-nazareth
1 Timothy 1:1	0	Paul	paul-of-tarsus	paul-of-tarsus
1 Timothy 1:1	20	Jesus Christ	jesus-of-nazareth	jesus-of-nazareth
1 Timothy 1:1	93	Jesus Christ	jesus-of-nazareth	jesus-of-nazareth
1 Timothy 1:2	3	Timothy	timothy	timothy
1 Timothy 1:2	85	Christ Jesus	jesus-of-nazareth	jesus-of-nazareth
1 Timothy 1:6	42	mark	john-mark	john-mark
1 Timothy 1:12	32	Christ Jesus	jesus-of-nazareth	jesus-of-nazareth
1 Timothy 1:14	75	Christ Jesus	jesus-of-nazareth	jesus-of-nazareth
1 Timothy 1:15	58	Christ Jesus	jesus-of-nazareth	jesus-of-nazareth
1 Timothy 1:16	60	Jesus Christ	jesus-of-nazareth	jesus-of-nazareth
1 Timothy 1:18	43	Timothy	timothy	timothy
1 Timothy 1:20	56	Satan	satan	satan
1 Timothy 2:5	68	Christ Jesus	jesus-of-nazareth	jesus-of-nazareth
1 Timothy 2:13	4	Adam	adam	adam
1 Timothy 2:13	32	Eve	eve	eve
1 Timothy 2:14	0	Adam	adam	adam
1 Timothy 3:6	78	the devil	satan	satan
1 Timothy 3:7	113	the devil	satan	satan
1 Timothy 3:13	112	Christ Jesus	jesus-of-nazareth	jesus-of-nazareth
1 Timothy 4:6	76	Christ Jesus	jesus-of-nazareth	jesus-of-nazareth
1 Timothy 5:14	109	the adversary	satan	satan
1 Timothy 5:15	41	Satan	satan	satan
1 Timothy 5:21	39	Christ Jesus	jesus-of-nazareth	jesus-of-nazareth
1 Timothy 6:3	98	Jesus Christ	jesus-of-nazareth	jesus-of-nazareth
1 Timothy 6:13	67	Christ Jesus	jesus-of-nazareth	jesus-of-nazareth
1 Timothy 6:13	92	Pontius Pilate	pontius-pilate	pontius-pilate
1 Timothy 6:14	87	Jesus Christ	jesus-of-nazareth	jesus-of-nazareth
1 Timothy 6:20	0	Timothy	timothy	timothy
2 Timothy 1:1	0	Paul	paul-of-tarsus	paul-of-tarsus
2 Timothy 1:1	20	Jesus Christ	jesus-of-nazareth	jesus-of-nazareth
2 Timothy 1:1	107	Christ Jesus	jesus-of-nazareth	jesus-of-nazareth
2 Timothy 1:2	3	Timothy	timothy	timothy
2 Timothy 1:2	60	God the Father	god-the-father	god-the-father
2 Timothy 1:2	79	Christ Jesus	jesus-of-nazareth	jesus-of-nazareth
2 Timothy 1:9	145	Christ Jesus	jesus-of-nazareth	jesus-of-nazareth
2 Timothy 1:10	58	Christ Jesus	jesus-of-nazareth	jesus-of-nazareth
2 Timothy 1:13	92	Christ Jesus	jesus-of-nazareth	jesus-of-nazareth
2 Timothy 1:14	58	the Holy Spirit	holy-spirit	holy-spirit
2 Timothy 2:1	65	Christ Jesus	jesus-of-nazareth	jesus-of-nazareth
2 Timothy 2:3	57	Christ Jesus	jesus-of-nazareth	jesus-of-nazareth
2 Timothy 2:8	9	Jesus Christ	jesus-of-nazareth	jesus-of-nazareth
2 Timothy 2:8	64	David	david	david
2 Timothy 2:10	109	Christ Jesus	jesus-of-nazareth	jesus-of-nazareth
2 Timothy 2:26	39	the devil	satan	satan
2 Timothy 3:8	35	Moses	moses	moses
2 Timothy 3:12	41	Christ Jesus	jesus-of-nazareth	jesus-of-nazareth
2 Timothy 3:15	122	Christ Jesus	jesus-of-nazareth	jesus-of-nazareth
2 Timothy 4:1	48	Jesus Christ	jesus-of-nazareth	jesus-of-nazareth
2 Timothy 4:10	4	Demas	demas	demas
2 Timothy 4:10	103	Titus	titus	titus
2 Timothy 4:11	5	Luke	luke-evangelist	luke-evangelist
2 Timothy 4:11	27	Mark	john-mark	john-mark
2 Timothy 4:19	17	Aquila	aquila	aquila
2 Timothy 4:22	9	Jesus Christ	jesus-of-nazareth	jesus-of-nazareth
Titus 1:1	0	Paul	paul-of-tarsus	paul-of-tarsus
Titus 1:1	42	Jesus Christ	jesus-of-nazareth	jesus-of-nazareth
Titus 1:4	3	Titus	titus	titus
Titus 1:4	82	God the Father	god-the-father	god-the-father
Titus 1:4	110	Jesus Christ	jesus-of-nazareth	jesus-of-nazareth
Titus 2:13	85	Jesus Christ	jesus-of-nazareth	jesus-of-nazareth
Titus 3:5	146	the Holy Spirit	holy-spirit	holy-spirit
Titus 3:6	41	Jesus Christ	jesus-of-nazareth	jesus-of-nazareth
Titus 3:13	28	Apollos	apollos	apollos
Philemon 1:1	0	Paul	paul-of-tarsus	paul-of-tarsus
Philemon 1:1	20	Christ Jesus	jesus-of-nazareth	jesus-of-nazareth
Philemon 1:1	38	Timothy	timothy	timothy
Philemon 1:1	62	Philemon	philemon	philemon
Philemon 1:3	56	Jesus Christ	jesus-of-nazareth	jesus-of-nazareth
Philemon 1:5	70	Jesus	jesus-of-nazareth	jesus-of-nazareth
Philemon 1:6	111	Christ Jesus	jesus-of-nazareth	jesus-of-nazareth
Philemon 1:9	54	Paul	paul-of-tarsus	paul-of-tarsus
Philemon 1:9	93	Jesus Christ	jesus-of-nazareth	jesus-of-nazareth
Philemon 1:10	71	Onesimus	onesimus	onesimus
Philemon 1:19	3	Paul	paul-of-tarsus	paul-of-tarsus
Philemon 1:23	32	Christ Jesus	jesus-of-nazareth	jesus-of-nazareth
Philemon 1:24	6	Mark	john-mark	john-mark
Philemon 1:24	25	Demas	demas	demas
Philemon 1:24	36	Luke	luke-evangelist	luke-evangelist
Philemon 1:25	22	Jesus Christ	jesus-of-nazareth	jesus-of-nazareth
Hebrews 2:4	101	the Holy Spirit	holy-spirit	holy-spirit
Hebrews 2:9	65	Jesus	jesus-of-nazareth	jesus-of-nazareth
Hebrews 2:14	195	the devil	satan	satan
Hebrews 2:16	90	Abraham	abraham	abraham
Hebrews 3:1	115	Jesus	jesus-of-nazareth	jesus-of-nazareth
Hebrews 3:2	55	Moses	moses	moses
Hebrews 3:3	50	Moses	moses	moses
Hebrews 3:5	0	Moses	moses	moses
Hebrews 3:7	19	the Holy Spirit	holy-spirit	holy-spirit
Hebrews 3:16	82	Moses	moses	moses
Hebrews 4:7	54	David	david	david
Hebrews 4:8	7	Joshua	joshua	joshua
Hebrews 4:14	69	Jesus	jesus-of-nazareth	jesus-of-nazareth
Hebrews 5:4	71	Aaron	aaron	aaron
Hebrews 5:6	80	Melchizedek	melchizedek	melchizedek
Hebrews 5:10	46	Melchizedek	melchizedek	melchizedek
Hebrews 6:4	107	the Holy Spirit	holy-spirit	holy-spirit
Hebrews 6:13	31	Abraham	abraham	abraham
Hebrews 6:20	22	Jesus	jesus-of-nazareth	jesus-of-nazareth
Hebrews 6:20	99	Melchizedek	melchizedek	melchizedek
Hebrews 7:1	9	Melchizedek	melchizedek	melchizedek
Hebrews 7:1	70	Abraham	abraham	abraham
Hebrews 7:2	13	Abraham	abraham	abraham
Hebrews 7:4	50	Abraham	abraham	abraham
Hebrews 7:5	27	Levi	-	matthew-levi
Hebrews 7:5	204	Abraham	abraham	abraham
Hebrews 7:6	73	Abraham	abraham	abraham
Hebrews 7:9	24	Abraham	abraham	abraham
Hebrews 7:9	37	Levi	-	matthew-levi
Hebrews 7:10	46	Melchizedek	melchizedek	melchizedek
Hebrews 7:11	186	Melchizedek	melchizedek	melchizedek
Hebrews 7:11	236	Aaron	aaron	aaron
Hebrews 7:14	75	Moses	moses	moses
Hebrews 7:15	62	Melchizedek	melchizedek	melchizedek
Hebrews 7:17	74	Melchizedek	melchizedek	melchizedek
Hebrews 7:21	202	Melchizedek	melchizedek	melchizedek
Hebrews 7:22	12	Jesus	jesus-of-nazareth	jesus-of-nazareth
Hebrews 8:5	60	Moses	moses	moses
Hebrews 9:4	140	Aaron	aaron	aaron
Hebrews 9:8	0	The Holy Spirit	holy-spirit	holy-spirit
Hebrews 9:19	46	Moses	moses	moses
Hebrews 10:10	74	Jesus Christ	jesus-of-nazareth	jesus-of-nazareth
Hebrews 10:15	0	The Holy Spirit	holy-spirit	holy-spirit
Hebrews 10:19	82	Jesus	jesus-of-nazareth	jesus-of-nazareth
Hebrews 10:28	21	Moses	moses	moses
Hebrews 11:4	10	Abel	abel	abel
Hebrews 11:4	62	Cain	cain	cain
Hebrews 11:5	10	Enoch	enoch	enoch
Hebrews 11:7	10	Noah	noah	noah
Hebrews 11:8	10	Abraham	abraham	abraham
Hebrews 11:9	105	Isaac	isaac	isaac
Hebrews 11:9	115	Jacob	jacob	jacob
Hebrews 11:11	15	Sarah	sarah	sarah
Hebrews 11:17	10	Abraham	abraham	abraham
Hebrews 11:17	44	Isaac	isaac	isaac
Hebrews 11:18	63	Isaac	isaac	isaac
Hebrews 11:20	10	Isaac	isaac	isaac
Hebrews 11:20	24	Jacob	jacob	jacob
Hebrews 11:20	34	Esau	esau	esau
Hebrews 11:21	10	Jacob	jacob	jacob
Hebrews 11:21	64	Joseph	joseph-son-of-jacob	joseph-son-of-jacob
Hebrews 11:22	10	Joseph	joseph-son-of-jacob	joseph-son-of-jacob
Hebrews 11:23	10	Moses	moses	moses
Hebrews 11:24	10	Moses	moses	moses
Hebrews 11:31	10	Rahab	rahab	rahab
Hebrews 11:32	63	Gideon	gideon	gideon
Hebrews 11:32	78	Samson	samson	samson
Hebrews 11:32	96	David	david	david
Hebrews 11:32	103	Samuel	samuel	samuel
Hebrews 12:2	11	Jesus	jesus-of-nazareth	jesus-of-nazareth
Hebrews 12:16	67	Esau	esau	esau
Hebrews 12:21	39	Moses	moses	moses
Hebrews 12:24	3	Jesus	jesus-of-nazareth	jesus-of-nazareth
Hebrews 12:24	105	Abel	abel	abel
Hebrews 13:8	0	Jesus Christ	jesus-of-nazareth	jesus-of-nazareth
Hebrews 13:12	10	Jesus	jesus-of-nazareth	jesus-of-nazareth
Hebrews 13:20	138	Jesus	jesus-of-nazareth	jesus-of-nazareth
Hebrews 13:21	118	Jesus Christ	jesus-of-nazareth	jesus-of-nazareth
Hebrews 13:23	22	Timothy	timothy	timothy
James 1:1	0	James	james-son-of-zebedee	james-son-of-zebedee
James 1:1	40	Jesus Christ	jesus-of-nazareth	jesus-of-nazareth
James 2:1	46	Jesus Christ	jesus-of-nazareth	jesus-of-nazareth
James 2:21	7	Abraham	abraham	abraham
James 2:21	68	Isaac	isaac	isaac
James 2:23	45	Abraham	abraham	abraham
James 2:25	24	Rahab	rahab	rahab
James 4:7	40	the devil	satan	satan
James 5:11	80	Job	job	job
James 5:17	0	Elijah	elijah	elijah
1 Peter 1:1	0	Peter	simon-peter	simon-peter
1 Peter 1:1	21	Jesus Christ	jesus-of-nazareth	jesus-of-nazareth
1 Peter 1:2	34	God the Father	god-the-father	god-the-father
1 Peter 1:2	101	Jesus Christ	jesus-of-nazareth	jesus-of-nazareth
1 Peter 1:3	42	Jesus Christ	jesus-of-nazareth	jesus-of-nazareth
1 Peter 1:3	161	Jesus Christ	jesus-of-nazareth	jesus-of-nazareth
1 Peter 1:7	183	Jesus Christ	jesus-of-nazareth	jesus-of-nazareth
1 Peter 1:12	179	the Holy Spirit	holy-spirit	holy-spirit
1 Peter 1:13	137	Jesus Christ	jesus-of-nazareth	jesus-of-nazareth
1 Peter 2:5	148	Jesus Christ	jesus-of-nazareth	jesus-of-nazareth
1 Peter 3:6	3	Sarah	sarah	sarah
1 Peter 3:6	16	Abraham	abraham	abraham
1 Peter 3:20	70	Noah	noah	noah
1 Peter 3:21	175	Jesus Christ	jesus-of-nazareth	jesus-of-nazareth
1 Peter 4:11	177	Jesus Christ	jesus-of-nazareth	jesus-of-nazareth
1 Peter 5:8	59	the devil	satan	satan
1 Peter 5:10	69	Christ Jesus	jesus-of-nazareth	jesus-of-nazareth
1 Peter 5:12	8	Silvanus	silas	silas
1 Peter 5:13	73	Mark	john-mark	john-mark
1 Peter 5:14	70	Christ Jesus	jesus-of-nazareth	jesus-of-nazareth
2 Peter 1:1	0	Simon Peter	simon-peter	simon-peter
2 Peter 1:1	38	Jesus Christ	jesus-of-nazareth	jesus-of-nazareth
2 Peter 1:1	153	Jesus Christ	jesus-of-nazareth	jesus-of-nazareth
2 Peter 1:2	68	Jesus	jesus-of-nazareth	jesus-of-nazareth
2 Peter 1:8	115	Jesus Christ	jesus-of-nazareth	jesus-of-nazareth
2 Peter 1:11	104	Jesus Christ	jesus-of-nazareth	jesus-of-nazareth
2 Peter 1:14	72	Jesus Christ	jesus-of-nazareth	jesus-of-nazareth
2 Peter 1:16	107	Jesus Christ	jesus-of-nazareth	jesus-of-nazareth
2 Peter 1:17	21	God the Father	god-the-father	god-the-father
2 Peter 1:21	88	the Holy Spirit	holy-spirit	holy-spirit
2 Peter 2:5	50	Noah	noah	noah
2 Peter 2:15	70	Balaam	balaam	balaam
2 Peter 2:20	105	Jesus Christ	jesus-of-nazareth	jesus-of-nazareth
2 Peter 3:15	74	Paul	paul-of-tarsus	paul-of-tarsus
2 Peter 3:18	59	Jesus Christ	jesus-of-nazareth	jesus-of-nazareth
1 John 1:3	158	Jesus Christ	jesus-of-nazareth	jesus-of-nazareth
1 John 1:7	106	Jesus Christ	jesus-of-nazareth	jesus-of-nazareth
1 John 2:1	99	Counselor	holy-spirit	holy-spirit
1 John 2:1	126	Jesus Christ	jesus-of-nazareth	jesus-of-nazareth
1 John 2:13	126	the evil one	satan	satan
1 John 2:14	196	the evil one	satan	satan
1 John 2:22	39	Jesus	jesus-of-nazareth	jesus-of-nazareth
1 John 3:8	18	the devil	satan	satan
1 John 3:8	33	the devil	satan	satan
1 John 3:8	156	the devil	satan	satan
1 John 3:10	62	the devil	satan	satan
1 John 3:12	7	Cain	cain	cain
1 John 3:12	24	the evil one	satan	satan
1 John 3:23	72	Jesus Christ	jesus-of-nazareth	jesus-of-nazareth
1 John 4:2	21	Spirit of God	holy-spirit	holy-spirit
1 John 4:2	68	Jesus Christ	jesus-of-nazareth	jesus-of-nazareth
1 John 4:3	42	Jesus Christ	jesus-of-nazareth	jesus-of-nazareth
1 John 4:6	110	spirit of truth	holy-spirit	holy-spirit
1 John 4:15	23	Jesus	jesus-of-nazareth	jesus-of-nazareth
1 John 5:1	22	Jesus	jesus-of-nazareth	jesus-of-nazareth
1 John 5:5	60	Jesus	jesus-of-nazareth	jesus-of-nazareth
1 John 5:6	40	Jesus Christ	jesus-of-nazareth	jesus-of-nazareth
1 John 5:18	95	the evil one	satan	satan
1 John 5:19	69	the evil one	satan	satan
1 John 5:20	145	Jesus Christ	jesus-of-nazareth	jesus-of-nazareth
2 John 1:3	46	God the Father	god-the-father	god-the-father
2 John 1:3	80	Jesus Christ	jesus-of-nazareth	jesus-of-nazareth
2 John 1:7	78	Jesus Christ	jesus-of-nazareth	jesus-of-nazareth
3 John 1:9	29	Diotrephes	diotrephes	diotrephes
Jude 1:1	19	Jesus Christ	jesus-of-nazareth	jesus-of-nazareth
Jude 1:1	48	James	james-son-of-zebedee	james-son-of-zebedee
Jude 1:1	94	God the Father	god-the-father	god-the-father
Jude 1:1	123	Jesus Christ	jesus-of-nazareth	jesus-of-nazareth
Jude 1:4	217	Jesus Christ	jesus-of-nazareth	jesus-of-nazareth
Jude 1:9	4	Michael	michael-archangel	michael-archangel
Jude 1:9	49	the devil	satan	satan
Jude 1:9	89	Moses	moses	moses
Jude 1:11	41	Cain	cain	cain
Jude 1:11	81	Balaam	balaam	balaam
Jude 1:14	17	Enoch	enoch	enoch
Jude 1:14	41	Adam	adam	adam
Jude 1:17	95	Jesus Christ	jesus-of-nazareth	jesus-of-nazareth
Jude 1:20	82	the Holy Spirit	holy-spirit	holy-spirit
Jude 1:21	65	Jesus Christ	jesus-of-nazareth	jesus-of-nazareth
Revelation 1:1	26	Jesus Christ	jesus-of-nazareth	jesus-of-nazareth
Revelation 1:1	176	John	john-the-baptist	john-the-baptist
Revelation 1:2	53	Jesus Christ	jesus-of-nazareth	jesus-of-nazareth
Revelation 1:4	0	John	john-the-baptist	john-the-baptist
Revelation 1:5	9	Jesus Christ	jesus-of-nazareth	jesus-of-nazareth
Revelation 1:9	2	John	john-the-baptist	john-the-baptist
Revelation 1:9	90	Christ Jesus	jesus-of-nazareth	jesus-of-nazareth
Revelation 1:9	185	Jesus Christ	jesus-of-nazareth	jesus-of-nazareth
Revelation 2:9	160	Satan	satan	satan
Revelation 2:10	69	the devil	satan	satan
Revelation 2:13	46	Satan	satan	satan
Revelation 2:13	133	Antipas	herod-antipas	herod-antipas
Revelation 2:13	202	Satan	satan	satan
Revelation 2:14	90	Balaam	balaam	balaam
Revelation 2:20	59	Jezebel	jezebel	jezebel
Revelation 2:24	138	Satan	satan	satan
Revelation 3:7	108	David	david	david
Revelation 3:9	40	Satan	satan	satan
Revelation 5:5	102	David	david	david
Revelation 7:6	97	Manasseh	-	manasseh-king-of-judah
Revelation 7:7	16	Simeon	-	simeon-at-the-temple
Revelation 7:7	56	Levi	-	matthew-levi
Revelation 7:8	57	Joseph	joseph-son-of-jacob	joseph-son-of-jacob
Revelation 12:4	78	The dragon	satan	satan
Revelation 12:7	26	Michael	michael-archangel	michael-archangel
Revelation 12:7	61	the dragon	satan	satan
Revelation 12:7	73	The dragon	satan	satan
Revelation 12:9	34	the old serpent	satan	satan
Revelation 12:9	68	the devil	satan	satan
Revelation 12:9	82	Satan	satan	satan
Revelation 12:10	145	the accuser	satan	satan
Revelation 12:12	96	the devil	satan	satan
Revelation 12:13	5	the dragon	satan	satan
Revelation 12:16	92	the dragon	satan	satan
Revelation 12:17	0	The dragon	satan	satan
Revelation 12:17	133	Jesus	jesus-of-nazareth	jesus-of-nazareth
Revelation 13:2	122	The dragon	satan	satan
Revelation 13:4	15	the dragon	satan	satan
Revelation 13:17	68	mark	john-mark	john-mark
Revelation 14:4	148	Jesus	jesus-of-nazareth	jesus-of-nazareth
Revelation 14:9	126	mark	john-mark	john-mark
Revelation 14:11	154	mark	john-mark	john-mark
Revelation 14:12	97	Jesus	jesus-of-nazareth	jesus-of-nazareth
Revelation 15:3	22	Moses	moses	moses
Revelation 16:2	120	mark	john-mark	john-mark
Revelation 16:13	33	the dragon	satan	satan
Revelation 17:6	91	Jesus	jesus-of-nazareth	jesus-of-nazareth
Revelation 19:10	163	Jesus	jesus-of-nazareth	jesus-of-nazareth
Revelation 19:10	204	Jesus	jesus-of-nazareth	jesus-of-nazareth
Revelation 19:20	137	mark	john-mark	john-mark
Revelation 20:2	10	the dragon	satan	satan
Revelation 20:2	22	the old serpent	satan	satan
Revelation 20:2	48	the devil	satan	satan
Revelation 20:2	62	Satan	satan	satan
Revelation 20:4	137	Jesus	jesus-of-nazareth	jesus-of-nazareth
Revelation 20:4	244	mark	john-mark	john-mark
Revelation 20:7	30	Satan	satan	satan
Revelation 20:10	0	The devil	satan	satan
Revelation 22:8	7	John	john-the-baptist	john-the-baptist
Revelation 22:16	3	Jesus	jesus-of-nazareth	jesus-of-nazareth
Revelation 22:16	115	David	david	david
Revelation 22:20	81	Jesus	jesus-of-nazareth	jesus-of-nazareth
Revelation 22:21	22	Jesus Christ	jesus-of-nazareth	jesus-of-nazareth
