bookIntro.manuscripts|-|00688f0650	117	Hezekiah	hezekiah
bookIntro.manuscripts|-|00688f0650	12	Hezekiah	hezekiah
bookIntro.manuscripts|-|0413b3fde3	95	John	john-the-baptist
bookIntro.manuscripts|-|06acf2f0cc	35	Peter	simon-peter
bookIntro.manuscripts|-|0816ac86a7	13	Ezekiel	ezekiel
bookIntro.manuscripts|-|0888454258	0	Ezra	ezra
bookIntro.manuscripts|-|0888454258	9	Nehemiah	nehemiah
bookIntro.manuscripts|-|0c6cf18ba1	89	Luke	luke-evangelist
bookIntro.manuscripts|-|0c83882220	670	Jesus	jesus-of-nazareth
bookIntro.manuscripts|-|100dc8e7d2	2	John	john-the-baptist
bookIntro.manuscripts|-|132381eb23	0	Zechariah	zechariah-father-of-john-baptist
bookIntro.manuscripts|-|1d3257ff02	114	David	david
bookIntro.manuscripts|-|1d3257ff02	189	David	david
bookIntro.manuscripts|-|20cdc174e8	125	Peter	simon-peter
bookIntro.manuscripts|-|21701aa412	0	Philemon	philemon
bookIntro.manuscripts|-|21701aa412	311	Timothy	timothy
bookIntro.manuscripts|-|21701aa412	320	Titus	titus
bookIntro.manuscripts|-|21701aa412	327	Philemon	philemon
bookIntro.manuscripts|-|21701aa412	490	Philemon	philemon
bookIntro.manuscripts|-|2346fea3c5	0	Luke	luke-evangelist
bookIntro.manuscripts|-|2346fea3c5	111	Luke	luke-evangelist
bookIntro.manuscripts|-|2346fea3c5	124	Mark	john-mark
bookIntro.manuscripts|-|2346fea3c5	43	Mark	john-mark
bookIntro.manuscripts|-|2346fea3c5	452	Luke	luke-evangelist
bookIntro.manuscripts|-|2346fea3c5	458	Luke	luke-evangelist
bookIntro.manuscripts|-|2450b6ebef	38	Peter	simon-peter
bookIntro.manuscripts|-|26e99aaaf5	29	Ezekiel	ezekiel
bookIntro.manuscripts|-|287437dc0a	136	Moses	moses
bookIntro.manuscripts|-|2e6234f51a	0	James	james-son-of-zebedee
bookIntro.manuscripts|-|2edd652e8c	151	Samuel	samuel
bookIntro.manuscripts|-|2edd652e8c	60	Samuel	samuel
bookIntro.manuscripts|-|300b69dfd7	238	David	david
bookIntro.manuscripts|-|3035d1a370	13	Daniel	daniel
bookIntro.manuscripts|-|30b800b95a	88	John	john-the-baptist
bookIntro.manuscripts|-|30d08a3938	66	Peter	simon-peter
bookIntro.manuscripts|-|33f7381f73	122	Titus	titus
bookIntro.manuscripts|-|35688bdfb6	49	Ruth	ruth
bookIntro.manuscripts|-|36659d6048	0	Paul	paul-of-tarsus
bookIntro.manuscripts|-|3a8dece532	129	Paul	paul-of-tarsus
bookIntro.manuscripts|-|3af3fbd854	102	Ezra	ezra
bookIntro.manuscripts|-|3af3fbd854	156	Ezra	ezra
bookIntro.manuscripts|-|3af3fbd854	205	Nehemiah	nehemiah
bookIntro.manuscripts|-|3af3fbd854	335	Zerubbabel	zerubbabel
bookIntro.manuscripts|-|3af3fbd854	717	Ezra	ezra
bookIntro.manuscripts|-|3e6c639b3c	36	Timothy	timothy
bookIntro.manuscripts|-|430ebbd8b9	479	John	john-the-baptist
bookIntro.manuscripts|-|430ebbd8b9	708	John	john-the-baptist
bookIntro.manuscripts|-|430ebbd8b9	96	John	john-the-baptist
bookIntro.manuscripts|-|4682dc5370	0	Luke	luke-evangelist
bookIntro.manuscripts|-|4682dc5370	50	Luke	luke-evangelist
bookIntro.manuscripts|-|4682dc5370	91	Theophilus	theophilus
bookIntro.manuscripts|-|48b2190ffb	302	Job	job
bookIntro.manuscripts|-|48b2190ffb	578	Abraham	abraham
bookIntro.manuscripts|-|48ca81bd3b	39	Enoch	enoch
bookIntro.manuscripts|-|48ca81bd3b	69	Moses	moses
bookIntro.manuscripts|-|4a54bf410f	13	Jeremiah	jeremiah
bookIntro.manuscripts|-|4e9bc24be7	207	Esther	esther
bookIntro.manuscripts|-|4e9bc24be7	218	Mordecai	mordecai
bookIntro.manuscripts|-|514a880cb9	94	James	james-son-of-zebedee
bookIntro.manuscripts|-|544360649d	249	Ezekiel	ezekiel
bookIntro.manuscripts|-|56ae0d2838	24	Jeremiah	jeremiah
bookIntro.manuscripts|-|56ae0d2838	255	Jeremiah	jeremiah
bookIntro.manuscripts|-|56b78f527a	127	Peter	simon-peter
bookIntro.manuscripts|-|56b78f527a	160	Peter	simon-peter
bookIntro.manuscripts|-|578096be93	29	Timothy	timothy
bookIntro.manuscripts|-|5869c8fa96	158	Mark	john-mark
bookIntro.manuscripts|-|5869c8fa96	222	Luke	luke-evangelist
bookIntro.manuscripts|-|5869c8fa96	27	Luke	luke-evangelist
bookIntro.manuscripts|-|5869c8fa96	52	Mark	john-mark
bookIntro.manuscripts|-|5869c8fa96	8	Mark	john-mark
bookIntro.manuscripts|-|5883790f8c	64	Jesus	jesus-of-nazareth
bookIntro.manuscripts|-|5cceeff39c	12	Deborah	deborah
bookIntro.manuscripts|-|5d0a75698d	187	Aquila	aquila
bookIntro.manuscripts|-|5e2667b1c3	231	Jeremiah	jeremiah
bookIntro.manuscripts|-|5ec0ee3399	32	Esther	esther
bookIntro.manuscripts|-|5f06549c69	42	Job	job
bookIntro.manuscripts|-|61f0bdd110	101	Ezekiel	ezekiel
bookIntro.manuscripts|-|64b851d4c5	56	Peter	simon-peter
bookIntro.manuscripts|-|64b851d4c5	93	Peter	simon-peter
bookIntro.manuscripts|-|656d27618f	58	Deborah	deborah
bookIntro.manuscripts|-|6a0957b3ac	176	Mark	john-mark
bookIntro.manuscripts|-|6a0957b3ac	235	Luke	luke-evangelist
bookIntro.manuscripts|-|6a0957b3ac	280	Jesus	jesus-of-nazareth
bookIntro.manuscripts|-|6a0957b3ac	34	Mark	john-mark
bookIntro.manuscripts|-|6a0957b3ac	44	Luke	luke-evangelist
bookIntro.manuscripts|-|6a0957b3ac	816	Luke	luke-evangelist
bookIntro.manuscripts|-|6be6296c5a	2	Peter	simon-peter
bookIntro.manuscripts|-|6cc6f5ba3f	49	Samuel	samuel
bookIntro.manuscripts|-|6d106874f7	2	John	john-the-baptist
bookIntro.manuscripts|-|6e1ff49880	45	David	david
bookIntro.manuscripts|-|718e07a2a3	108	Jesus	jesus-of-nazareth
bookIntro.manuscripts|-|718e07a2a3	22	Zechariah	zechariah-father-of-john-baptist
bookIntro.manuscripts|-|719537ead7	145	John	john-the-baptist
bookIntro.manuscripts|-|7228a600d1	137	Paul	paul-of-tarsus
bookIntro.manuscripts|-|725b2e4022	2	Peter	simon-peter
bookIntro.manuscripts|-|72fe91d725	35	John	john-the-baptist
bookIntro.manuscripts|-|779e42061a	78	Zechariah	zechariah-father-of-john-baptist
bookIntro.manuscripts|-|7c6ba495cd	31	Ezra	ezra
bookIntro.manuscripts|-|8304d04a59	0	Mark	john-mark
bookIntro.manuscripts|-|8304d04a59	180	Mark	john-mark
bookIntro.manuscripts|-|848480435e	226	Nehemiah	nehemiah
bookIntro.manuscripts|-|87d7709327	76	Ezra	ezra
bookIntro.manuscripts|-|8a524d9dfc	2	Samuel	samuel
bookIntro.manuscripts|-|8ee863c551	27	Luke	luke-evangelist
bookIntro.manuscripts|-|8fca26d6bc	22	Zechariah	zechariah-father-of-john-baptist
bookIntro.manuscripts|-|96be30e4b2	149	Jeremiah	jeremiah
bookIntro.manuscripts|-|96be30e4b2	17	Jeremiah	jeremiah
bookIntro.manuscripts|-|96ca969b0a	47	David	david
bookIntro.manuscripts|-|98cb49a416	32	Joshua	joshua
bookIntro.manuscripts|-|9d7eb4c852	166	Isaiah	isaiah
bookIntro.manuscripts|-|9d7eb4c852	20	Isaiah	isaiah
bookIntro.manuscripts|-|9e07fe101e	12	Ezra	ezra
bookIntro.manuscripts|-|9ec388e995	126	John	john-the-baptist
bookIntro.manuscripts|-|9ec388e995	75	Luke	luke-evangelist
bookIntro.manuscripts|-|9ec388e995	84	John	john-the-baptist
bookIntro.manuscripts|-|9ef3503f19	0	Esther	esther
bookIntro.manuscripts|-|9fac849f8a	73	Solomon	solomon
bookIntro.manuscripts|-|a0545813d0	236	Manasseh	manasseh-king-of-judah
bookIntro.manuscripts|-|a0545813d0	357	Hezekiah	hezekiah
bookIntro.manuscripts|-|a0545813d0	470	Uzziah	uzziah
bookIntro.manuscripts|-|a0545813d0	87	Manasseh	manasseh-king-of-judah
bookIntro.manuscripts|-|a0f1c27e23	229	Jeremiah	jeremiah
bookIntro.manuscripts|-|a106b6ea8d	13	Ruth	ruth
bookIntro.manuscripts|-|a143a48bbd	212	Isaiah	isaiah
bookIntro.manuscripts|-|a1a120a389	2	Timothy	timothy
bookIntro.manuscripts|-|a2c4635d06	114	Mark	john-mark
bookIntro.manuscripts|-|a3d52effad	474	David	david
bookIntro.manuscripts|-|a4447a7b20	111	Titus	titus
bookIntro.manuscripts|-|a486df6231	2	John	john-the-baptist
bookIntro.manuscripts|-|a49aa24da5	251	David	david
bookIntro.manuscripts|-|a49aa24da5	326	Samuel	samuel
bookIntro.manuscripts|-|a49aa24da5	487	David	david
bookIntro.manuscripts|-|a49aa24da5	715	David	david
bookIntro.manuscripts|-|a49aa24da5	783	David	david
bookIntro.manuscripts|-|a4bbd6df59	22	Daniel	daniel
bookIntro.manuscripts|-|a4bbd6df59	248	Azariah	uzziah
bookIntro.manuscripts|-|a4bbd6df59	300	the Dragon	satan
bookIntro.manuscripts|-|a5d16c39a5	215	John	john-the-baptist
bookIntro.manuscripts|-|a606cc7ef3	0	Titus	titus
bookIntro.manuscripts|-|a6951ef39f	89	John	john-the-baptist
bookIntro.manuscripts|-|a77e6771f7	91	James	james-son-of-zebedee
bookIntro.manuscripts|-|a8efcb5323	8	Ruth	ruth
bookIntro.manuscripts|-|b286c2356b	49	Samuel	samuel
bookIntro.manuscripts|-|b329cf25da	2	John	john-the-baptist
bookIntro.manuscripts|-|b5ae8816d5	148	Samuel	samuel
bookIntro.manuscripts|-|b91968616d	104	Luke	luke-evangelist
bookIntro.manuscripts|-|b91968616d	113	John	john-the-baptist
bookIntro.manuscripts|-|b9392f518e	8	Daniel	daniel
bookIntro.manuscripts|-|b9719fb3c8	37	Luke	luke-evangelist
bookIntro.manuscripts|-|b9719fb3c8	88	Theophilus	theophilus
bookIntro.manuscripts|-|bcf062e408	26	Paul	paul-of-tarsus
bookIntro.manuscripts|-|bed28e4878	105	Ezekiel	ezekiel
bookIntro.manuscripts|-|bf24314589	231	Jeremiah	jeremiah
bookIntro.manuscripts|-|c0e35f3e55	67	John	john-the-baptist
bookIntro.manuscripts|-|c0ee3343f5	69	James	james-son-of-zebedee
bookIntro.manuscripts|-|c0ee3343f5	93	Peter	simon-peter
bookIntro.manuscripts|-|c127e4d001	89	John	john-the-baptist
bookIntro.manuscripts|-|c25ecbdc67	69	Esther	esther
bookIntro.manuscripts|-|c4c9f18ff7	36	Philemon	philemon
bookIntro.manuscripts|-|c511fe48b3	8	Samuel	samuel
bookIntro.manuscripts|-|c61dda1595	121	Hezekiah	hezekiah
bookIntro.manuscripts|-|cbf4ec2d6b	378	Solomon	solomon
bookIntro.manuscripts|-|cc16c71cee	241	Nehemiah	nehemiah
bookIntro.manuscripts|-|ccf306ad6b	24	Ezra	ezra
bookIntro.manuscripts|-|ccf306ad6b	29	Nehemiah	nehemiah
bookIntro.manuscripts|-|cd33033be8	133	Solomon	solomon
bookIntro.manuscripts|-|cf16d233db	36	John	john-the-baptist
bookIntro.manuscripts|-|d4339da2d2	132	Jeremiah	jeremiah
bookIntro.manuscripts|-|d43dd2fa38	111	Paul	paul-of-tarsus
bookIntro.manuscripts|-|d8ea1ce851	246	Ezra	ezra
bookIntro.manuscripts|-|d983612c7c	11	Daniel	daniel
bookIntro.manuscripts|-|da48e52dc1	110	David	david
bookIntro.manuscripts|-|db9ae0b611	57	John	john-the-baptist
bookIntro.manuscripts|-|dbbb55248c	66	John	john-the-baptist
bookIntro.manuscripts|-|dc747cb841	317	Joshua	joshua
bookIntro.manuscripts|-|dca8e89bad	13	Joshua	joshua
bookIntro.manuscripts|-|dfc7838cab	76	Mark	john-mark
bookIntro.manuscripts|-|dfc7838cab	92	Peter	simon-peter
bookIntro.manuscripts|-|e026f5e136	557	Joshua	joshua
bookIntro.manuscripts|-|e0c7fe36d1	83	Luke	luke-evangelist
bookIntro.manuscripts|-|e372c09c32	108	Jehoiachin	jeconiah
bookIntro.manuscripts|-|e4cf52f807	0	James	james-son-of-zebedee
bookIntro.manuscripts|-|e58fc36d60	131	Job	job
bookIntro.manuscripts|-|e58fc36d60	49	Job	job
bookIntro.manuscripts|-|e6888bfadb	95	Jesus	jesus-of-nazareth
bookIntro.manuscripts|-|ecabaef8d6	0	Paul	paul-of-tarsus
bookIntro.manuscripts|-|ed18955cb7	47	Peter	simon-peter
bookIntro.manuscripts|-|ee21162672	123	Isaiah	isaiah
bookIntro.manuscripts|-|ee21162672	231	Hezekiah	hezekiah
bookIntro.manuscripts|-|ee8e60336f	145	Hezekiah	hezekiah
bookIntro.manuscripts|-|ee8e60336f	94	Hezekiah	hezekiah
bookIntro.manuscripts|-|f117ed9260	32	Job	job
bookIntro.manuscripts|-|f3c1e48471	187	Balaam son of Beor	balaam
bookIntro.manuscripts|-|f3c1e48471	5	Balaam	balaam
bookIntro.manuscripts|-|f653c54477	66	Mark	john-mark
bookIntro.manuscripts|-|f6a5a2b539	537	Zechariah	zechariah-father-of-john-baptist
bookIntro.manuscripts|-|f7dba134d6	126	John the Baptist	john-the-baptist
bookIntro.manuscripts|-|f7dba134d6	59	Elijah	elijah
bookIntro.manuscripts|-|f895a7489c	0	Philemon	philemon
bookIntro.manuscripts|-|f895a7489c	253	Philemon	philemon
bookIntro.manuscripts|-|fc74f47995	33	Philemon	philemon
bookIntro.manuscripts|-|fdba03d4ae	87	Peter	simon-peter
bookIntro.summary|-|00be756ff6	0	Paul	paul-of-tarsus
bookIntro.summary|-|00be756ff6	159	Paul	paul-of-tarsus
bookIntro.summary|-|00be756ff6	37	Philemon	philemon
bookIntro.summary|-|00fb9d2172	225	Paul	paul-of-tarsus
bookIntro.summary|-|01ccca92dd	188	Moses	moses
bookIntro.summary|-|01ccca92dd	198	Aaron	aaron
bookIntro.summary|-|01ccca92dd	209	Moses	moses
bookIntro.summary|-|02fe9e4c43	143	Paul	paul-of-tarsus
bookIntro.summary|-|0344b12eae	92	Paul	paul-of-tarsus
bookIntro.summary|-|03f77ceb67	155	Moses	moses
bookIntro.summary|-|03f77ceb67	72	Moses	moses
bookIntro.summary|-|05426d3adf	118	Solomon	solomon
bookIntro.summary|-|05426d3adf	38	David	david
bookIntro.summary|-|05426d3adf	58	Solomon	solomon
bookIntro.summary|-|05b2a03132	214	Nehemiah	nehemiah
bookIntro.summary|-|05b2a03132	62	Ezra	ezra
bookIntro.summary|-|05c0e4ce1f	91	Jeremiah	jeremiah
bookIntro.summary|-|0655544ab5	165	Mordecai	mordecai
bookIntro.summary|-|0655544ab5	180	Esther	esther
bookIntro.summary|-|0655544ab5	40	Mordecai	mordecai
bookIntro.summary|-|071703fddc	0	Mark	john-mark
bookIntro.summary|-|071703fddc	267	Mark	john-mark
bookIntro.summary|-|071703fddc	43	John the Baptist	john-the-baptist
bookIntro.summary|-|071703fddc	69	Jesus	jesus-of-nazareth
bookIntro.summary|-|0da634f9c9	136	Mordecai	mordecai
bookIntro.summary|-|0da634f9c9	24	Esther	esther
bookIntro.summary|-|0f670b51b6	108	Jesus	jesus-of-nazareth
bookIntro.summary|-|0f670b51b6	33	Peter	simon-peter
bookIntro.summary|-|0f670b51b6	49	Jesus	jesus-of-nazareth
bookIntro.summary|-|10b542fa21	178	James	james-son-of-zebedee
bookIntro.summary|-|13ebc9c678	94	Paul	paul-of-tarsus
bookIntro.summary|-|14d0300e72	271	Jesus	jesus-of-nazareth
bookIntro.summary|-|160c16c970	0	Peter	simon-peter
bookIntro.summary|-|1927187c56	193	Elijah	elijah
bookIntro.summary|-|1927187c56	228	Jezebel	jezebel
bookIntro.summary|-|1d0ab15afe	117	Abel	abel
bookIntro.summary|-|1d0ab15afe	123	Noah	noah
bookIntro.summary|-|1d0ab15afe	129	Abraham	abraham
bookIntro.summary|-|1d0ab15afe	138	Moses	moses
bookIntro.summary|-|1d0ab15afe	344	Jesus	jesus-of-nazareth
bookIntro.summary|-|1e23ff3c4f	0	Paul	paul-of-tarsus
bookIntro.summary|-|1e23ff3c4f	117	Abraham	abraham
bookIntro.summary|-|1e23ff3c4f	369	Abraham	abraham
bookIntro.summary|-|1f8a6eae2d	109	Saul	saul-king-of-israel
bookIntro.summary|-|1f8a6eae2d	143	David	david
bookIntro.summary|-|1f8a6eae2d	196	Saul	saul-king-of-israel
bookIntro.summary|-|1f8a6eae2d	24	David	david
bookIntro.summary|-|1f8a6eae2d	256	Saul	saul-king-of-israel
bookIntro.summary|-|1f8a6eae2d	92	Saul	saul-king-of-israel
bookIntro.summary|-|24143de932	267	David	david
bookIntro.summary|-|25009e841c	20	Ezekiel	ezekiel
bookIntro.summary|-|2525e18c41	130	John	john-the-baptist
bookIntro.summary|-|2525e18c41	207	Satan	satan
bookIntro.summary|-|25ae0b3143	374	Jesus	jesus-of-nazareth
bookIntro.summary|-|26390d1b2c	148	Naomi	naomi
bookIntro.summary|-|26390d1b2c	165	Boaz	boaz
bookIntro.summary|-|26390d1b2c	33	Ruth	ruth
bookIntro.summary|-|26390d1b2c	62	Boaz	boaz
bookIntro.summary|-|26390d1b2c	82	Naomi	naomi
bookIntro.summary|-|26906bc280	0	Ezra	ezra
bookIntro.summary|-|2725edeaa5	225	Aaron	aaron
bookIntro.summary|-|2770d943fb	111	Job	job
bookIntro.summary|-|2770d943fb	157	Job	job
bookIntro.summary|-|2770d943fb	248	Satan	satan
bookIntro.summary|-|2770d943fb	264	Job	job
bookIntro.summary|-|2770d943fb	290	Job	job
bookIntro.summary|-|2770d943fb	315	Job	job
bookIntro.summary|-|2770d943fb	396	Job	job
bookIntro.summary|-|2770d943fb	430	the Accuser	satan
bookIntro.summary|-|2770d943fb	71	Satan	satan
bookIntro.summary|-|2770d943fb	79	the Accuser	satan
bookIntro.summary|-|27bad33f90	32	Elisha	elisha
bookIntro.summary|-|27bad33f90	50	Elijah	elijah
bookIntro.summary|-|283446da5c	80	Peter	simon-peter
bookIntro.summary|-|28d82771d8	23	Paul	paul-of-tarsus
bookIntro.summary|-|2a469f10e6	113	Esther	esther
bookIntro.summary|-|2a469f10e6	141	Mordecai	mordecai
bookIntro.summary|-|2a469f10e6	198	Mordecai	mordecai
bookIntro.summary|-|2b4b57d0f2	24	Jehoshaphat	jehoshaphat
bookIntro.summary|-|2b4b57d0f2	37	Hezekiah	hezekiah
bookIntro.summary|-|2b4b57d0f2	51	Josiah	josiah
bookIntro.summary|-|2f41905208	0	Paul	paul-of-tarsus
bookIntro.summary|-|2f41905208	201	Jesus	jesus-of-nazareth
bookIntro.summary|-|342cfc945c	0	Paul	paul-of-tarsus
bookIntro.summary|-|34ed5bc686	161	Nathan	nathan-the-prophet
bookIntro.summary|-|34ed5bc686	20	David	david
bookIntro.summary|-|34ed5bc686	200	David	david
bookIntro.summary|-|34ed5bc686	6	Saul	saul-king-of-israel
bookIntro.summary|-|356ac9903f	244	Timothy	timothy
bookIntro.summary|-|356ac9903f	46	Paul	paul-of-tarsus
bookIntro.summary|-|365fc23f1c	337	Zerubbabel	zerubbabel
bookIntro.summary|-|365fc23f1c	352	Joshua	joshua
bookIntro.summary|-|3831fa964c	0	Paul	paul-of-tarsus
bookIntro.summary|-|39d8cb70ab	174	Jesus	jesus-of-nazareth
bookIntro.summary|-|39d8cb70ab	252	Pilate	pontius-pilate
bookIntro.summary|-|39d8cb70ab	313	Jesus	jesus-of-nazareth
bookIntro.summary|-|437453325f	122	Naomi	naomi
bookIntro.summary|-|437453325f	14	Naomi	naomi
bookIntro.summary|-|437453325f	161	Ruth	ruth
bookIntro.summary|-|437453325f	208	Naomi	naomi
bookIntro.summary|-|437453325f	221	Naomi	naomi
bookIntro.summary|-|43c7af4ba1	1090	Christ Jesus	jesus-of-nazareth
bookIntro.summary|-|43c7af4ba1	375	Paul	paul-of-tarsus
bookIntro.summary|-|43c7af4ba1	460	Paul	paul-of-tarsus
bookIntro.summary|-|43c7af4ba1	593	James	james-son-of-zebedee
bookIntro.summary|-|43c7af4ba1	62	James	james-son-of-zebedee
bookIntro.summary|-|43c7af4ba1	747	Abraham	abraham
bookIntro.summary|-|43c7af4ba1	777	Paul	paul-of-tarsus
bookIntro.summary|-|43c7af4ba1	795	Abraham	abraham
bookIntro.summary|-|43c7af4ba1	850	James	james-son-of-zebedee
bookIntro.summary|-|43c7af4ba1	869	Abraham	abraham
bookIntro.summary|-|43c7af4ba1	928	Paul	paul-of-tarsus
bookIntro.summary|-|46262a5bdf	141	Luke	luke-evangelist
bookIntro.summary|-|46262a5bdf	70	Jesus	jesus-of-nazareth
bookIntro.summary|-|487af1c168	0	Paul	paul-of-tarsus
bookIntro.summary|-|4c442fb3bf	29	Diotrephes	diotrephes
bookIntro.summary|-|4c442fb3bf	355	John	john-the-baptist
bookIntro.summary|-|4c49846d4f	206	Peter	simon-peter
bookIntro.summary|-|4c49846d4f	426	the Holy Spirit	holy-spirit
bookIntro.summary|-|4f0b8c7563	0	John	john-the-baptist
bookIntro.summary|-|4f15bbfa12	107	Mark	john-mark
bookIntro.summary|-|4f15bbfa12	117	Luke	luke-evangelist
bookIntro.summary|-|4f15bbfa12	158	John	john-the-baptist
bookIntro.summary|-|4f15bbfa12	280	John	john-the-baptist
bookIntro.summary|-|4f15bbfa12	3	John	john-the-baptist
bookIntro.summary|-|4f15bbfa12	530	Jesus	jesus-of-nazareth
bookIntro.summary|-|4f15bbfa12	9	Jesus	jesus-of-nazareth
bookIntro.summary|-|50a7154a86	50	Paul	paul-of-tarsus
bookIntro.summary|-|5169fdc04d	210	Joshua	joshua
bookIntro.summary|-|528444d565	24	Paul	paul-of-tarsus
bookIntro.summary|-|529cfad6ef	0	Paul	paul-of-tarsus
bookIntro.summary|-|529cfad6ef	13	Titus	titus
bookIntro.summary|-|532fc619c9	1071	Mark	john-mark
bookIntro.summary|-|532fc619c9	1130	Mark	john-mark
bookIntro.summary|-|532fc619c9	386	Mark	john-mark
bookIntro.summary|-|532fc619c9	595	Mark	john-mark
bookIntro.summary|-|532fc619c9	723	Luke	luke-evangelist
bookIntro.summary|-|532fc619c9	729	John	john-the-baptist
bookIntro.summary|-|532fc619c9	86	Jesus	jesus-of-nazareth
bookIntro.summary|-|532fc619c9	934	Mark	john-mark
bookIntro.summary|-|54c97f0f87	135	Moses	moses
bookIntro.summary|-|54c97f0f87	153	Joshua	joshua
bookIntro.summary|-|5527767569	169	Solomon	solomon
bookIntro.summary|-|5527767569	39	Solomon	solomon
bookIntro.summary|-|55aafcb9b2	33	Samuel	samuel
bookIntro.summary|-|599d63df25	1162	Adam	adam
bookIntro.summary|-|599d63df25	155	Adam	adam
bookIntro.summary|-|599d63df25	172	Noah	noah
bookIntro.summary|-|599d63df25	181	Noah	noah
bookIntro.summary|-|599d63df25	189	Abraham	abraham
bookIntro.summary|-|599d63df25	302	Adam	adam
bookIntro.summary|-|599d63df25	463	Jesus	jesus-of-nazareth
bookIntro.summary|-|599d63df25	514	Jesus	jesus-of-nazareth
bookIntro.summary|-|599d63df25	635	Jesus	jesus-of-nazareth
bookIntro.summary|-|5c984b6437	187	Cain	cain
bookIntro.summary|-|5c984b6437	196	Abel	abel
bookIntro.summary|-|5c984b6437	215	Noah	noah
bookIntro.summary|-|612943615c	205	Solomon	solomon
bookIntro.summary|-|612943615c	259	David	david
bookIntro.summary|-|612943615c	31	David	david
bookIntro.summary|-|612943615c	90	Solomon	solomon
bookIntro.summary|-|633a88739b	160	Saul of Tarsus	paul-of-tarsus
bookIntro.summary|-|633a88739b	278	Peter	simon-peter
bookIntro.summary|-|633a88739b	319	Cornelius	cornelius-the-centurion
bookIntro.summary|-|6346e3ac12	178	Jesus	jesus-of-nazareth
bookIntro.summary|-|6346e3ac12	218	Mark	john-mark
bookIntro.summary|-|6346e3ac12	352	Jesus	jesus-of-nazareth
bookIntro.summary|-|63b684e0b7	138	Jesus	jesus-of-nazareth
bookIntro.summary|-|63b684e0b7	47	Jesus	jesus-of-nazareth
bookIntro.summary|-|656f78313f	111	Nathan	nathan-the-prophet
bookIntro.summary|-|656f78313f	144	David	david
bookIntro.summary|-|656f78313f	28	David	david
bookIntro.summary|-|656f78313f	56	Bathsheba	bathsheba
bookIntro.summary|-|69a611c9f2	140	Job	job
bookIntro.summary|-|69a611c9f2	189	Job	job
bookIntro.summary|-|69a611c9f2	53	Job	job
bookIntro.summary|-|6a0b80dab6	119	Paul	paul-of-tarsus
bookIntro.summary|-|6c2cd9c75e	177	Jacob	jacob
bookIntro.summary|-|6c2cd9c75e	215	Joseph	joseph-son-of-jacob
bookIntro.summary|-|6d75aa74ab	361	Paul	paul-of-tarsus
bookIntro.summary|-|6d75aa74ab	437	Philemon	philemon
bookIntro.summary|-|6efec66083	145	Thomas	thomas-apostle
bookIntro.summary|-|6efec66083	211	Jesus	jesus-of-nazareth
bookIntro.summary|-|6efec66083	226	Peter	simon-peter
bookIntro.summary|-|6efec66083	23	John	john-the-baptist
bookIntro.summary|-|6efec66083	312	Jesus	jesus-of-nazareth
bookIntro.summary|-|6efec66083	63	Mary Magdalene	mary-magdalene
bookIntro.summary|-|6f82dc079f	0	Luke	luke-evangelist
bookIntro.summary|-|6f82dc079f	115	John the Baptist	john-the-baptist
bookIntro.summary|-|6f82dc079f	136	Jesus	jesus-of-nazareth
bookIntro.summary|-|6f82dc079f	177	Mary	mary-mother-of-jesus
bookIntro.summary|-|6f82dc079f	199	Zechariah	zechariah-father-of-john-baptist
bookIntro.summary|-|6f82dc079f	244	Joseph	joseph-son-of-jacob
bookIntro.summary|-|6f82dc079f	255	Mary	mary-mother-of-jesus
bookIntro.summary|-|6f82dc079f	336	Luke	luke-evangelist
bookIntro.summary|-|6f82dc079f	369	Jesus	jesus-of-nazareth
bookIntro.summary|-|70b81874a6	56	Hezekiah	hezekiah
bookIntro.summary|-|70b81874a6	69	Josiah	josiah
bookIntro.summary|-|7604b33ab8	119	Caesar	tiberius-caesar
bookIntro.summary|-|7604b33ab8	203	Paul	paul-of-tarsus
bookIntro.summary|-|7a1d9a125c	173	David	david
bookIntro.summary|-|7a1d9a125c	32	David	david
bookIntro.summary|-|7c54c0e789	9	Paul	paul-of-tarsus
bookIntro.summary|-|7f10957b51	140	Samuel	samuel
bookIntro.summary|-|7f10957b51	33	Samuel	samuel
bookIntro.summary|-|7f10957b51	60	Saul	saul-king-of-israel
bookIntro.summary|-|7f10957b51	66	Saul	saul-king-of-israel
bookIntro.summary|-|82c05bab8b	487	Jesus	jesus-of-nazareth
bookIntro.summary|-|82c05bab8b	545	Jesus Christ	jesus-of-nazareth
bookIntro.summary|-|82c05bab8b	583	God the Father	god-the-father
bookIntro.summary|-|82c05bab8b	660	Jesus	jesus-of-nazareth
bookIntro.summary|-|82c05bab8b	667	Paul	paul-of-tarsus
bookIntro.summary|-|85df9da891	152	Michael	michael-archangel
bookIntro.summary|-|85df9da891	164	the devil	satan
bookIntro.summary|-|85df9da891	191	Moses	moses
bookIntro.summary|-|85df9da891	308	Moses	moses
bookIntro.summary|-|85df9da891	380	Enoch	enoch
bookIntro.summary|-|85df9da891	400	Enoch	enoch
bookIntro.summary|-|85df9da891	649	Jerome	jerome
bookIntro.summary|-|85df9da891	720	Enoch	enoch
bookIntro.summary|-|8608272da2	103	Jesus Christ	jesus-of-nazareth
bookIntro.summary|-|86f50d5192	0	Paul	paul-of-tarsus
bookIntro.summary|-|86f50d5192	30	Timothy	timothy
bookIntro.summary|-|86f50d5192	42	Epaphroditus	epaphroditus
bookIntro.summary|-|88e436e90a	226	Ananias and Sapphira	ananias-and-sapphira
bookIntro.summary|-|88e436e90a	308	Stephen	stephen-the-martyr
bookIntro.summary|-|88e436e90a	51	Peter	simon-peter
bookIntro.summary|-|89131979de	115	Timothy	timothy
bookIntro.summary|-|8f5c55748b	18	Paul	paul-of-tarsus
bookIntro.summary|-|908fd2fe1f	114	Balaam	balaam
bookIntro.summary|-|91161d44f5	108	Gideon	gideon
bookIntro.summary|-|91161d44f5	126	Samson	samson
bookIntro.summary|-|91161d44f5	89	Deborah	deborah
bookIntro.summary|-|916db258e4	186	Joshua	joshua
bookIntro.summary|-|916db258e4	73	Joshua	joshua
bookIntro.summary|-|919a489662	0	Paul	paul-of-tarsus
bookIntro.summary|-|929ac4acfe	174	Nehemiah	nehemiah
bookIntro.summary|-|94441c5879	102	Jesus	jesus-of-nazareth
bookIntro.summary|-|94441c5879	165	Lazarus	lazarus-of-bethany
bookIntro.summary|-|94441c5879	288	Nicodemus	nicodemus
bookIntro.summary|-|9506eee3f2	178	Moses	moses
bookIntro.summary|-|98a5875431	92	Paul	paul-of-tarsus
bookIntro.summary|-|98c5d51f3b	159	Paul	paul-of-tarsus
bookIntro.summary|-|992b64f5a1	136	Jesus	jesus-of-nazareth
bookIntro.summary|-|992b64f5a1	90	Jesus	jesus-of-nazareth
bookIntro.summary|-|99516c43d6	109	Jesus	jesus-of-nazareth
bookIntro.summary|-|99516c43d6	233	Jesus	jesus-of-nazareth
bookIntro.summary|-|9981d9f1af	176	Timothy	timothy
bookIntro.summary|-|9981d9f1af	67	Paul	paul-of-tarsus
bookIntro.summary|-|9c0d5035c5	24	Paul	paul-of-tarsus
bookIntro.summary|-|9cdbf145ec	22	John	john-the-baptist
bookIntro.summary|-|9f83467527	126	Ruth	ruth
bookIntro.summary|-|9f83467527	174	Obed	obed
bookIntro.summary|-|9f83467527	19	Ruth	ruth
bookIntro.summary|-|9f83467527	206	David	david
bookIntro.summary|-|9f83467527	3	Naomi	naomi
bookIntro.summary|-|9f83467527	35	Boaz	boaz
bookIntro.summary|-|9f83467527	68	Boaz	boaz
bookIntro.summary|-|a230d6db65	238	Jesus	jesus-of-nazareth
bookIntro.summary|-|a8eb1e1bd8	125	the Holy Spirit	holy-spirit
bookIntro.summary|-|a8eb1e1bd8	177	Peter	simon-peter
bookIntro.summary|-|a8eb1e1bd8	18	Luke	luke-evangelist
bookIntro.summary|-|a8eb1e1bd8	53	Jesus	jesus-of-nazareth
bookIntro.summary|-|a9d30ad084	27	Paul	paul-of-tarsus
bookIntro.summary|-|a9d30ad084	521	Paul	paul-of-tarsus
bookIntro.summary|-|a9d30ad084	532	Timothy	timothy
bookIntro.summary|-|a9d30ad084	70	Timothy	timothy
bookIntro.summary|-|a9e9a11f8e	181	Paul	paul-of-tarsus
bookIntro.summary|-|ad366d8541	172	David	david
bookIntro.summary|-|ad68cc5a48	0	Paul	paul-of-tarsus
bookIntro.summary|-|ad68cc5a48	13	Timothy	timothy
bookIntro.summary|-|ae3bf5c36f	182	Joseph	joseph-son-of-jacob
bookIntro.summary|-|ae3bf5c36f	225	magi	magi
bookIntro.summary|-|ae3bf5c36f	302	Jesus	jesus-of-nazareth
bookIntro.summary|-|ae3bf5c36f	322	David	david
bookIntro.summary|-|ae3bf5c36f	39	Jesus	jesus-of-nazareth
bookIntro.summary|-|ae3bf5c36f	53	Abraham	abraham
bookIntro.summary|-|ae3bf5c36f	65	David	david
bookIntro.summary|-|af353bd4b2	20	Jeremiah	jeremiah
bookIntro.summary|-|af353bd4b2	265	Jeremiah	jeremiah
bookIntro.summary|-|b16a4655f0	155	the dragon	satan
bookIntro.summary|-|b16a4655f0	181	Satan	satan
bookIntro.summary|-|b2bb99256d	94	Ezra	ezra
bookIntro.summary|-|b4be9e1a59	51	Daniel	daniel
bookIntro.summary|-|b51f7099f6	241	Solomon	solomon
bookIntro.summary|-|b52f79db8b	216	David	david
bookIntro.summary|-|b52f79db8b	66	Adam	adam
bookIntro.summary|-|b569c9b9f4	46	Saul	saul-king-of-israel
bookIntro.summary|-|b569c9b9f4	72	David	david
bookIntro.summary|-|b5769c6caa	186	Jesus	jesus-of-nazareth
bookIntro.summary|-|b5769c6caa	203	Isaiah	isaiah
bookIntro.summary|-|b5769c6caa	289	Luke	luke-evangelist
bookIntro.summary|-|b5769c6caa	305	Jesus	jesus-of-nazareth
bookIntro.summary|-|b5769c6caa	55	Adam	adam
bookIntro.summary|-|b5769c6caa	6	Jesus	jesus-of-nazareth
bookIntro.summary|-|b5769c6caa	81	Luke	luke-evangelist
bookIntro.summary|-|bac145bbd1	117	Peter	simon-peter
bookIntro.summary|-|bac145bbd1	227	the devil	satan
bookIntro.summary|-|bc2e06e051	181	Jesus	jesus-of-nazareth
bookIntro.summary|-|bc2e06e051	220	John	john-the-baptist
bookIntro.summary|-|bdbe782d62	0	Paul	paul-of-tarsus
bookIntro.summary|-|bdbe782d62	84	Timothy	timothy
bookIntro.summary|-|bf5011a25b	0	Paul	paul-of-tarsus
bookIntro.summary|-|bf5011a25b	223	Timothy	timothy
bookIntro.summary|-|c0f328f073	219	Abraham	abraham
bookIntro.summary|-|c0f328f073	228	Isaac	isaac
bookIntro.summary|-|c0f328f073	235	Jacob	jacob
bookIntro.summary|-|c0f328f073	254	Joseph	joseph-son-of-jacob
bookIntro.summary|-|c0f328f073	62	Abraham	abraham
bookIntro.summary|-|c439ee3575	0	Titus	titus
bookIntro.summary|-|c439ee3575	202	Paul	paul-of-tarsus
bookIntro.summary|-|c487c0e29a	0	Nehemiah	nehemiah
bookIntro.summary|-|c4cf12f2b9	73	Daniel	daniel
bookIntro.summary|-|c4cf12f2b9	869	Jesus	jesus-of-nazareth
bookIntro.summary|-|c74a8c3adc	257	Paul	paul-of-tarsus
bookIntro.summary|-|c74a8c3adc	37	Paul	paul-of-tarsus
bookIntro.summary|-|c74a8c3adc	374	Paul	paul-of-tarsus
bookIntro.summary|-|c74a8c3adc	383	Silas	silas
bookIntro.summary|-|c803c125f1	0	Paul	paul-of-tarsus
bookIntro.summary|-|c863ac53b8	217	Ahaz	ahaz
bookIntro.summary|-|c863ac53b8	64	Isaiah	isaiah
bookIntro.summary|-|cde51c2ccc	133	Peter	simon-peter
bookIntro.summary|-|cf3d9be917	14	Luke	luke-evangelist
bookIntro.summary|-|cf3d9be917	151	Luke	luke-evangelist
bookIntro.summary|-|cf3d9be917	211	Jesus	jesus-of-nazareth
bookIntro.summary|-|cf3d9be917	72	Jesus	jesus-of-nazareth
bookIntro.summary|-|d0204f0488	122	Titus	titus
bookIntro.summary|-|d1352a42be	0	Paul	paul-of-tarsus
bookIntro.summary|-|d1352a42be	160	Paul	paul-of-tarsus
bookIntro.summary|-|d1352a42be	184	Timothy	timothy
bookIntro.summary|-|d1352a42be	42	Timothy	timothy
bookIntro.summary|-|d1537b8d8c	32	Job	job
bookIntro.summary|-|d1537b8d8c	96	Job	job
bookIntro.summary|-|d20840f564	304	Zechariah	zechariah-father-of-john-baptist
bookIntro.summary|-|d20840f564	64	Zerubbabel	zerubbabel
bookIntro.summary|-|d6fa734df1	110	Melchizedek	melchizedek
bookIntro.summary|-|d6fa734df1	146	Jesus	jesus-of-nazareth
bookIntro.summary|-|db50eb34db	223	Peter	simon-peter
bookIntro.summary|-|db50eb34db	239	Jesus	jesus-of-nazareth
bookIntro.summary|-|db50eb34db	264	Jesus	jesus-of-nazareth
bookIntro.summary|-|db50eb34db	42	Jesus	jesus-of-nazareth
bookIntro.summary|-|e055278300	44	Moses	moses
bookIntro.summary|-|e22f4817b0	236	Paul	paul-of-tarsus
bookIntro.summary|-|e2f409771c	244	John	john-the-baptist
bookIntro.summary|-|e6480d408a	2	John	john-the-baptist
bookIntro.summary|-|e64eeb99a0	269	Peter	simon-peter
bookIntro.summary|-|e64eeb99a0	33	Paul	paul-of-tarsus
bookIntro.summary|-|e7bb60ca38	372	Jesus	jesus-of-nazareth
bookIntro.summary|-|e9d7335fda	49	Paul	paul-of-tarsus
bookIntro.summary|-|eae45b62cc	0	James	james-son-of-zebedee
bookIntro.summary|-|ed76108bda	0	John	john-the-baptist
bookIntro.summary|-|ee23d799c3	211	the Holy Spirit	holy-spirit
bookIntro.summary|-|ee23d799c3	268	Jesus	jesus-of-nazareth
bookIntro.summary|-|ee23d799c3	72	Jesus	jesus-of-nazareth
bookIntro.summary|-|ef3d7b1206	314	Solomon	solomon
bookIntro.summary|-|ef3d7b1206	352	Hezekiah	hezekiah
bookIntro.summary|-|f1f5563988	1035	Enoch	enoch
bookIntro.summary|-|f1f5563988	234	Paul	paul-of-tarsus
bookIntro.summary|-|f1f5563988	677	Enoch	enoch
bookIntro.summary|-|f1f5563988	900	Jerome	jerome
bookIntro.summary|-|f2a616d585	176	Zerubbabel	zerubbabel
bookIntro.summary|-|f313e2fbc2	285	Job	job
bookIntro.summary|-|f313e2fbc2	39	Job	job
bookIntro.summary|-|f4f4ea0829	120	Onesimus	onesimus
bookIntro.summary|-|f4f4ea0829	152	Paul	paul-of-tarsus
bookIntro.summary|-|f4f4ea0829	22	Onesimus	onesimus
bookIntro.summary|-|f4f4ea0829	241	Philemon	philemon
bookIntro.summary|-|f4f4ea0829	290	Paul	paul-of-tarsus
bookIntro.summary|-|f4f4ea0829	374	Philemon	philemon
bookIntro.summary|-|f4f4ea0829	396	Paul	paul-of-tarsus
bookIntro.summary|-|f4f4ea0829	429	Philemon	philemon
bookIntro.summary|-|f4f4ea0829	451	Paul	paul-of-tarsus
bookIntro.summary|-|f5eceacdd2	275	Moses	moses
bookIntro.summary|-|f82f766623	0	Solomon	solomon
bookIntro.summary|-|f82f766623	115	Rehoboam	rehoboam
bookIntro.summary|-|fe76d4f2e3	278	Elijah	elijah
bookIntro.whyWritten|-|01cc5e9939	148	Paul	paul-of-tarsus
bookIntro.whyWritten|-|01cc5e9939	178	Paul	paul-of-tarsus
bookIntro.whyWritten|-|01cc5e9939	198	Onesimus	onesimus
bookIntro.whyWritten|-|01cc5e9939	226	Philemon	philemon
bookIntro.whyWritten|-|01cc5e9939	338	Paul	paul-of-tarsus
bookIntro.whyWritten|-|01cc5e9939	36	Onesimus	onesimus
bookIntro.whyWritten|-|01cc5e9939	373	Onesimus	onesimus
bookIntro.whyWritten|-|01cc5e9939	98	Philemon	philemon
bookIntro.whyWritten|-|07e58d26be	2	John	john-the-baptist
bookIntro.whyWritten|-|07e58d26be	226	Diotrephes	diotrephes
bookIntro.whyWritten|-|07e58d26be	420	Diotrephes	diotrephes
bookIntro.whyWritten|-|0a0939d091	1033	Peter	simon-peter
bookIntro.whyWritten|-|0a0939d091	1058	Stephen	stephen-the-martyr
bookIntro.whyWritten|-|0a0939d091	1112	Jesus	jesus-of-nazareth
bookIntro.whyWritten|-|0a0939d091	1242	Jesus	jesus-of-nazareth
bookIntro.whyWritten|-|0a0939d091	28	Moses	moses
bookIntro.whyWritten|-|0a0939d091	500	Moses	moses
bookIntro.whyWritten|-|0a0939d091	769	Moses	moses
bookIntro.whyWritten|-|0a0939d091	879	Moses	moses
bookIntro.whyWritten|-|1daa9f0d34	0	Joshua	joshua
bookIntro.whyWritten|-|1daa9f0d34	56	Joshua	joshua
bookIntro.whyWritten|-|1daa9f0d34	82	Moses	moses
bookIntro.whyWritten|-|1f3d4907ef	229	Jacob	jacob
bookIntro.whyWritten|-|1f3d4907ef	63	Esau	esau
bookIntro.whyWritten|-|21460e05a1	136	the Holy Spirit	holy-spirit
bookIntro.whyWritten|-|21460e05a1	204	Jesus	jesus-of-nazareth
bookIntro.whyWritten|-|21460e05a1	34	Luke	luke-evangelist
bookIntro.whyWritten|-|21460e05a1	79	Jesus	jesus-of-nazareth
bookIntro.whyWritten|-|2c896f21b1	2	Peter	simon-peter
bookIntro.whyWritten|-|2c896f21b1	270	Peter	simon-peter
bookIntro.whyWritten|-|2f9fd0fbcd	153	Paul	paul-of-tarsus
bookIntro.whyWritten|-|2f9fd0fbcd	177	Timothy	timothy
bookIntro.whyWritten|-|2f9fd0fbcd	407	Timothy	timothy
bookIntro.whyWritten|-|2f9fd0fbcd	59	Paul	paul-of-tarsus
bookIntro.whyWritten|-|2fedc04fc3	529	Jesus Christ	jesus-of-nazareth
bookIntro.whyWritten|-|2fedc04fc3	573	Peter	simon-peter
bookIntro.whyWritten|-|2fedc04fc3	593	David	david
bookIntro.whyWritten|-|2fedc04fc3	696	Jesus	jesus-of-nazareth
bookIntro.whyWritten|-|3097d920b0	0	Ruth	ruth
bookIntro.whyWritten|-|3097d920b0	138	David	david
bookIntro.whyWritten|-|314947864a	108	Paul	paul-of-tarsus
bookIntro.whyWritten|-|314947864a	154	Epaphroditus	epaphroditus
bookIntro.whyWritten|-|314947864a	172	Paul	paul-of-tarsus
bookIntro.whyWritten|-|34cf18a4fc	0	Job	job
bookIntro.whyWritten|-|34cf18a4fc	256	Job	job
bookIntro.whyWritten|-|34cf18a4fc	334	Job	job
bookIntro.whyWritten|-|3c10d8265f	137	Peter	simon-peter
bookIntro.whyWritten|-|3c10d8265f	2	Peter	simon-peter
bookIntro.whyWritten|-|4322872fd3	329	Abraham	abraham
bookIntro.whyWritten|-|4322872fd3	338	Isaac	isaac
bookIntro.whyWritten|-|4322872fd3	349	Jacob	jacob
bookIntro.whyWritten|-|4d2241f95c	337	Jehoiachin	jeconiah
bookIntro.whyWritten|-|4e6d1e1d7a	143	Paul	paul-of-tarsus
bookIntro.whyWritten|-|4e6d1e1d7a	32	Timothy	timothy
bookIntro.whyWritten|-|4e6d1e1d7a	46	Paul	paul-of-tarsus
bookIntro.whyWritten|-|4ef00b787b	137	Paul	paul-of-tarsus
bookIntro.whyWritten|-|4ef00b787b	15	Paul	paul-of-tarsus
bookIntro.whyWritten|-|5002788c4d	0	Ezra	ezra
bookIntro.whyWritten|-|5dad93bccd	0	Luke	luke-evangelist
bookIntro.whyWritten|-|5dad93bccd	136	Theophilus	theophilus
bookIntro.whyWritten|-|5dad93bccd	218	Jesus	jesus-of-nazareth
bookIntro.whyWritten|-|5dad93bccd	347	the Holy Spirit	holy-spirit
bookIntro.whyWritten|-|61791b4897	0	Paul	paul-of-tarsus
bookIntro.whyWritten|-|66b60cb0f6	0	Paul	paul-of-tarsus
bookIntro.whyWritten|-|66b60cb0f6	123	Titus	titus
bookIntro.whyWritten|-|66b60cb0f6	14	Titus	titus
bookIntro.whyWritten|-|66b60cb0f6	232	Paul	paul-of-tarsus
bookIntro.whyWritten|-|66b60cb0f6	381	Timothy	timothy
bookIntro.whyWritten|-|72bb27554a	262	Elijah	elijah
bookIntro.whyWritten|-|72bb27554a	30	Solomon	solomon
bookIntro.whyWritten|-|7484752c22	349	Zerubbabel	zerubbabel
bookIntro.whyWritten|-|7484752c22	364	Joshua	joshua
bookIntro.whyWritten|-|79e88f8f30	0	John	john-the-baptist
bookIntro.whyWritten|-|79e88f8f30	100	Jesus	jesus-of-nazareth
bookIntro.whyWritten|-|79e88f8f30	239	Jesus	jesus-of-nazareth
bookIntro.whyWritten|-|79e88f8f30	431	Jesus	jesus-of-nazareth
bookIntro.whyWritten|-|7a96009d39	284	Paul	paul-of-tarsus
bookIntro.whyWritten|-|7a96009d39	8	Paul	paul-of-tarsus
bookIntro.whyWritten|-|7a96009d39	86	Paul	paul-of-tarsus
bookIntro.whyWritten|-|86df255db9	117	David	david
bookIntro.whyWritten|-|86df255db9	2	Samuel	samuel
bookIntro.whyWritten|-|86df255db9	273	Saul	saul-king-of-israel
bookIntro.whyWritten|-|86df255db9	299	David	david
bookIntro.whyWritten|-|86df255db9	89	Samuel	samuel
bookIntro.whyWritten|-|86df255db9	97	Saul	saul-king-of-israel
bookIntro.whyWritten|-|873dce75b3	13	Zechariah	zechariah-father-of-john-baptist
bookIntro.whyWritten|-|9d044786a9	575	Jesus	jesus-of-nazareth
bookIntro.whyWritten|-|9ee0a0ed60	0	Daniel	daniel
bookIntro.whyWritten|-|a35f085ea1	0	Jeremiah	jeremiah
bookIntro.whyWritten|-|b0c9b35313	0	Ezekiel	ezekiel
bookIntro.whyWritten|-|b3fcdb5940	0	James	james-son-of-zebedee
bookIntro.whyWritten|-|b472c0bc2f	222	John	john-the-baptist
bookIntro.whyWritten|-|bdd49a55bf	0	Paul	paul-of-tarsus
bookIntro.whyWritten|-|bdd49a55bf	139	Timothy	timothy
bookIntro.whyWritten|-|bdd49a55bf	224	Timothy	timothy
bookIntro.whyWritten|-|beb7c1ff0a	274	Jesus	jesus-of-nazareth
bookIntro.whyWritten|-|beb7c1ff0a	378	Jesus	jesus-of-nazareth
bookIntro.whyWritten|-|beb7c1ff0a	65	Jesus	jesus-of-nazareth
bookIntro.whyWritten|-|d078a17549	1033	Mary	mary-mother-of-jesus
bookIntro.whyWritten|-|d078a17549	1090	David	david
bookIntro.whyWritten|-|d078a17549	1156	Peter	simon-peter
bookIntro.whyWritten|-|d078a17549	1216	David	david
bookIntro.whyWritten|-|d078a17549	1263	Paul	paul-of-tarsus
bookIntro.whyWritten|-|d078a17549	1330	David	david
bookIntro.whyWritten|-|d078a17549	169	David	david
bookIntro.whyWritten|-|d078a17549	2	Samuel	samuel
bookIntro.whyWritten|-|d078a17549	25	David	david
bookIntro.whyWritten|-|d078a17549	270	David	david
bookIntro.whyWritten|-|d078a17549	386	David	david
bookIntro.whyWritten|-|d078a17549	680	David	david
bookIntro.whyWritten|-|d078a17549	885	David	david
bookIntro.whyWritten|-|d078a17549	988	Jesus	jesus-of-nazareth
bookIntro.whyWritten|-|db348f1776	460	Elijah	elijah
bookIntro.whyWritten|-|def3e30c1b	0	Nehemiah	nehemiah
bookIntro.whyWritten|-|dfcb0d5bec	0	Mark	john-mark
bookIntro.whyWritten|-|dfcb0d5bec	204	Jesus	jesus-of-nazareth
bookIntro.whyWritten|-|dfcb0d5bec	41	Jesus Christ	jesus-of-nazareth
bookIntro.whyWritten|-|e05610032b	0	Esther	esther
bookIntro.whyWritten|-|e267593381	33	Solomon	solomon
bookIntro.whyWritten|-|e52dd7ff96	192	Josiah	josiah
bookIntro.whyWritten|-|e56731a2d1	1121	Bathsheba	bathsheba
bookIntro.whyWritten|-|e56731a2d1	1197	Samuel	samuel
bookIntro.whyWritten|-|e56731a2d1	1248	David	david
bookIntro.whyWritten|-|e56731a2d1	1426	David	david
bookIntro.whyWritten|-|e56731a2d1	252	David	david
bookIntro.whyWritten|-|e56731a2d1	41	Adam	adam
bookIntro.whyWritten|-|e56731a2d1	459	David	david
bookIntro.whyWritten|-|e56731a2d1	54	David	david
bookIntro.whyWritten|-|e56731a2d1	644	David	david
bookIntro.whyWritten|-|e56731a2d1	755	David	david
bookIntro.whyWritten|-|e56731a2d1	887	David	david
bookIntro.whyWritten|-|e56731a2d1	998	David	david
bookIntro.whyWritten|-|ee95703987	205	Jesus	jesus-of-nazareth
bookIntro.whyWritten|-|ee95703987	268	Moses	moses
bookIntro.whyWritten|-|ef34e99b74	0	Isaiah	isaiah
bookIntro.whyWritten|-|f2c11d4fa0	0	Paul	paul-of-tarsus
bookIntro.whyWritten|-|f2c11d4fa0	469	Paul	paul-of-tarsus
bookIntro.whyWritten|-|f6533da446	250	Paul	paul-of-tarsus
bookIntro.whyWritten|-|f92c4bae7f	0	Paul	paul-of-tarsus
bookIntro.whyWritten|-|f92c4bae7f	292	Paul	paul-of-tarsus
bookIntro.whyWritten|-|f9842b030c	149	Jesus	jesus-of-nazareth
bookIntro.whyWritten|-|f9842b030c	2	John	john-the-baptist
bookIntro.whyWritten|-|f9842b030c	240	John	john-the-baptist
bookIntro.whyWritten|-|f9c5d1dc4b	353	Jesus Christ	jesus-of-nazareth
bookIntro.whyWritten|-|f9c5d1dc4b	421	John	john-the-baptist
location.archaeology.note|antioch-pisidia|6bfdd2a9e6	249	Paul	paul-of-tarsus
location.archaeology.note|antioch-pisidia|6bfdd2a9e6	41	Augustus	caesar-augustus
location.archaeology.note|antioch-syria|9eb400dd91	341	Peter	simon-peter
location.archaeology.note|athens|7d737739c4	110	Paul	paul-of-tarsus
location.archaeology.note|athens|7d737739c4	345	Paul	paul-of-tarsus
location.archaeology.note|athens|7d737739c4	518	Paul	paul-of-tarsus
location.archaeology.note|berea|594e863071	212	Paul	paul-of-tarsus
location.archaeology.note|berea|594e863071	268	Paul	paul-of-tarsus
location.archaeology.note|bethany|5f255cd7f2	321	Lazarus	lazarus-of-bethany
location.archaeology.note|bethlehem|ff50993e30	210	Jesus	jesus-of-nazareth
location.archaeology.note|cana|d4b8d7e474	372	Jesus	jesus-of-nazareth
location.archaeology.note|capernaum|383f9c6795	220	Jesus	jesus-of-nazareth
location.archaeology.note|capernaum|383f9c6795	498	Peter	simon-peter
location.archaeology.note|cilicia|921e160cc1	297	Paul	paul-of-tarsus
location.archaeology.note|corinth|c469c3d2f3	478	Paul	paul-of-tarsus
location.archaeology.note|corinth|c469c3d2f3	512	Gallio	gallio
location.archaeology.note|corinth|c469c3d2f3	578	Gallio	gallio
location.archaeology.note|crete|f1b4820236	56	Titus	titus
location.archaeology.note|cyprus|f36d683586	26	Paul	paul-of-tarsus
location.archaeology.note|cyprus|f36d683586	326	Paul	paul-of-tarsus
location.archaeology.note|cyprus|f36d683586	35	Barnabas	barnabas
location.archaeology.note|cyprus|f36d683586	485	Paul	paul-of-tarsus
location.archaeology.note|cyprus|f36d683586	96	Sergius Paulus	sergius-paulus
location.archaeology.note|damascus|90ae9b1f85	365	Paul	paul-of-tarsus
location.archaeology.note|damascus|90ae9b1f85	476	Paul	paul-of-tarsus
location.archaeology.note|derbe|4ce47af970	59	Michael	michael-archangel
location.archaeology.note|galilee|7b6714ff4d	338	Jesus	jesus-of-nazareth
location.archaeology.note|galilee|7b6714ff4d	444	Peter	simon-peter
location.archaeology.note|galilee|7b6714ff4d	454	Andrew	andrew-apostle
location.archaeology.note|galilee|7b6714ff4d	516	Jesus	jesus-of-nazareth
location.archaeology.note|galilee|7b6714ff4d	93	Jesus	jesus-of-nazareth
location.archaeology.note|hebron|64dcdbe7a9	159	Herod the Great	herod-the-great
location.archaeology.note|iconium|6e7fbfb3c0	265	Paul	paul-of-tarsus
location.archaeology.note|jerusalem|536a019423	158	John	john-the-baptist
location.archaeology.note|jerusalem|536a019423	177	Jesus	jesus-of-nazareth
location.archaeology.note|jerusalem|536a019423	545	Jesus	jesus-of-nazareth
location.archaeology.note|jordan-river|2341c30c0c	195	Jesus	jesus-of-nazareth
location.archaeology.note|jordan-river|2341c30c0c	214	John the Baptist	john-the-baptist
location.archaeology.note|judea|e58bc75055	194	Jesus	jesus-of-nazareth
location.archaeology.note|judea|e58bc75055	301	Herod the Great	herod-the-great
location.archaeology.note|lystra|0b11ffd4d2	118	Felix	antonius-felix
location.archaeology.note|malta|3b297ee4ae	306	Paul	paul-of-tarsus
location.archaeology.note|mount-nebo|2221c3f64e	23	Moses	moses
location.archaeology.note|nazareth|5733b27bc4	301	Jesus	jesus-of-nazareth
location.archaeology.note|patmos|d15d61065f	141	John	john-the-baptist
location.archaeology.note|patmos|d15d61065f	294	John	john-the-baptist
location.archaeology.note|pergamum|442ec689a4	330	Satan	satan
location.archaeology.note|philippi|49586a9916	139	Luke	luke-evangelist
location.archaeology.note|philippi|49586a9916	294	Philip	philip-the-apostle
location.archaeology.note|philippi|49586a9916	429	Paul	paul-of-tarsus
location.archaeology.note|philippi|49586a9916	438	Silas	silas
location.archaeology.note|philippi|49586a9916	548	Paul	paul-of-tarsus
location.archaeology.note|rome|8a361df58b	165	Peter	simon-peter
location.archaeology.note|rome|8a361df58b	175	Paul	paul-of-tarsus
location.archaeology.note|samaria|d3c50dcc9f	179	Augustus	caesar-augustus
location.archaeology.note|samaria|d3c50dcc9f	79	Herod the Great	herod-the-great
location.archaeology.note|sea-of-galilee|d3c548bfb4	105	Jesus	jesus-of-nazareth
location.archaeology.note|sea-of-galilee|d3c548bfb4	544	Jesus	jesus-of-nazareth
location.archaeology.note|sychar|26ea8e7f47	0	Jacob	jacob
location.archaeology.note|tarsus|385025d3d8	552	Paul	paul-of-tarsus
location.archaeology.note|tarsus|385025d3d8	73	Mark Antony	mark-antony
location.archaeology.note|thessalonica|5524b551b4	208	Paul	paul-of-tarsus
location.archaeology.note|thessalonica|5524b551b4	485	Luke	luke-evangelist
location.archaeology.note|thessalonica|5524b551b4	630	Luke	luke-evangelist
location.archaeology.note|thyatira|0bf5f891bd	382	Lydia	lydia-of-thyatira
location.archaeology.note|troas|01010c942f	204	Paul	paul-of-tarsus
location.archaeology.note|ur|bd454f1f68	281	Abraham	abraham
location.history.founded|antioch-pisidia|9fc1fe8a47	69	Augustus	caesar-augustus
location.history.founded|bethlehem|04ef8a7827	31	Rachel	rachel
location.history.founded|corinth|f695b54407	89	Caesar	tiberius-caesar
location.history.founded|edom|8a0f5f7efb	24	Esau	esau
location.history.founded|edom|8a0f5f7efb	30	Jacob	jacob
location.history.founded|gibeah|0524fc3be5	52	Saul	saul-king-of-israel
location.history.founded|jerusalem|fe9b3c85e8	106	David	david
location.history.founded|judea|29040ea3de	89	Herod Archelaus	herod-archelaus
location.history.founded|philippi|4b9e23651c	18	Philip	philip-the-apostle
location.history.founded|sardis|d6ba55af08	19	Lydia	lydia-of-thyatira
location.history.founded|succoth|113bcde660	943	James	james-son-of-zebedee
location.history.founded|tekoa|3304265a38	76	Rehoboam	rehoboam
location.history.founded|tiberias|894799724e	20	Herod Antipas	herod-antipas
location.history.founded|tiberias|894799724e	76	Tiberius	tiberius-caesar
location.history.industry|gibeah|ed0369a5c7	37	Saul	saul-king-of-israel
location.history.industry|sea-of-galilee|7580348109	45	Peter	simon-peter
location.history.industry|sea-of-galilee|7580348109	52	Andrew	andrew-apostle
location.history.industry|sea-of-galilee|7580348109	60	James	james-son-of-zebedee
location.history.industry|sea-of-galilee|7580348109	71	John	john-the-baptist
location.history.population|gibeon|cd683940ac	13	Joshua	joshua
location.history.population|philippi|91af26ffc5	49	Paul	paul-of-tarsus
location.history.population|sardis|99bcdb37d8	88	Lydia	lydia-of-thyatira
location.history.population|tiberias|40a4bf0169	86	Herod Antipas	herod-antipas
person.controversies|abiud|47b6481733	41	Zerubbabel	zerubbabel
person.controversies|abraham|329fc8f451	180	Sarah	sarah
person.controversies|abraham|c77d7c7fde	141	Sarah	sarah
person.controversies|abraham|c77d7c7fde	272	Hagar	hagar
person.controversies|abraham|c77d7c7fde	40	Sarah	sarah
person.controversies|abraham|c77d7c7fde	56	Hagar	hagar
person.controversies|abraham|c77d7c7fde	90	Hagar	hagar
person.controversies|antonius-felix|1b1eedb16f	399	Paul	paul-of-tarsus
person.controversies|apollos|b10aaff7af	153	Paul	paul-of-tarsus
person.controversies|apollos|b10aaff7af	161	Peter	simon-peter
person.controversies|apollos|b10aaff7af	196	Paul	paul-of-tarsus
person.controversies|barnabas|d4bda19860	184	Paul	paul-of-tarsus
person.controversies|barnabas|d4bda19860	210	Peter	simon-peter
person.controversies|barnabas|d4bda19860	217	Paul	paul-of-tarsus
person.controversies|barnabas|d4bda19860	59	Peter	simon-peter
person.controversies|barnabas|e893a86f21	15	Paul	paul-of-tarsus
person.controversies|barnabas|e893a86f21	42	John Mark	john-mark
person.controversies|bernice|63b1446c1c	73	Titus	titus
person.controversies|bernice|8cf4c7c6ac	49	Agrippa II	herod-agrippa-ii
person.controversies|david|d9f19f17a6	16	Bathsheba	bathsheba
person.controversies|david|d9f19f17a6	180	Nathan	nathan-the-prophet
person.controversies|david|d9f19f17a6	473	Saul	saul-king-of-israel
person.controversies|drusilla|64d0d8d332	82	Felix	antonius-felix
person.controversies|enoch|3237349214	67	Cain	cain
person.controversies|enoch|3237349214	90	Cain	cain
person.controversies|herod-antipas|953154fa7a	132	John	john-the-baptist
person.controversies|herod-antipas|953154fa7a	77	John	john-the-baptist
person.controversies|herod-archelaus|3148538dbd	128	Joseph	joseph-son-of-jacob
person.controversies|herod-the-great|cff9424c63	699	Jesus	jesus-of-nazareth
person.controversies|holy-spirit|8d48e213bd	69	God the Father	god-the-father
person.controversies|holy-spirit|8d48e213bd	88	Jesus	jesus-of-nazareth
person.controversies|holy-spirit|98fbc14212	0	Jesus	jesus-of-nazareth
person.controversies|jacob|66be25f2cf	205	Joseph	joseph-son-of-jacob
person.controversies|jacob|66be25f2cf	22	Rachel	rachel
person.controversies|jacob|66be25f2cf	86	Joseph	joseph-son-of-jacob
person.controversies|jacob|cd946c9ab6	124	Esau	esau
person.controversies|jacob|cd946c9ab6	138	Isaac	isaac
person.controversies|jacob|cd946c9ab6	44	Esau	esau
person.controversies|jeconiah|bb53f6f76e	0	Jeremiah	jeremiah
person.controversies|jeconiah|bb53f6f76e	154	Jesus	jesus-of-nazareth
person.controversies|jeconiah|bb53f6f76e	186	Joseph	joseph-son-of-jacob
person.controversies|jeconiah|bb53f6f76e	80	David	david
person.controversies|jesus-of-nazareth|d10226dd5a	90	Pontius Pilate	pontius-pilate
person.controversies|job|2a955af0d9	624	Noah	noah
person.controversies|job|2a955af0d9	633	Daniel	daniel
person.controversies|john-calvin|2ebb61c1f3	135	Michael	michael-archangel
person.controversies|john-the-apostle|c31e5f3585	170	John	john-the-baptist
person.controversies|john-the-apostle|c31e5f3585	247	Lazarus	lazarus-of-bethany
person.controversies|john-the-apostle|c31e5f3585	35	Jesus	jesus-of-nazareth
person.controversies|john-the-apostle|c31e5f3585	65	John	john-the-baptist
person.controversies|john-the-apostle|ec67afe184	55	John	john-the-baptist
person.controversies|john-the-baptist|ea4e5673ae	206	Antipas	herod-antipas
person.controversies|john-the-baptist|ea4e5673ae	85	Herod Antipas	herod-antipas
person.controversies|joram-king-of-israel|67dc8209a6	152	Elisha	elisha
person.controversies|judas-iscariot|38fe713ee4	134	Luke	luke-evangelist
person.controversies|judas-iscariot|38fe713ee4	143	John	john-the-baptist
person.controversies|judas-iscariot|38fe713ee4	262	Jesus	jesus-of-nazareth
person.controversies|judas-iscariot|38fe713ee4	95	John	john-the-baptist
person.controversies|junia|f85e93af0b	88	John Chrysostom	john-chrysostom
person.controversies|lazarus-of-bethany|12599e5adb	79	Jesus	jesus-of-nazareth
person.controversies|magi|48980da8bb	46	Luke	luke-evangelist
person.controversies|magi|a3f58c0ad7	341	Jeremiah	jeremiah
person.controversies|magi|a3f58c0ad7	352	Rachel	rachel
person.controversies|mary-magdalene|b08616f2bb	163	Jesus	jesus-of-nazareth
person.controversies|mary-magdalene|b08616f2bb	212	Mary of Bethany	mary-of-bethany
person.controversies|mary-magdalene|b08616f2bb	243	Martha	martha-of-bethany
person.controversies|mary-magdalene|b08616f2bb	254	Lazarus	lazarus-of-bethany
person.controversies|mary-magdalene|b08616f2bb	476	Pope Gregory I	gregory-the-great
person.controversies|mary-magdalene|b08616f2bb	963	Mary of Bethany	mary-of-bethany
person.controversies|mary-of-bethany|1ca00ac256	94	Mary Magdalene	mary-magdalene
person.controversies|matthew-levi|7964b68d7f	243	Mark	john-mark
person.controversies|paul-of-tarsus|3a2a2f45bd	26	Peter	simon-peter
person.controversies|paul-of-tarsus|f8a540fa00	184	Philemon	philemon
person.controversies|pharisees|6b415e2ca7	249	Jesus	jesus-of-nazareth
person.controversies|pharisees|c49103835c	143	Jesus	jesus-of-nazareth
person.controversies|pharisees|c49103835c	570	Nicodemus	nicodemus
person.controversies|pharisees|c49103835c	581	Gamaliel	gamaliel
person.controversies|pharisees|c49103835c	591	Paul	paul-of-tarsus
person.controversies|philip-the-evangelist|cba3ebee7a	98	Philip the Apostle	philip-the-apostle
person.controversies|pontius-pilate|915eeeb725	94	Jesus	jesus-of-nazareth
person.controversies|pope-john-paul-ii|fdc3737c13	89	John	john-the-baptist
person.controversies|pope-john-paul-ii|fdc3737c13	94	Paul	paul-of-tarsus
person.controversies|rebekah|2ca920ceb6	124	Esau	esau
person.controversies|rebekah|2ca920ceb6	280	Jacob	jacob
person.controversies|rebekah|2ca920ceb6	41	Isaac	isaac
person.controversies|rebekah|2ca920ceb6	90	Jacob	jacob
person.controversies|salmon-father-of-boaz|be0036d9a6	19	Rahab	rahab
person.controversies|salmon-father-of-boaz|be0036d9a6	190	David	david
person.controversies|salmon-father-of-boaz|be0036d9a6	55	Rahab	rahab
person.controversies|samson|0ba738f9fa	372	Deborah	deborah
person.controversies|samson|0ba738f9fa	384	Gideon	gideon
person.controversies|sarah|bdbe0d2043	104	Abraham	abraham
person.controversies|sarah|bdbe0d2043	118	Hagar	hagar
person.controversies|sarah|bdbe0d2043	27	Hagar	hagar
person.controversies|sarah|bdbe0d2043	45	Hagar	hagar
person.controversies|satan|cf57cfa5ac	119	Job	job
person.controversies|satan|cf57cfa5ac	124	Zechariah	zechariah-father-of-john-baptist
person.controversies|satan|cf57cfa5ac	299	Enoch	enoch
person.controversies|shealtiel|17c9d54c7a	114	Ezra	ezra
person.controversies|shealtiel|17c9d54c7a	128	Zechariah	zechariah-father-of-john-baptist
person.controversies|shealtiel|17c9d54c7a	172	Zerubbabel	zerubbabel
person.controversies|shealtiel|17c9d54c7a	24	Zerubbabel	zerubbabel
person.controversies|simon-peter|78a98ba86c	0	Paul	paul-of-tarsus
person.controversies|simon-peter|78a98ba86c	159	James	james-son-of-zebedee
person.controversies|simon-peter|ac0d1151d5	21	Jesus	jesus-of-nazareth
person.controversies|stephen-the-martyr|ab8b7cd54a	188	Paul	paul-of-tarsus
person.controversies|stephen-the-martyr|ab8b7cd54a	46	Saul of Tarsus	paul-of-tarsus
person.controversies|theophilus|dfb8cd3238	262	Luke	luke-evangelist
person.extraBib.source|aquila|e8a5f31625	19	Claudius	claudius-caesar
person.extraBib.source|benedict-of-nursia|6ff557987d	0	Gregory the Great	gregory-the-great
person.extraBib.source|james-brother-of-jesus|1e2252382b	0	Eusebius of Caesarea	eusebius-of-caesarea
person.extraBib.source|lysanias|240b95af0a	41	Augustus	caesar-augustus
person.extraBib.source|nero-caesar|65815b6ad3	0	Eusebius of Caesarea	eusebius-of-caesarea
person.extraBib.source|nicodemus|cbf870d6c6	49	Pilate	pontius-pilate
person.extraBib.source|satan|b7adac9c97	2	Enoch	enoch
person.extraBib.source|simon-peter|65815b6ad3	0	Eusebius of Caesarea	eusebius-of-caesarea
person.extraBib.summary|abraham|c3cf950927	250	Sarah	sarah
person.extraBib.summary|abraham|c3cf950927	260	Hagar	hagar
person.extraBib.summary|ananias-the-high-priest|3024dcfb70	19	Ananias	ananias-and-sapphira
person.extraBib.summary|aquila|e934429e21	35	Claudius	claudius-caesar
person.extraBib.summary|bernice|71037615b5	65	Agrippa II	herod-agrippa-ii
person.extraBib.summary|bernice|8a64417f7f	123	Titus	titus
person.extraBib.summary|bernice|8a64417f7f	52	Titus	titus
person.extraBib.summary|caiaphas|5fb9ac3505	67	Joseph	joseph-son-of-jacob
person.extraBib.summary|caiaphas|f71df8a325	246	Joseph	joseph-son-of-jacob
person.extraBib.summary|caiaphas|f71df8a325	333	Joseph	joseph-son-of-jacob
person.extraBib.summary|caiaphas|f71df8a325	54	Joseph	joseph-son-of-jacob
person.extraBib.summary|claudius-caesar|e67501b463	106	Tiberius	tiberius-caesar
person.extraBib.summary|drusilla|fbd77e2b80	54	Felix	antonius-felix
person.extraBib.summary|drusilla|fbd77e2b80	75	Felix	antonius-felix
person.extraBib.summary|gallio|d9cfd4d502	182	Claudius	claudius-caesar
person.extraBib.summary|gallio|d9cfd4d502	58	Claudius	claudius-caesar
person.extraBib.summary|hagar|7d83de9af8	260	Sarah	sarah
person.extraBib.summary|hagar|7d83de9af8	294	Abraham	abraham
person.extraBib.summary|hagar|7d83de9af8	325	Sarah	sarah
person.extraBib.summary|herod-antipas|d514eeb55c	127	John the Baptist	john-the-baptist
person.extraBib.summary|herod-antipas|d514eeb55c	212	John	john-the-baptist
person.extraBib.summary|herod-archelaus|e78acdff7c	130	Augustus	caesar-augustus
person.extraBib.summary|herod-the-great|bcb0e26f4d	68	Augustus	caesar-augustus
person.extraBib.summary|isaiah|fe7a0f0081	112	Hezekiah	hezekiah
person.extraBib.summary|jacob|d4fddf869c	357	Isaac	isaac
person.extraBib.summary|jacob|d4fddf869c	375	Rachel	rachel
person.extraBib.summary|james-brother-of-jesus|054e290ca8	65	James	james-son-of-zebedee
person.extraBib.summary|james-brother-of-jesus|d2aebf1977	101	Jesus	jesus-of-nazareth
person.extraBib.summary|james-brother-of-jesus|d2aebf1977	77	James	james-son-of-zebedee
person.extraBib.summary|jesus-of-nazareth|22c8c1aaf5	179	Pilate	pontius-pilate
person.extraBib.summary|jesus-of-nazareth|b5c8755f28	172	Tiberius	tiberius-caesar
person.extraBib.summary|jesus-of-nazareth|b5c8755f28	256	Nero	nero-caesar
person.extraBib.summary|jesus-of-nazareth|b86abc04c0	134	James	james-son-of-zebedee
person.extraBib.summary|jesus-of-nazareth|b86abc04c0	153	James	james-son-of-zebedee
person.extraBib.summary|john-mark|4e0d32a4e5	129	Peter	simon-peter
person.extraBib.summary|john-mark|4e0d32a4e5	153	Jesus	jesus-of-nazareth
person.extraBib.summary|john-mark|4e0d32a4e5	64	Peter	simon-peter
person.extraBib.summary|john-the-baptist|69d885cf03	105	Herod Antipas	herod-antipas
person.extraBib.summary|joram-king-of-israel|5434ba1cb7	175	David	david
person.extraBib.summary|lysanias|07df4a257f	169	Augustus	caesar-augustus
person.extraBib.summary|lysanias|07df4a257f	291	Tiberius	tiberius-caesar
person.extraBib.summary|lysanias|24295875e7	120	Agrippa II	herod-agrippa-ii
person.extraBib.summary|lysanias|24295875e7	95	Herod Agrippa I	herod-agrippa-i
person.extraBib.summary|nero-caesar|6eb08fae34	47	Paul	paul-of-tarsus
person.extraBib.summary|nero-caesar|6eb08fae34	71	Peter	simon-peter
person.extraBib.summary|nicodemus|6d1e72b507	110	Pilate	pontius-pilate
person.extraBib.summary|nicodemus|6d1e72b507	182	Jesus	jesus-of-nazareth
person.extraBib.summary|nicodemus|6d1e72b507	89	Jesus	jesus-of-nazareth
person.extraBib.summary|paul-of-tarsus|66bb499591	245	Nero	nero-caesar
person.extraBib.summary|philip-the-tetrarch|80a6728d0c	161	Salome	salome-follower-of-jesus
person.extraBib.summary|philip-the-tetrarch|80a6728d0c	19	Philip	philip-the-apostle
person.extraBib.summary|philip-the-tetrarch|80a6728d0c	322	Agrippa II	herod-agrippa-ii
person.extraBib.summary|pontius-pilate|c091b6f052	14	Nero	nero-caesar
person.extraBib.summary|pontius-pilate|c091b6f052	197	Tiberius	tiberius-caesar
person.extraBib.summary|quirinius|b4cc8d56ab	124	Archelaus	herod-archelaus
person.extraBib.summary|quirinius|b4cc8d56ab	222	Judas	judas-iscariot
person.extraBib.summary|sadducees|a6b893a40b	58	John	john-the-baptist
person.extraBib.summary|simon-peter|78132f7695	116	Nero	nero-caesar
person.extraBib.summary|tiberius-caesar|a9ce842b65	14	Nero	nero-caesar
person.extraBib.summary|tiberius-caesar|a9ce842b65	240	Jesus	jesus-of-nazareth
person.extraBib.summary|tiberius-caesar|ef9482a643	41	Augustus	caesar-augustus
person.lifeStory|aaron|577c802e6e	94	Moses	moses
person.lifeStory|aaron|83a06e219a	37	Moses	moses
person.lifeStory|aaron|9a254fec6a	281	Miriam	miriam
person.lifeStory|aaron|9a254fec6a	303	Moses	moses
person.lifeStory|aaron|9a254fec6a	342	Miriam	miriam
person.lifeStory|aaron|ca43c01f06	153	Moses	moses
person.lifeStory|aaron|ca43c01f06	291	Moses	moses
person.lifeStory|aaron|ca43c01f06	321	Moses	moses
person.lifeStory|aaron|ca43c01f06	98	Moses	moses
person.lifeStory|aaron|d1077cb975	22	Moses	moses
person.lifeStory|aaron|d1077cb975	304	Moses	moses
person.lifeStory|aaron|e2719836eb	60	Moses	moses
person.lifeStory|abel|671d74bc87	429	Jesus	jesus-of-nazareth
person.lifeStory|abel|671d74bc87	98	Jesus	jesus-of-nazareth
person.lifeStory|abel|909065826c	107	Cain	cain
person.lifeStory|abel|909065826c	27	Adam	adam
person.lifeStory|abel|909065826c	36	Eve	eve
person.lifeStory|abel|dc045dce06	0	Cain	cain
person.lifeStory|abel|dc045dce06	190	Cain	cain
person.lifeStory|abel|df28a7c2cb	166	Cain	cain
person.lifeStory|abel|df28a7c2cb	184	Cain	cain
person.lifeStory|abijah-king-of-judah|5b0472918d	224	David	david
person.lifeStory|abijah-king-of-judah|5b0472918d	62	Rehoboam	rehoboam
person.lifeStory|abijah-king-of-judah|eea26758a3	223	Asa	asa
person.lifeStory|abiud|a056a521c0	257	Zerubbabel	zerubbabel
person.lifeStory|abiud|a056a521c0	569	David	david
person.lifeStory|abiud|a056a521c0	59	Zerubbabel	zerubbabel
person.lifeStory|abiud|a056a521c0	96	Jesus	jesus-of-nazareth
person.lifeStory|abraham|102d26205b	103	Sarai	sarah
person.lifeStory|abraham|102d26205b	114	Sarah	sarah
person.lifeStory|abraham|102d26205b	187	Sarah	sarah
person.lifeStory|abraham|102d26205b	259	Isaac	isaac
person.lifeStory|abraham|128e6f7f0e	266	Paul	paul-of-tarsus
person.lifeStory|abraham|5a4c1d8ad3	277	Sarah	sarah
person.lifeStory|abraham|5a4c1d8ad3	467	Isaac	isaac
person.lifeStory|abraham|5a4c1d8ad3	72	Isaac	isaac
person.lifeStory|abraham|5f6052f4ef	141	Hagar	hagar
person.lifeStory|abraham|5f6052f4ef	216	Hagar	hagar
person.lifeStory|abraham|5f6052f4ef	64	Hagar	hagar
person.lifeStory|abraham|5f6052f4ef	8	Sarai	sarah
person.lifeStory|abraham|6d436d42a3	387	Sarai	sarah
person.lifeStory|abraham|6df6f83624	276	Melchizedek	melchizedek
person.lifeStory|abraham|8082b3e334	75	Sarai	sarah
person.lifeStory|abraham|f27f8d1f29	0	Isaac	isaac
person.lifeStory|abraham|f27f8d1f29	103	Sarah	sarah
person.lifeStory|abraham|f27f8d1f29	136	Hagar	hagar
person.lifeStory|achim|97912f91cc	113	Jesus	jesus-of-nazareth
person.lifeStory|achim|97912f91cc	286	Zerubbabel	zerubbabel
person.lifeStory|achim|97912f91cc	300	Joseph	joseph-son-of-jacob
person.lifeStory|achim|97912f91cc	323	Mary	mary-mother-of-jesus
person.lifeStory|achim|97912f91cc	61	Zadok	zadok-in-jesus-genealogy
person.lifeStory|achim|97912f91cc	81	Eliud	eliud
person.lifeStory|adam|8164a9ea96	19	Eve	eve
person.lifeStory|adam|ae19996856	285	Eve	eve
person.lifeStory|adam|ae19996856	32	Eve	eve
person.lifeStory|adam|b83488c159	26	Eve	eve
person.lifeStory|adam|b83488c159	40	Cain	cain
person.lifeStory|adam|b83488c159	54	Abel	abel
person.lifeStory|adam|b83488c159	66	Cain	cain
person.lifeStory|adam|b83488c159	80	Abel	abel
person.lifeStory|adam|b83488c159	86	Eve	eve
person.lifeStory|adam|da5bf4e763	170	Paul	paul-of-tarsus
person.lifeStory|adam|da5bf4e763	403	Paul	paul-of-tarsus
person.lifeStory|adam|da5bf4e763	443	Eve	eve
person.lifeStory|adam|da5bf4e763	481	Timothy	timothy
person.lifeStory|adam|da5bf4e763	552	Enoch	enoch
person.lifeStory|adam|da5bf4e763	73	Luke	luke-evangelist
person.lifeStory|adam|da5bf4e763	97	Jesus	jesus-of-nazareth
person.lifeStory|ahaz|05ec71d6c0	126	Isaiah	isaiah
person.lifeStory|ahaz|05ec71d6c0	249	Isaiah	isaiah
person.lifeStory|aimee-semple-mcpherson|8986e8e7e6	119	Jesus	jesus-of-nazareth
person.lifeStory|amminadab|97c9f47089	116	Perez	perez
person.lifeStory|amminadab|97c9f47089	125	David	david
person.lifeStory|amminadab|97c9f47089	240	Aaron	aaron
person.lifeStory|amminadab|97c9f47089	311	Nahshon	nahshon
person.lifeStory|amminadab|97c9f47089	34	Ram	ram-son-of-hezron
person.lifeStory|amminadab|97c9f47089	423	Aaron	aaron
person.lifeStory|amminadab|97c9f47089	66	Nahshon	nahshon
person.lifeStory|amon-king-of-judah|c07e31fccb	116	Manasseh	manasseh-king-of-judah
person.lifeStory|amon-king-of-judah|c07e31fccb	210	Manasseh	manasseh-king-of-judah
person.lifeStory|amon-king-of-judah|e36ab95a46	153	Josiah	josiah
person.lifeStory|ananias-and-sapphira|14d1e0c7a2	104	Satan	satan
person.lifeStory|ananias-and-sapphira|14d1e0c7a2	142	the Holy Spirit	holy-spirit
person.lifeStory|ananias-and-sapphira|14d1e0c7a2	203	Peter	simon-peter
person.lifeStory|ananias-and-sapphira|14d1e0c7a2	403	Peter	simon-peter
person.lifeStory|ananias-and-sapphira|14d1e0c7a2	48	Peter	simon-peter
person.lifeStory|ananias-and-sapphira|db8caa37bf	189	Peter	simon-peter
person.lifeStory|ananias-and-sapphira|db8caa37bf	88	Peter	simon-peter
person.lifeStory|ananias-of-damascus|8ca24f1082	0	Ananias	ananias-and-sapphira
person.lifeStory|ananias-of-damascus|8ca24f1082	179	Saul	paul-of-tarsus
person.lifeStory|ananias-of-damascus|8ca24f1082	216	Ananias	ananias-and-sapphira
person.lifeStory|ananias-of-damascus|8ca24f1082	238	Saul	paul-of-tarsus
person.lifeStory|ananias-of-damascus|8ca24f1082	300	Ananias	ananias-and-sapphira
person.lifeStory|ananias-of-damascus|8ca24f1082	340	Paul	paul-of-tarsus
person.lifeStory|ananias-of-damascus|8ca24f1082	42	Saul	paul-of-tarsus
person.lifeStory|ananias-of-damascus|8ca24f1082	446	Ananias	ananias-and-sapphira
person.lifeStory|ananias-of-damascus|8ca24f1082	72	Saul	paul-of-tarsus
person.lifeStory|ananias-of-damascus|b47d44ba5a	0	Ananias	ananias-and-sapphira
person.lifeStory|ananias-of-damascus|b47d44ba5a	181	Jesus	jesus-of-nazareth
person.lifeStory|ananias-of-damascus|b47d44ba5a	219	Saul	paul-of-tarsus
person.lifeStory|ananias-of-damascus|b47d44ba5a	313	Ananias	ananias-and-sapphira
person.lifeStory|ananias-of-damascus|b47d44ba5a	330	Saul	paul-of-tarsus
person.lifeStory|ananias-of-damascus|b47d44ba5a	62	Saul	paul-of-tarsus
person.lifeStory|ananias-of-damascus|ceb2de2932	0	Ananias	ananias-and-sapphira
person.lifeStory|ananias-of-damascus|ceb2de2932	199	Ananias	ananias-and-sapphira
person.lifeStory|ananias-of-damascus|ceb2de2932	260	Judas	judas-iscariot
person.lifeStory|ananias-of-damascus|ceb2de2932	297	Saul	paul-of-tarsus
person.lifeStory|ananias-of-damascus|ceb2de2932	364	Ananias	ananias-and-sapphira
person.lifeStory|ananias-of-damascus|ceb2de2932	71	Saul of Tarsus	paul-of-tarsus
person.lifeStory|ananias-the-high-priest|9d09de9d8b	165	Paul	paul-of-tarsus
person.lifeStory|ananias-the-high-priest|9d09de9d8b	190	Felix	antonius-felix
person.lifeStory|ananias-the-high-priest|9d09de9d8b	310	Ananias	ananias-and-sapphira
person.lifeStory|ananias-the-high-priest|9d09de9d8b	5	Paul	paul-of-tarsus
person.lifeStory|ananias-the-high-priest|9d09de9d8b	56	Ananias	ananias-and-sapphira
person.lifeStory|ananias-the-high-priest|9d09de9d8b	647	Paul	paul-of-tarsus
person.lifeStory|ananias-the-high-priest|a37c338de9	0	Ananias	ananias-and-sapphira
person.lifeStory|ananias-the-high-priest|a37c338de9	147	Paul	paul-of-tarsus
person.lifeStory|ananias-the-high-priest|a37c338de9	254	Ananias	ananias-and-sapphira
person.lifeStory|ananias-the-high-priest|a37c338de9	333	Paul	paul-of-tarsus
person.lifeStory|ananias-the-high-priest|a37c338de9	37	Paul	paul-of-tarsus
person.lifeStory|andrew-apostle|603a569f02	224	Jesus	jesus-of-nazareth
person.lifeStory|andrew-apostle|603a569f02	245	Philip	philip-the-apostle
person.lifeStory|andrew-apostle|603a569f02	319	Jesus	jesus-of-nazareth
person.lifeStory|andrew-apostle|603a569f02	400	Peter	simon-peter
person.lifeStory|andrew-apostle|603a569f02	407	James	james-son-of-zebedee
person.lifeStory|andrew-apostle|603a569f02	418	John	john-the-baptist
person.lifeStory|andrew-apostle|603a569f02	443	Jesus	jesus-of-nazareth
person.lifeStory|andrew-apostle|73a47b1fa4	103	Mark	john-mark
person.lifeStory|andrew-apostle|73a47b1fa4	130	Jesus	jesus-of-nazareth
person.lifeStory|andrew-apostle|73a47b1fa4	218	John	john-the-baptist
person.lifeStory|andrew-apostle|73a47b1fa4	23	Simon Peter	simon-peter
person.lifeStory|andrew-apostle|73a47b1fa4	289	John the Baptist	john-the-baptist
person.lifeStory|andrew-apostle|73a47b1fa4	340	Jesus	jesus-of-nazareth
person.lifeStory|andrew-apostle|73a47b1fa4	390	Jesus	jesus-of-nazareth
person.lifeStory|andrew-apostle|73a47b1fa4	545	Jesus	jesus-of-nazareth
person.lifeStory|anna-the-prophetess|49608da0f5	0	Luke	luke-evangelist
person.lifeStory|anna-the-prophetess|cd7e0e9a6b	31	Simeon	simeon-at-the-temple
person.lifeStory|anna-the-prophetess|cd7e0e9a6b	359	Philip	philip-the-apostle
person.lifeStory|anna-the-prophetess|cd7e0e9a6b	62	Jesus	jesus-of-nazareth
person.lifeStory|antonius-felix|319806dd65	268	Drusilla	drusilla
person.lifeStory|antonius-felix|319806dd65	312	Herod Agrippa I	herod-agrippa-i
person.lifeStory|antonius-felix|b48f0a05c2	10	Drusilla	drusilla
person.lifeStory|antonius-felix|b48f0a05c2	34	Paul	paul-of-tarsus
person.lifeStory|antonius-felix|b48f0a05c2	351	Paul	paul-of-tarsus
person.lifeStory|antonius-felix|b48f0a05c2	371	Paul	paul-of-tarsus
person.lifeStory|antonius-felix|b48f0a05c2	443	Porcius Festus	porcius-festus
person.lifeStory|antonius-felix|b48f0a05c2	522	Paul	paul-of-tarsus
person.lifeStory|antonius-felix|b48f0a05c2	95	Paul	paul-of-tarsus
person.lifeStory|antonius-felix|c0b09daf00	192	Paul	paul-of-tarsus
person.lifeStory|antonius-felix|c0b09daf00	247	Paul	paul-of-tarsus
person.lifeStory|antonius-felix|c0b09daf00	5	Paul	paul-of-tarsus
person.lifeStory|apollos|cec918ed42	188	Jesus	jesus-of-nazareth
person.lifeStory|apollos|cec918ed42	231	John	john-the-baptist
person.lifeStory|apollos|cec918ed42	300	Priscilla	priscilla
person.lifeStory|apollos|cec918ed42	314	Aquila	aquila
person.lifeStory|apollos|d7dbb69e49	195	Paul	paul-of-tarsus
person.lifeStory|apollos|d7dbb69e49	203	Cephas	simon-peter
person.lifeStory|apollos|d7dbb69e49	232	Paul	paul-of-tarsus
person.lifeStory|apollos|d7dbb69e49	468	Paul	paul-of-tarsus
person.lifeStory|apollos|f24b402af0	287	Jesus	jesus-of-nazareth
person.lifeStory|aquila|2a61d65ca6	105	Claudius	claudius-caesar
person.lifeStory|aquila|2a61d65ca6	166	Priscilla	priscilla
person.lifeStory|aquila|2a61d65ca6	204	Paul	paul-of-tarsus
person.lifeStory|aquila|67e268cfa8	0	Paul	paul-of-tarsus
person.lifeStory|aquila|67e268cfa8	117	Christ Jesus	jesus-of-nazareth
person.lifeStory|aquila|67e268cfa8	314	Paul	paul-of-tarsus
person.lifeStory|aquila|67e268cfa8	78	Priscilla	priscilla
person.lifeStory|aquila|fcbe21086d	130	Apollos	apollos
person.lifeStory|aquila|fcbe21086d	197	Jesus	jesus-of-nazareth
person.lifeStory|aquila|fcbe21086d	232	John	john-the-baptist
person.lifeStory|aquila|fcbe21086d	250	Priscilla	priscilla
person.lifeStory|aquila|fcbe21086d	29	Paul	paul-of-tarsus
person.lifeStory|asa|5f8f8288f7	91	Zerah	zerah-son-of-judah
person.lifeStory|athanasius-of-alexandria|b2c551fa6c	92	Arius	arius
person.lifeStory|azor|264a0bf004	114	Jesus	jesus-of-nazareth
person.lifeStory|azor|264a0bf004	289	Zerubbabel	zerubbabel
person.lifeStory|azor|264a0bf004	303	Joseph	joseph-son-of-jacob
person.lifeStory|azor|264a0bf004	326	Mary	mary-mother-of-jesus
person.lifeStory|azor|264a0bf004	60	Eliakim	eliakim-son-of-abiud
person.lifeStory|azor|264a0bf004	82	Zadok	zadok-in-jesus-genealogy
person.lifeStory|balaam|f2316cfe6c	242	Jacob	jacob
person.lifeStory|barnabas|5d5bdb8001	139	John Mark	john-mark
person.lifeStory|barnabas|5d5bdb8001	205	Paul	paul-of-tarsus
person.lifeStory|barnabas|5d5bdb8001	309	Mark	john-mark
person.lifeStory|barnabas|5d5bdb8001	330	Paul	paul-of-tarsus
person.lifeStory|barnabas|5d5bdb8001	356	Silas	silas
person.lifeStory|barnabas|5d5bdb8001	379	Paul	paul-of-tarsus
person.lifeStory|barnabas|65b051f010	34	Joseph	joseph-son-of-jacob
person.lifeStory|barnabas|874d7b16d2	261	Paul	paul-of-tarsus
person.lifeStory|barnabas|874d7b16d2	304	Paul	paul-of-tarsus
person.lifeStory|barnabas|874d7b16d2	48	Saul	paul-of-tarsus
person.lifeStory|barnabas|dcba37e25c	25	Saul	paul-of-tarsus
person.lifeStory|barnabas|dcba37e25c	31	Paul	paul-of-tarsus
person.lifeStory|barnabas|dcba37e25c	441	Saul	paul-of-tarsus
person.lifeStory|bartholomew-nathanael|129ab23ab3	190	John	john-the-baptist
person.lifeStory|bartholomew-nathanael|129ab23ab3	314	Jesus	jesus-of-nazareth
person.lifeStory|bartholomew-nathanael|129ab23ab3	323	Philip	philip-the-apostle
person.lifeStory|bartholomew-nathanael|129ab23ab3	514	John	john-the-baptist
person.lifeStory|bartholomew-nathanael|129ab23ab3	95	Philip	philip-the-apostle
person.lifeStory|bartholomew-nathanael|c1ab57ea31	168	Jesus	jesus-of-nazareth
person.lifeStory|bartholomew-nathanael|c1ab57ea31	198	Philip	philip-the-apostle
person.lifeStory|bartholomew-nathanael|c1ab57ea31	24	Philip	philip-the-apostle
person.lifeStory|bartholomew-nathanael|c1ab57ea31	3	John	john-the-baptist
person.lifeStory|bartholomew-nathanael|c1ab57ea31	460	Jesus	jesus-of-nazareth
person.lifeStory|bartholomew-nathanael|c1ab57ea31	75	Jesus of Nazareth	jesus-of-nazareth
person.lifeStory|bathsheba|197adb44f6	12	Nathan	nathan-the-prophet
person.lifeStory|bathsheba|197adb44f6	140	David	david
person.lifeStory|bathsheba|197adb44f6	173	Nathan	nathan-the-prophet
person.lifeStory|bathsheba|197adb44f6	30	David	david
person.lifeStory|bathsheba|197adb44f6	336	David	david
person.lifeStory|bathsheba|197adb44f6	392	David	david
person.lifeStory|bathsheba|197adb44f6	412	Solomon	solomon
person.lifeStory|bathsheba|27675d63d2	0	David	david
person.lifeStory|bathsheba|27675d63d2	266	David	david
person.lifeStory|bathsheba|27675d63d2	426	David	david
person.lifeStory|bathsheba|78b480d832	108	Solomon	solomon
person.lifeStory|bathsheba|78b480d832	302	David	david
person.lifeStory|bathsheba|78b480d832	364	Solomon	solomon
person.lifeStory|bathsheba|78b480d832	398	Solomon	solomon
person.lifeStory|bathsheba|78b480d832	6	Solomon	solomon
person.lifeStory|bathsheba|9035093c30	144	Nathan	nathan-the-prophet
person.lifeStory|bathsheba|9035093c30	178	David	david
person.lifeStory|bathsheba|9035093c30	226	Solomon	solomon
person.lifeStory|bathsheba|9035093c30	281	Nathan	nathan-the-prophet
person.lifeStory|bathsheba|9035093c30	297	Solomon	solomon
person.lifeStory|bathsheba|9035093c30	70	David	david
person.lifeStory|bathsheba|befb09465d	142	David	david
person.lifeStory|bathsheba|befb09465d	224	David	david
person.lifeStory|bathsheba|befb09465d	299	David	david
person.lifeStory|bathsheba|befb09465d	39	Uriah the Hittite	uriah-the-hittite
person.lifeStory|bathsheba|befb09465d	65	David	david
person.lifeStory|benedict-of-nursia|38394e150d	13	Gregory the Great	gregory-the-great
person.lifeStory|bernard-of-clairvaux|79fd998706	226	Mary	mary-mother-of-jesus
person.lifeStory|bernard-of-clairvaux|9661706b5f	220	Peter	simon-peter
person.lifeStory|bernice|663761950d	361	Titus	titus
person.lifeStory|bernice|d481de7222	154	Agrippa II	herod-agrippa-ii
person.lifeStory|bernice|d481de7222	201	Paul	paul-of-tarsus
person.lifeStory|bernice|d481de7222	242	Festus	porcius-festus
person.lifeStory|bernice|d481de7222	28	Herod Agrippa I	herod-agrippa-i
person.lifeStory|bernice|d481de7222	336	Paul	paul-of-tarsus
person.lifeStory|bernice|d481de7222	71	Herod the Great	herod-the-great
person.lifeStory|billy-graham|296f1defa1	315	Martin Luther King	martin-luther-king-jr
person.lifeStory|boaz|0768167222	0	Naomi	naomi
person.lifeStory|boaz|0768167222	245	Ruth	ruth
person.lifeStory|boaz|56b9cd7378	26	Obed	obed
person.lifeStory|boaz|56b9cd7378	277	Jesus	jesus-of-nazareth
person.lifeStory|boaz|56b9cd7378	63	David	david
person.lifeStory|boaz|56b9cd7378	9	Ruth	ruth
person.lifeStory|boaz|a4976fb550	141	Naomi	naomi
person.lifeStory|boaz|a4976fb550	28	Ruth	ruth
person.lifeStory|boaz|abea7c9783	178	Ruth	ruth
person.lifeStory|boaz|abea7c9783	345	Ruth	ruth
person.lifeStory|boaz|b8aab35914	57	Ruth	ruth
person.lifeStory|boaz|d64de96d0e	11	Naomi	naomi
person.lifeStory|boaz|d64de96d0e	273	Naomi	naomi
person.lifeStory|boaz|d64de96d0e	5	Ruth	ruth
person.lifeStory|caesar-augustus|0504338f85	210	Joseph	joseph-son-of-jacob
person.lifeStory|caesar-augustus|0504338f85	234	David	david
person.lifeStory|caesar-augustus|0504338f85	282	Mary	mary-mother-of-jesus
person.lifeStory|caesar-augustus|0504338f85	382	Luke	luke-evangelist
person.lifeStory|caesar-augustus|0504338f85	490	Jesus	jesus-of-nazareth
person.lifeStory|caesar-augustus|65e0b11f3a	131	Caesar	tiberius-caesar
person.lifeStory|caesar-augustus|65e0b11f3a	191	Caesar	tiberius-caesar
person.lifeStory|caesar-augustus|65e0b11f3a	325	Mark Antony	mark-antony
person.lifeStory|caesar-augustus|65e0b11f3a	94	Caesar	tiberius-caesar
person.lifeStory|caiaphas|1c2b20b097	169	Jesus	jesus-of-nazareth
person.lifeStory|caiaphas|1c2b20b097	201	Jesus	jesus-of-nazareth
person.lifeStory|caiaphas|1c2b20b097	283	Jesus	jesus-of-nazareth
person.lifeStory|caiaphas|1c2b20b097	295	Pilate	pontius-pilate
person.lifeStory|caiaphas|1c2b20b097	48	Jesus	jesus-of-nazareth
person.lifeStory|caiaphas|5be5920d59	0	John	john-the-baptist
person.lifeStory|caiaphas|5be5920d59	134	Jesus	jesus-of-nazareth
person.lifeStory|caiaphas|5be5920d59	33	Jesus	jesus-of-nazareth
person.lifeStory|caiaphas|5be5920d59	46	Lazarus	lazarus-of-bethany
person.lifeStory|caiaphas|5be5920d59	466	John	john-the-baptist
person.lifeStory|caiaphas|dea8d6c946	170	Pontius Pilate	pontius-pilate
person.lifeStory|caiaphas|dea8d6c946	196	Pilate	pontius-pilate
person.lifeStory|cain|3760c71f22	132	Abel	abel
person.lifeStory|cain|3760c71f22	81	Abel	abel
person.lifeStory|cain|85cdc6067f	324	Enoch	enoch
person.lifeStory|cain|8a6404ba9c	131	Abel	abel
person.lifeStory|cain|8a6404ba9c	30	Adam	adam
person.lifeStory|cain|8a6404ba9c	39	Eve	eve
person.lifeStory|cain|f98b844294	11	Abel	abel
person.lifeStory|cain|f98b844294	159	Abel	abel
person.lifeStory|caleb|4d2149dd18	108	Joshua	joshua
person.lifeStory|caleb|4d2149dd18	253	Moses	moses
person.lifeStory|caleb|4d2149dd18	405	Joshua	joshua
person.lifeStory|caleb|e4fd6f85d1	209	Joshua	joshua
person.lifeStory|caleb|e4fd6f85d1	82	Moses	moses
person.lifeStory|charles-wesley|4db037d091	6	John	john-the-baptist
person.lifeStory|charles-wesley|52be6c0fd5	209	John	john-the-baptist
person.lifeStory|charles-wesley|52be6c0fd5	69	John	john-the-baptist
person.lifeStory|chloe|6cb0ce5e37	0	Paul	paul-of-tarsus
person.lifeStory|chloe|6cb0ce5e37	338	Paul	paul-of-tarsus
person.lifeStory|claudius-caesar|550cb1bb8e	0	Tiberius	tiberius-caesar
person.lifeStory|claudius-caesar|550cb1bb8e	25	Augustus	caesar-augustus
person.lifeStory|claudius-caesar|f4bb27850d	25	Paul	paul-of-tarsus
person.lifeStory|claudius-caesar|f4bb27850d	34	Aquila	aquila
person.lifeStory|claudius-caesar|f4bb27850d	54	Priscilla	priscilla
person.lifeStory|claudius-caesar|f4bb27850d	598	Jesus	jesus-of-nazareth
person.lifeStory|cleopas|1e0d735d55	134	Jesus	jesus-of-nazareth
person.lifeStory|cleopas|1e0d735d55	160	Jesus	jesus-of-nazareth
person.lifeStory|cleopas|1e0d735d55	355	Jesus	jesus-of-nazareth
person.lifeStory|cleopas|1e0d735d55	410	Jesus	jesus-of-nazareth
person.lifeStory|cornelius-the-centurion|4c0d9e2aee	438	Simon Peter	simon-peter
person.lifeStory|cornelius-the-centurion|539a87ff47	0	Peter	simon-peter
person.lifeStory|cornelius-the-centurion|539a87ff47	229	Jesus	jesus-of-nazareth
person.lifeStory|cornelius-the-centurion|539a87ff47	282	the Holy Spirit	holy-spirit
person.lifeStory|cornelius-the-centurion|539a87ff47	364	Peter	simon-peter
person.lifeStory|cornelius-the-centurion|539a87ff47	489	Peter	simon-peter
person.lifeStory|cornelius-the-centurion|539a87ff47	89	Peter	simon-peter
person.lifeStory|cornelius-the-centurion|7873823b5e	248	Peter	simon-peter
person.lifeStory|cornelius-the-centurion|7873823b5e	58	Peter	simon-peter
person.lifeStory|cornelius-the-centurion|c2e33e2a87	142	Peter	simon-peter
person.lifeStory|crispus|2a39e1e0f7	106	Paul	paul-of-tarsus
person.lifeStory|crispus|2a39e1e0f7	172	Luke	luke-evangelist
person.lifeStory|crispus|2a39e1e0f7	277	Luke	luke-evangelist
person.lifeStory|crispus|2a39e1e0f7	315	Paul	paul-of-tarsus
person.lifeStory|daniel|1aaadda0c9	17	Jesus	jesus-of-nazareth
person.lifeStory|daniel|1aaadda0c9	264	Jesus	jesus-of-nazareth
person.lifeStory|daniel|cdf55f7bc9	188	Azariah	uzziah
person.lifeStory|david|04ac042ff6	109	Nathan	nathan-the-prophet
person.lifeStory|david|09d3723198	187	Saul	saul-king-of-israel
person.lifeStory|david|09d3723198	277	Saul	saul-king-of-israel
person.lifeStory|david|09d3723198	33	Saul	saul-king-of-israel
person.lifeStory|david|09d3723198	433	Saul	saul-king-of-israel
person.lifeStory|david|2dc163d2be	269	Bathsheba	bathsheba
person.lifeStory|david|47796004b4	6	Saul	saul-king-of-israel
person.lifeStory|david|9cdfeeda74	142	Solomon	solomon
person.lifeStory|david|9cdfeeda74	53	Solomon	solomon
person.lifeStory|david|9cdfeeda74	73	Bathsheba	bathsheba
person.lifeStory|david|a6771289c6	263	Bathsheba	bathsheba
person.lifeStory|david|a6771289c6	298	Uriah the Hittite	uriah-the-hittite
person.lifeStory|david|a6771289c6	406	Nathan	nathan-the-prophet
person.lifeStory|david|a88ff0c1f8	26	Jesse	jesse
person.lifeStory|david|a88ff0c1f8	360	Saul	saul-king-of-israel
person.lifeStory|david|a88ff0c1f8	84	Samuel	samuel
person.lifeStory|delilah|59a76740e8	16	Samson	samson
person.lifeStory|delilah|8bd2ee0eb8	306	Samson	samson
person.lifeStory|delilah|8bd2ee0eb8	98	Samson	samson
person.lifeStory|delilah|de233371e8	230	Samson	samson
person.lifeStory|delilah|de233371e8	62	Samson	samson
person.lifeStory|demas|7b7ad9ca87	192	Paul	paul-of-tarsus
person.lifeStory|demas|7b7ad9ca87	247	Paul	paul-of-tarsus
person.lifeStory|demas|7b7ad9ca87	305	Timothy	timothy
person.lifeStory|demas|7b7ad9ca87	314	Paul	paul-of-tarsus
person.lifeStory|demas|7b7ad9ca87	35	Paul	paul-of-tarsus
person.lifeStory|demas|7b7ad9ca87	90	Luke	luke-evangelist
person.lifeStory|demas|7b7ad9ca87	98	Paul	paul-of-tarsus
person.lifeStory|diotrephes|4583fb203e	20	John	john-the-baptist
person.lifeStory|dominic-de-guzman|8d96289e96	245	Thomas Aquinas	thomas-aquinas
person.lifeStory|dorcas-tabitha|052dd95032	13	Peter	simon-peter
person.lifeStory|dorcas-tabitha|052dd95032	219	Luke	luke-evangelist
person.lifeStory|dorcas-tabitha|3eb6de440c	92	Luke	luke-evangelist
person.lifeStory|drusilla|17b4d5198c	154	Felix	antonius-felix
person.lifeStory|drusilla|17b4d5198c	194	Felix	antonius-felix
person.lifeStory|drusilla|17b4d5198c	209	Paul	paul-of-tarsus
person.lifeStory|drusilla|17b4d5198c	247	Christ Jesus	jesus-of-nazareth
person.lifeStory|drusilla|17b4d5198c	264	Paul	paul-of-tarsus
person.lifeStory|drusilla|17b4d5198c	28	Herod Agrippa I	herod-agrippa-i
person.lifeStory|drusilla|17b4d5198c	339	Felix	antonius-felix
person.lifeStory|drusilla|17b4d5198c	400	Paul	paul-of-tarsus
person.lifeStory|eleazar-in-jesus-genealogy|43bb92e24c	122	Jesus	jesus-of-nazareth
person.lifeStory|eleazar-in-jesus-genealogy|43bb92e24c	267	Aaron	aaron
person.lifeStory|eleazar-in-jesus-genealogy|43bb92e24c	482	Joseph	joseph-son-of-jacob
person.lifeStory|eleazar-in-jesus-genealogy|43bb92e24c	68	Eliud	eliud
person.lifeStory|eleazar-in-jesus-genealogy|43bb92e24c	88	Matthan	matthan
person.lifeStory|eliakim-son-of-abiud|d0c40c8ba2	114	Jesus	jesus-of-nazareth
person.lifeStory|eliakim-son-of-abiud|d0c40c8ba2	284	Hezekiah	hezekiah
person.lifeStory|eliakim-son-of-abiud|d0c40c8ba2	335	Josiah	josiah
person.lifeStory|eliakim-son-of-abiud|d0c40c8ba2	63	Abiud	abiud
person.lifeStory|eliakim-son-of-abiud|d0c40c8ba2	83	Azor	azor
person.lifeStory|elijah|0b917d599f	14	Elisha	elisha
person.lifeStory|elijah|0b917d599f	232	Jezebel	jezebel
person.lifeStory|elijah|0b917d599f	393	Jezebel	jezebel
person.lifeStory|elijah|9950361209	305	Jezebel	jezebel
person.lifeStory|elijah|b60de75070	178	Elisha	elisha
person.lifeStory|elijah|b60de75070	347	Enoch	enoch
person.lifeStory|elijah|b60de75070	45	Elisha	elisha
person.lifeStory|elijah|ea9c99a9ec	103	Jezebel	jezebel
person.lifeStory|elijah|f1e70ab2b5	102	Moses	moses
person.lifeStory|elijah|f1e70ab2b5	111	Jesus	jesus-of-nazareth
person.lifeStory|elijah|f1e70ab2b5	136	John the Baptist	john-the-baptist
person.lifeStory|elijah|f1e70ab2b5	235	Jesus	jesus-of-nazareth
person.lifeStory|elisha|2fc8b86893	211	Elijah	elijah
person.lifeStory|elisha|2fc8b86893	272	Elijah	elijah
person.lifeStory|elisha|2fc8b86893	329	Elijah	elijah
person.lifeStory|elisha|2fc8b86893	454	Elijah	elijah
person.lifeStory|elisha|2fc8b86893	47	Elijah	elijah
person.lifeStory|elisha|2fc8b86893	524	Elijah	elijah
person.lifeStory|elisha|75f4392828	381	Jezebel	jezebel
person.lifeStory|eliud|1527f42922	115	Jesus	jesus-of-nazareth
person.lifeStory|eliud|1527f42922	291	Zerubbabel	zerubbabel
person.lifeStory|eliud|1527f42922	305	Joseph	joseph-son-of-jacob
person.lifeStory|eliud|1527f42922	328	Mary	mary-mother-of-jesus
person.lifeStory|eliud|1527f42922	61	Achim	achim
person.lifeStory|eliud|1527f42922	81	Eleazar	eleazar-in-jesus-genealogy
person.lifeStory|elizabeth-mother-of-john-baptist|143684c940	30	Aaron	aaron
person.lifeStory|elizabeth-mother-of-john-baptist|143684c940	59	Zechariah	zechariah-father-of-john-baptist
person.lifeStory|elizabeth-mother-of-john-baptist|143684c940	74	Luke	luke-evangelist
person.lifeStory|elizabeth-mother-of-john-baptist|4b672441a1	133	John	john-the-baptist
person.lifeStory|elizabeth-mother-of-john-baptist|4b672441a1	165	Zechariah	zechariah-father-of-john-baptist
person.lifeStory|elizabeth-mother-of-john-baptist|4b672441a1	3	John	john-the-baptist
person.lifeStory|elizabeth-mother-of-john-baptist|55f02826bd	111	Mary	mary-mother-of-jesus
person.lifeStory|elizabeth-mother-of-john-baptist|55f02826bd	193	the Holy Spirit	holy-spirit
person.lifeStory|elizabeth-mother-of-john-baptist|55f02826bd	236	Mary	mary-mother-of-jesus
person.lifeStory|elizabeth-mother-of-john-baptist|55f02826bd	33	Mary	mary-mother-of-jesus
person.lifeStory|elizabeth-mother-of-john-baptist|55f02826bd	381	Gabriel	gabriel-archangel
person.lifeStory|elizabeth-mother-of-john-baptist|55f02826bd	411	Mary	mary-mother-of-jesus
person.lifeStory|elizabeth-mother-of-john-baptist|55f02826bd	452	Mary	mary-mother-of-jesus
person.lifeStory|elizabeth-mother-of-john-baptist|55f02826bd	497	Mary	mary-mother-of-jesus
person.lifeStory|elizabeth-mother-of-john-baptist|55f02826bd	60	Jesus	jesus-of-nazareth
person.lifeStory|elizabeth-mother-of-john-baptist|9996a393c5	173	Zechariah	zechariah-father-of-john-baptist
person.lifeStory|elizabeth-mother-of-john-baptist|9996a393c5	267	Luke	luke-evangelist
person.lifeStory|elizabeth-mother-of-john-baptist|9996a393c5	6	Zechariah	zechariah-father-of-john-baptist
person.lifeStory|elizabeth-mother-of-john-baptist|9996a393c5	63	Gabriel	gabriel-archangel
person.lifeStory|enoch|5dc360fcde	583	Paul	paul-of-tarsus
person.lifeStory|enoch|5dc360fcde	89	Adam	adam
person.lifeStory|enoch|c3628686c5	77	Noah	noah
person.lifeStory|epaphroditus|3c9202e350	125	Paul	paul-of-tarsus
person.lifeStory|epaphroditus|3c9202e350	235	Paul	paul-of-tarsus
person.lifeStory|epaphroditus|3c9202e350	330	Paul	paul-of-tarsus
person.lifeStory|epaphroditus|3c9202e350	359	Paul	paul-of-tarsus
person.lifeStory|epaphroditus|3c9202e350	37	Paul	paul-of-tarsus
person.lifeStory|epaphroditus|9210058781	0	Paul	paul-of-tarsus
person.lifeStory|epaphroditus|9210058781	227	Paul	paul-of-tarsus
person.lifeStory|erastus-of-corinth|98b9cab93d	131	Paul	paul-of-tarsus
person.lifeStory|erastus-of-corinth|98b9cab93d	247	Paul	paul-of-tarsus
person.lifeStory|erastus-of-corinth|98b9cab93d	26	Paul	paul-of-tarsus
person.lifeStory|erastus-of-corinth|98b9cab93d	83	Timothy	timothy
person.lifeStory|erastus-of-corinth|98b9cab93d	97	Paul	paul-of-tarsus
person.lifeStory|esau|2a246364af	261	Jacob	jacob
person.lifeStory|esau|6f13118c45	135	Jacob	jacob
person.lifeStory|esau|6f13118c45	218	Jacob	jacob
person.lifeStory|esau|6f13118c45	242	Isaac	isaac
person.lifeStory|esau|8433fc8f81	140	Jacob	jacob
person.lifeStory|esau|8433fc8f81	406	Isaac	isaac
person.lifeStory|esau|8433fc8f81	416	Rebekah	rebekah
person.lifeStory|esau|9c50de72df	28	Rebekah	rebekah
person.lifeStory|esau|9c50de72df	40	Jacob	jacob
person.lifeStory|esau|9c50de72df	421	Jacob	jacob
person.lifeStory|esau|9c50de72df	483	Jacob	jacob
person.lifeStory|esau|9c50de72df	87	Isaac	isaac
person.lifeStory|esau|d1cde5428f	150	Jacob	jacob
person.lifeStory|esau|d1cde5428f	279	Isaac	isaac
person.lifeStory|esau|d1cde5428f	301	Jacob	jacob
person.lifeStory|esau|d1cde5428f	354	Rebekah	rebekah
person.lifeStory|esther|18b0fad1cb	3	Mordecai	mordecai
person.lifeStory|esther|18b0fad1cb	311	Mordecai	mordecai
person.lifeStory|esther|2e9b42a241	171	Mordecai	mordecai
person.lifeStory|esther|3a5fb46e0a	123	Mordecai	mordecai
person.lifeStory|esther|3a5fb46e0a	301	Mordecai	mordecai
person.lifeStory|esther|bb93ec85eb	151	Mordecai	mordecai
person.lifeStory|esther|bd0b020be1	291	Mordecai	mordecai
person.lifeStory|ethiopian-eunuch|104bdf1e54	0	Philip	philip-the-apostle
person.lifeStory|ethiopian-eunuch|104bdf1e54	103	Philip	philip-the-apostle
person.lifeStory|ethiopian-eunuch|104bdf1e54	164	Philip	philip-the-apostle
person.lifeStory|ethiopian-eunuch|104bdf1e54	200	Jesus	jesus-of-nazareth
person.lifeStory|ethiopian-eunuch|104bdf1e54	312	Philip	philip-the-apostle
person.lifeStory|ethiopian-eunuch|104bdf1e54	345	Philip	philip-the-apostle
person.lifeStory|ethiopian-eunuch|8e6858ab88	215	Isaiah	isaiah
person.lifeStory|ethiopian-eunuch|8e6858ab88	323	Philip	philip-the-apostle
person.lifeStory|eve|4876c995f9	256	Timothy	timothy
person.lifeStory|eve|4876c995f9	328	Adam	adam
person.lifeStory|eve|4876c995f9	372	Adam	adam
person.lifeStory|eve|4876c995f9	53	Paul	paul-of-tarsus
person.lifeStory|eve|acc0f83cd8	133	Adam	adam
person.lifeStory|eve|acc0f83cd8	139	Adam	adam
person.lifeStory|eve|acc0f83cd8	54	Adam	adam
person.lifeStory|eve|d3abcb9c1f	204	Adam	adam
person.lifeStory|eve|e5453ad661	175	Abel	abel
person.lifeStory|eve|e5453ad661	185	Cain	cain
person.lifeStory|eve|e5453ad661	230	Cain	cain
person.lifeStory|eve|e5453ad661	25	Cain	cain
person.lifeStory|eve|e5453ad661	36	Abel	abel
person.lifeStory|eve|e5453ad661	52	Cain	cain
person.lifeStory|eve|e5453ad661	66	Abel	abel
person.lifeStory|eve|edfe269f7d	396	Adam	adam
person.lifeStory|ezekiel|91456a6e54	66	Isaiah	isaiah
person.lifeStory|ezekiel|91456a6e54	77	Jeremiah	jeremiah
person.lifeStory|ezekiel|a3f282ffca	87	Jehoiachin	jeconiah
person.lifeStory|ezra|2d806bb02c	46	Aaron	aaron
person.lifeStory|ezra|4354ccd064	15	Nehemiah	nehemiah
person.lifeStory|ezra|4354ccd064	411	Nehemiah	nehemiah
person.lifeStory|ezra|4354ccd064	560	Nehemiah	nehemiah
person.lifeStory|gabriel-archangel|2e1044acf3	110	Jesus	jesus-of-nazareth
person.lifeStory|gabriel-archangel|2e1044acf3	131	Zechariah	zechariah-father-of-john-baptist
person.lifeStory|gabriel-archangel|2e1044acf3	173	Elizabeth	elizabeth-mother-of-john-baptist
person.lifeStory|gabriel-archangel|2e1044acf3	36	Luke	luke-evangelist
person.lifeStory|gabriel-archangel|2e1044acf3	374	Zechariah	zechariah-father-of-john-baptist
person.lifeStory|gabriel-archangel|2e1044acf3	565	Mary	mary-mother-of-jesus
person.lifeStory|gabriel-archangel|2e1044acf3	606	Jesus	jesus-of-nazareth
person.lifeStory|gabriel-archangel|2e1044acf3	615	the Holy Spirit	holy-spirit
person.lifeStory|gabriel-archangel|2e1044acf3	782	Daniel	daniel
person.lifeStory|gabriel-archangel|2e1044acf3	89	John the Baptist	john-the-baptist
person.lifeStory|gabriel-archangel|d42d7be54b	25	Daniel	daniel
person.lifeStory|gabriel-archangel|d42d7be54b	263	Daniel	daniel
person.lifeStory|gabriel-archangel|d42d7be54b	81	Daniel	daniel
person.lifeStory|gallio|e0d6068ccc	175	Paul	paul-of-tarsus
person.lifeStory|gallio|e0d6068ccc	48	Paul	paul-of-tarsus
person.lifeStory|gallio|e0d6068ccc	494	Sosthenes	sosthenes
person.lifeStory|gamaliel|4eab95b6bf	69	Jesus	jesus-of-nazareth
person.lifeStory|gamaliel|845bbef87b	290	Paul	paul-of-tarsus
person.lifeStory|gamaliel|845bbef87b	65	Paul	paul-of-tarsus
person.lifeStory|george-whitefield|3f52185f8c	193	Jonathan Edwards	jonathan-edwards
person.lifeStory|george-whitefield|47e1ceb83e	152	John Wesley	john-wesley
person.lifeStory|george-whitefield|a5769221a6	7	John Wesley	john-wesley
person.lifeStory|gideon|11cecafecf	309	Manasseh	manasseh-king-of-judah
person.lifeStory|god-the-father|5e8e525c09	141	Jesus	jesus-of-nazareth
person.lifeStory|god-the-father|5e8e525c09	560	Jesus	jesus-of-nazareth
person.lifeStory|god-the-father|5e8e525c09	716	Paul	paul-of-tarsus
person.lifeStory|god-the-father|8a7775d277	175	Jesus	jesus-of-nazareth
person.lifeStory|god-the-father|8a7775d277	227	Jesus	jesus-of-nazareth
person.lifeStory|god-the-father|8a7775d277	572	Jesus	jesus-of-nazareth
person.lifeStory|god-the-father|8a7775d277	678	the Holy Spirit	holy-spirit
person.lifeStory|hagar|5ab2de580b	294	Paul	paul-of-tarsus
person.lifeStory|hagar|5ab2de580b	420	Sarah	sarah
person.lifeStory|hagar|72fc25e980	137	Abraham	abraham
person.lifeStory|hagar|72fc25e980	24	Sarah	sarah
person.lifeStory|hagar|72fc25e980	42	Sarah	sarah
person.lifeStory|hagar|72fc25e980	6	Isaac	isaac
person.lifeStory|hagar|72fc25e980	81	Abraham	abraham
person.lifeStory|hagar|e4d7d960e1	260	Sarai	sarah
person.lifeStory|hagar|e4d7d960e1	285	Sarai	sarah
person.lifeStory|hagar|e4d7d960e1	297	Abram	abraham
person.lifeStory|hagar|e4d7d960e1	43	Sarai	sarah
person.lifeStory|hagar|e4d7d960e1	463	Sarai	sarah
person.lifeStory|hagar|e4d7d960e1	50	Sarah	sarah
person.lifeStory|hagar|e4d7d960e1	655	Abram	abraham
person.lifeStory|hagar|e4d7d960e1	98	Abram	abraham
person.lifeStory|henry-viii|97d6b2bdd8	274	Thomas	thomas-apostle
person.lifeStory|henry-viii|97d6b2bdd8	290	John	john-the-baptist
person.lifeStory|henry-viii|b3b16aebe7	78	Thomas	thomas-apostle
person.lifeStory|henry-viii|b3b16aebe7	98	Thomas Cranmer	thomas-cranmer
person.lifeStory|herod-agrippa-ii|2e753037ae	26	Herod Agrippa I	herod-agrippa-i
person.lifeStory|herod-agrippa-ii|7bf5cf729b	0	Paul	paul-of-tarsus
person.lifeStory|herod-agrippa-ii|7bf5cf729b	160	Jesus	jesus-of-nazareth
person.lifeStory|herod-agrippa-ii|7bf5cf729b	259	Festus	porcius-festus
person.lifeStory|herod-agrippa-ii|7bf5cf729b	284	Paul	paul-of-tarsus
person.lifeStory|herod-agrippa-ii|7bf5cf729b	470	Paul	paul-of-tarsus
person.lifeStory|herod-agrippa-ii|7bf5cf729b	585	Caesar	tiberius-caesar
person.lifeStory|herod-agrippa-ii|7d49658446	228	Paul	paul-of-tarsus
person.lifeStory|herod-agrippa-ii|7d49658446	304	Bernice	bernice
person.lifeStory|herod-agrippa-ii|7d49658446	36	Festus	porcius-festus
person.lifeStory|herod-agrippa-ii|7d49658446	83	Paul	paul-of-tarsus
person.lifeStory|herod-agrippa-i|2a016f5232	211	Herod the Great	herod-the-great
person.lifeStory|herod-agrippa-i|6c0480432d	192	Peter	simon-peter
person.lifeStory|herod-agrippa-i|6c0480432d	272	Peter	simon-peter
person.lifeStory|herod-agrippa-i|6c0480432d	76	James	james-son-of-zebedee
person.lifeStory|herod-agrippa-i|6c0480432d	98	John	john-the-baptist
person.lifeStory|herod-antipas|9ad5a50162	103	John the Baptist	john-the-baptist
person.lifeStory|herod-antipas|9ad5a50162	221	John	john-the-baptist
person.lifeStory|herod-antipas|9ad5a50162	433	John	john-the-baptist
person.lifeStory|herod-antipas|9ad5a50162	544	John	john-the-baptist
person.lifeStory|herod-antipas|ae9e3f0e4a	6	Herod the Great	herod-the-great
person.lifeStory|herod-antipas|ef8cd7b973	18	Jesus	jesus-of-nazareth
person.lifeStory|herod-antipas|ef8cd7b973	194	Jesus	jesus-of-nazareth
person.lifeStory|herod-antipas|ef8cd7b973	239	Jesus	jesus-of-nazareth
person.lifeStory|herod-antipas|ef8cd7b973	358	Pilate	pontius-pilate
person.lifeStory|herod-antipas|ef8cd7b973	366	Luke	luke-evangelist
person.lifeStory|herod-antipas|ef8cd7b973	392	Pilate	pontius-pilate
person.lifeStory|herod-antipas|ef8cd7b973	56	Pilate	pontius-pilate
person.lifeStory|herod-antipas|ef8cd7b973	64	Pilate	pontius-pilate
person.lifeStory|herod-antipas|ef8cd7b973	79	Jesus	jesus-of-nazareth
person.lifeStory|herod-archelaus|5324342708	114	Herod the Great	herod-the-great
person.lifeStory|herod-archelaus|5324342708	25	Herod the Great	herod-the-great
person.lifeStory|herod-archelaus|5324342708	270	Antipas	herod-antipas
person.lifeStory|herod-archelaus|5324342708	282	Philip	philip-the-apostle
person.lifeStory|herod-archelaus|5324342708	94	Herod Antipas	herod-antipas
person.lifeStory|herod-archelaus|5505c574dc	110	Augustus	caesar-augustus
person.lifeStory|herod-archelaus|5505c574dc	172	Augustus	caesar-augustus
person.lifeStory|herod-archelaus|5505c574dc	220	Augustus	caesar-augustus
person.lifeStory|herod-archelaus|5505c574dc	450	Joseph	joseph-son-of-jacob
person.lifeStory|herod-archelaus|e10a842661	289	Augustus	caesar-augustus
person.lifeStory|herod-archelaus|e10a842661	327	Augustus	caesar-augustus
person.lifeStory|herod-archelaus|e10a842661	532	Pontius Pilate	pontius-pilate
person.lifeStory|herod-the-great|4457b1f648	455	Augustus	caesar-augustus
person.lifeStory|herod-the-great|446df3eb02	255	Joseph	joseph-son-of-jacob
person.lifeStory|herod-the-great|446df3eb02	266	Mary	mary-mother-of-jesus
person.lifeStory|herod-the-great|446df3eb02	311	Jesus	jesus-of-nazareth
person.lifeStory|herod-the-great|446df3eb02	484	Herod Antipas	herod-antipas
person.lifeStory|herod-the-great|446df3eb02	520	John the Baptist	john-the-baptist
person.lifeStory|herod-the-great|446df3eb02	559	Jesus	jesus-of-nazareth
person.lifeStory|herod-the-great|446df3eb02	593	Herod Archelaus	herod-archelaus
person.lifeStory|herod-the-great|446df3eb02	642	Joseph	joseph-son-of-jacob
person.lifeStory|herod-the-great|446df3eb02	95	magi	magi
person.lifeStory|herod-the-great|867241b5d4	294	Mark Antony	mark-antony
person.lifeStory|herod-the-great|867241b5d4	310	Octavian	caesar-augustus
person.lifeStory|herod-the-great|cb21e4ec1c	223	Mark Antony	mark-antony
person.lifeStory|herod-the-great|cb21e4ec1c	238	Octavian	caesar-augustus
person.lifeStory|herod-the-great|cb21e4ec1c	254	Augustus	caesar-augustus
person.lifeStory|herod-the-great|cb21e4ec1c	525	Jesus	jesus-of-nazareth
person.lifeStory|hezekiah|09dc3114ab	98	Ahaz	ahaz
person.lifeStory|hezekiah|16a421911f	246	Ahaz	ahaz
person.lifeStory|hezekiah|16a421911f	409	Isaiah	isaiah
person.lifeStory|hezekiah|16a421911f	43	Isaiah	isaiah
person.lifeStory|hezekiah|455a41ff3f	122	Isaiah	isaiah
person.lifeStory|hezekiah|455a41ff3f	153	Isaiah	isaiah
person.lifeStory|hezekiah|455a41ff3f	347	Isaiah	isaiah
person.lifeStory|hezekiah|4ce2b62969	113	David	david
person.lifeStory|hezekiah|4ce2b62969	223	Manasseh	manasseh-king-of-judah
person.lifeStory|hezekiah|7c9d9de64c	374	Moses	moses
person.lifeStory|hezekiah|85df884005	116	Ahaz	ahaz
person.lifeStory|hezron-son-of-perez|137bfcd295	110	Ram	ram-son-of-hezron
person.lifeStory|hezron-son-of-perez|137bfcd295	161	Boaz	boaz
person.lifeStory|hezron-son-of-perez|137bfcd295	169	David	david
person.lifeStory|hezron-son-of-perez|137bfcd295	360	David	david
person.lifeStory|hezron-son-of-perez|137bfcd295	403	Jesus	jesus-of-nazareth
person.lifeStory|hezron-son-of-perez|137bfcd295	63	Perez	perez
person.lifeStory|holy-spirit|74c3494e23	0	Paul	paul-of-tarsus
person.lifeStory|holy-spirit|74c3494e23	472	Paul	paul-of-tarsus
person.lifeStory|holy-spirit|790b0982c9	108	Mary	mary-mother-of-jesus
person.lifeStory|holy-spirit|790b0982c9	163	Gabriel	gabriel-archangel
person.lifeStory|holy-spirit|790b0982c9	252	Jesus	jesus-of-nazareth
person.lifeStory|holy-spirit|790b0982c9	374	Jesus	jesus-of-nazareth
person.lifeStory|holy-spirit|790b0982c9	41	Jesus	jesus-of-nazareth
person.lifeStory|holy-spirit|790b0982c9	532	Isaiah	isaiah
person.lifeStory|holy-spirit|790b0982c9	84	Luke	luke-evangelist
person.lifeStory|holy-spirit|abd2827b4f	304	Jesus	jesus-of-nazareth
person.lifeStory|holy-spirit|abd2827b4f	657	Peter	simon-peter
person.lifeStory|holy-spirit|abd2827b4f	68	John	john-the-baptist
person.lifeStory|holy-spirit|abd2827b4f	83	Jesus	jesus-of-nazareth
person.lifeStory|holy-spirit|c405d6421d	367	Ezekiel	ezekiel
person.lifeStory|holy-spirit|c405d6421d	51	Isaiah	isaiah
person.lifeStory|holy-spirit|c405d6421d	59	Ezekiel	ezekiel
person.lifeStory|holy-spirit|e014fd0ff0	435	Gideon	gideon
person.lifeStory|holy-spirit|e014fd0ff0	447	Samson	samson
person.lifeStory|holy-spirit|e014fd0ff0	555	Saul	saul-king-of-israel
person.lifeStory|holy-spirit|e014fd0ff0	569	David	david
person.lifeStory|holy-spirit|e014fd0ff0	665	Saul	saul-king-of-israel
person.lifeStory|holy-spirit|e014fd0ff0	686	David	david
person.lifeStory|holy-spirit|eb6938d597	530	Cornelius	cornelius-the-centurion
person.lifeStory|holy-spirit|eb6938d597	570	Peter	simon-peter
person.lifeStory|hoshea-king-of-israel|6a8ebdcf17	53	Joram son of Ahab	joram-king-of-israel
person.lifeStory|ignatius-of-loyola|cf454ad644	125	Jesus	jesus-of-nazareth
person.lifeStory|isaac|02e91ab48e	187	Rebekah	rebekah
person.lifeStory|isaac|02e91ab48e	21	Abraham	abraham
person.lifeStory|isaac|02e91ab48e	6	Sarah	sarah
person.lifeStory|isaac|45d257bf5d	115	Rebekah	rebekah
person.lifeStory|isaac|5ddc6ece27	18	Abraham	abraham
person.lifeStory|isaac|5ddc6ece27	30	Sarah	sarah
person.lifeStory|isaac|5ddc6ece27	41	Abraham	abraham
person.lifeStory|isaac|5ddc6ece27	61	Sarah	sarah
person.lifeStory|isaac|6152d3beba	236	Abraham	abraham
person.lifeStory|isaac|6152d3beba	48	Abraham	abraham
person.lifeStory|isaac|da6ea86e0b	117	Rebekah	rebekah
person.lifeStory|isaac|da6ea86e0b	147	Jacob	jacob
person.lifeStory|isaac|da6ea86e0b	167	Jacob	jacob
person.lifeStory|isaac|da6ea86e0b	248	Esau	esau
person.lifeStory|isaac|da6ea86e0b	272	Jacob	jacob
person.lifeStory|isaac|da6ea86e0b	91	Esau	esau
person.lifeStory|isaiah|227fac81bf	110	Manasseh	manasseh-king-of-judah
person.lifeStory|isaiah|241465c581	84	Uzziah	uzziah
person.lifeStory|isaiah|3dc86921c9	183	Hezekiah	hezekiah
person.lifeStory|isaiah|4d210cec06	111	Jesus	jesus-of-nazareth
person.lifeStory|isaiah|4d210cec06	296	John the Baptist	john-the-baptist
person.lifeStory|isaiah|4d210cec06	314	Jesus	jesus-of-nazareth
person.lifeStory|isaiah|4d210cec06	74	Jesus	jesus-of-nazareth
person.lifeStory|isaiah|64d108250e	109	Hezekiah	hezekiah
person.lifeStory|isaiah|64d108250e	83	Uzziah	uzziah
person.lifeStory|isaiah|64d108250e	91	Jotham	jotham-king-of-judah
person.lifeStory|isaiah|64d108250e	99	Ahaz	ahaz
person.lifeStory|isaiah|716a6fea3f	397	Jesus	jesus-of-nazareth
person.lifeStory|isaiah|716a6fea3f	83	Ahaz	ahaz
person.lifeStory|isaiah|80f3750839	255	Hezekiah	hezekiah
person.lifeStory|isaiah|80f3750839	7	Hezekiah	hezekiah
person.lifeStory|isaiah|f4c49b3172	154	Philip	philip-the-apostle
person.lifeStory|isaiah|f4c49b3172	211	Jesus	jesus-of-nazareth
person.lifeStory|isaiah|f4c49b3172	242	Paul	paul-of-tarsus
person.lifeStory|isaiah|f4c49b3172	56	the Ethiopian eunuch	ethiopian-eunuch
person.lifeStory|jacob-father-of-joseph|f4a93a8a9e	115	Mary	mary-mother-of-jesus
person.lifeStory|jacob-father-of-joseph|f4a93a8a9e	138	Jesus	jesus-of-nazareth
person.lifeStory|jacob-father-of-joseph|f4a93a8a9e	302	Jacob	jacob
person.lifeStory|jacob-father-of-joseph|f4a93a8a9e	337	Isaac	isaac
person.lifeStory|jacob-father-of-joseph|f4a93a8a9e	434	Luke	luke-evangelist
person.lifeStory|jacob-father-of-joseph|f4a93a8a9e	457	Joseph	joseph-son-of-jacob
person.lifeStory|jacob-father-of-joseph|f4a93a8a9e	493	Jacob	jacob
person.lifeStory|jacob-father-of-joseph|f4a93a8a9e	5	Jacob	jacob
person.lifeStory|jacob-father-of-joseph|f4a93a8a9e	599	Matthan	matthan
person.lifeStory|jacob-father-of-joseph|f4a93a8a9e	66	Matthan	matthan
person.lifeStory|jacob-father-of-joseph|f4a93a8a9e	93	Joseph	joseph-son-of-jacob
person.lifeStory|jacob|23c9081ffc	167	Rachel	rachel
person.lifeStory|jacob|23c9081ffc	260	Joseph	joseph-son-of-jacob
person.lifeStory|jacob|23c9081ffc	276	Rachel	rachel
person.lifeStory|jacob|27ac2868c8	151	Leah	leah
person.lifeStory|jacob|27ac2868c8	224	Rachel	rachel
person.lifeStory|jacob|27ac2868c8	293	Leah	leah
person.lifeStory|jacob|27ac2868c8	299	Rachel	rachel
person.lifeStory|jacob|27ac2868c8	93	Rachel	rachel
person.lifeStory|jacob|5e01166310	393	Esau	esau
person.lifeStory|jacob|5e01166310	62	Esau	esau
person.lifeStory|jacob|69c29e8c22	221	Esau	esau
person.lifeStory|jacob|69c29e8c22	284	Isaac	isaac
person.lifeStory|jacob|69c29e8c22	362	Esau	esau
person.lifeStory|jacob|69c29e8c22	70	Esau	esau
person.lifeStory|jacob|834bf1ae9f	211	Abraham	abraham
person.lifeStory|jacob|834bf1ae9f	223	Isaac	isaac
person.lifeStory|jacob|8ebdadc50c	109	Joseph	joseph-son-of-jacob
person.lifeStory|jacob|8ebdadc50c	43	Joseph	joseph-son-of-jacob
person.lifeStory|jacob|bea938f121	246	Esau	esau
person.lifeStory|jacob|bea938f121	295	Isaac	isaac
person.lifeStory|jacob|bea938f121	379	Rebekah	rebekah
person.lifeStory|jacob|bea938f121	53	Esau	esau
person.lifeStory|jacob|fea8a1e781	398	Abraham	abraham
person.lifeStory|jacob|fea8a1e781	407	Sarah	sarah
person.lifeStory|jacob|fea8a1e781	414	Isaac	isaac
person.lifeStory|jacob|fea8a1e781	425	Rebekah	rebekah
person.lifeStory|james-brother-of-jesus|3e1387f0a3	0	James	james-son-of-zebedee
person.lifeStory|james-brother-of-jesus|3e1387f0a3	107	James	james-son-of-zebedee
person.lifeStory|james-brother-of-jesus|3e1387f0a3	121	Judas	judas-iscariot
person.lifeStory|james-brother-of-jesus|3e1387f0a3	132	Simon	simon-peter
person.lifeStory|james-brother-of-jesus|3e1387f0a3	246	John	john-the-baptist
person.lifeStory|james-brother-of-jesus|3e1387f0a3	287	Jesus	jesus-of-nazareth
person.lifeStory|james-brother-of-jesus|3e1387f0a3	375	James	james-son-of-zebedee
person.lifeStory|james-brother-of-jesus|3e1387f0a3	46	Jesus	jesus-of-nazareth
person.lifeStory|james-brother-of-jesus|3e1387f0a3	65	Mark	john-mark
person.lifeStory|james-brother-of-jesus|88bfe4b363	0	James	james-son-of-zebedee
person.lifeStory|james-brother-of-jesus|88bfe4b363	166	James	james-son-of-zebedee
person.lifeStory|james-brother-of-jesus|9a1ab0db7a	112	Jesus	jesus-of-nazareth
person.lifeStory|james-brother-of-jesus|9a1ab0db7a	131	James	james-son-of-zebedee
person.lifeStory|james-brother-of-jesus|9a1ab0db7a	250	James	james-son-of-zebedee
person.lifeStory|james-brother-of-jesus|9a1ab0db7a	291	James	james-son-of-zebedee
person.lifeStory|james-brother-of-jesus|9a1ab0db7a	363	Peter	simon-peter
person.lifeStory|james-brother-of-jesus|9a1ab0db7a	442	James	james-son-of-zebedee
person.lifeStory|james-brother-of-jesus|9a1ab0db7a	467	Paul	paul-of-tarsus
person.lifeStory|james-brother-of-jesus|9a1ab0db7a	518	James	james-son-of-zebedee
person.lifeStory|james-brother-of-jesus|9a1ab0db7a	54	Paul	paul-of-tarsus
person.lifeStory|james-brother-of-jesus|9a1ab0db7a	590	Peter	simon-peter
person.lifeStory|james-brother-of-jesus|9a1ab0db7a	600	John	john-the-baptist
person.lifeStory|james-brother-of-jesus|ae407a5edb	0	James	james-son-of-zebedee
person.lifeStory|james-brother-of-jesus|ae407a5edb	178	Peter	simon-peter
person.lifeStory|james-brother-of-jesus|ae407a5edb	193	Paul	paul-of-tarsus
person.lifeStory|james-brother-of-jesus|ae407a5edb	202	Barnabas	barnabas
person.lifeStory|james-brother-of-jesus|ae407a5edb	224	James	james-son-of-zebedee
person.lifeStory|james-brother-of-jesus|ae407a5edb	428	James	james-son-of-zebedee
person.lifeStory|james-son-of-alphaeus|0340259cfa	149	James	james-son-of-zebedee
person.lifeStory|james-son-of-alphaeus|0340259cfa	196	James, son of Zebedee	james-son-of-zebedee
person.lifeStory|james-son-of-alphaeus|7a99fbfa9a	50	James	james-son-of-zebedee
person.lifeStory|james-son-of-alphaeus|7a99fbfa9a	83	Mary	mary-mother-of-jesus
person.lifeStory|james-son-of-zebedee|2c9eb6ebf6	113	Jesus	jesus-of-nazareth
person.lifeStory|james-son-of-zebedee|2c9eb6ebf6	14	Peter	simon-peter
person.lifeStory|james-son-of-zebedee|2c9eb6ebf6	270	Jesus	jesus-of-nazareth
person.lifeStory|james-son-of-zebedee|2c9eb6ebf6	331	John	john-the-baptist
person.lifeStory|james-son-of-zebedee|2c9eb6ebf6	392	Jesus	jesus-of-nazareth
person.lifeStory|james-son-of-zebedee|7836520e58	176	John	john-the-baptist
person.lifeStory|james-son-of-zebedee|7836520e58	99	Herod Agrippa I	herod-agrippa-i
person.lifeStory|james-son-of-zebedee|820c1f44eb	119	John	john-the-baptist
person.lifeStory|james-son-of-zebedee|820c1f44eb	125	Jesus	jesus-of-nazareth
person.lifeStory|james-son-of-zebedee|820c1f44eb	239	Jesus	jesus-of-nazareth
person.lifeStory|james-son-of-zebedee|820c1f44eb	368	John	john-the-baptist
person.lifeStory|james-son-of-zebedee|820c1f44eb	449	Jesus	jesus-of-nazareth
person.lifeStory|jan-hus|05b10953ee	275	Martin Luther	martin-luther
person.lifeStory|jan-hus|fded18b1a3	229	John Wycliffe	john-wycliffe
person.lifeStory|jeconiah|6aee70212d	12	Jeremiah	jeremiah
person.lifeStory|jeconiah|6aee70212d	156	David	david
person.lifeStory|jeconiah|95f586d99a	292	Jeremiah	jeremiah
person.lifeStory|jeconiah|95f586d99a	381	Jesus	jesus-of-nazareth
person.lifeStory|jeconiah|95f586d99a	395	Joseph	joseph-son-of-jacob
person.lifeStory|jehoshaphat|3697e6ee7e	33	Asa	asa
person.lifeStory|jehoshaphat|a5319e503d	75	Jehoram	joram-king-of-judah
person.lifeStory|jeremiah|aead376c81	88	Josiah	josiah
person.lifeStory|jesse|8d3699ef93	158	Samuel	samuel
person.lifeStory|jesse|8d3699ef93	19	Saul	saul-king-of-israel
person.lifeStory|jesse|8d3699ef93	204	Samuel	samuel
person.lifeStory|jesse|8d3699ef93	260	David	david
person.lifeStory|jesse|8d3699ef93	312	Samuel	samuel
person.lifeStory|jesse|8d3699ef93	328	David	david
person.lifeStory|jesse|8d3699ef93	374	Spirit of the Lord	holy-spirit
person.lifeStory|jesse|8d3699ef93	53	Samuel	samuel
person.lifeStory|jesse|96c50e31f4	100	Ruth	ruth
person.lifeStory|jesse|96c50e31f4	181	David	david
person.lifeStory|jesse|96c50e31f4	70	Obed	obed
person.lifeStory|jesse|96c50e31f4	91	Boaz	boaz
person.lifeStory|jesse|e78fcb5dd1	179	David	david
person.lifeStory|jesse|e78fcb5dd1	240	David	david
person.lifeStory|jesse|e78fcb5dd1	262	Saul	saul-king-of-israel
person.lifeStory|jesse|e78fcb5dd1	36	Saul	saul-king-of-israel
person.lifeStory|jesse|e78fcb5dd1	404	Ruth	ruth
person.lifeStory|jesse|e78fcb5dd1	440	Isaiah	isaiah
person.lifeStory|jesse|e78fcb5dd1	518	David	david
person.lifeStory|jesse|e78fcb5dd1	707	Jesus	jesus-of-nazareth
person.lifeStory|jesse|e78fcb5dd1	98	David	david
person.lifeStory|jesus-of-nazareth|2887dae1a6	238	Luke	luke-evangelist
person.lifeStory|jesus-of-nazareth|2887dae1a6	258	Mary	mary-mother-of-jesus
person.lifeStory|jesus-of-nazareth|2887dae1a6	305	Herod the Great	herod-the-great
person.lifeStory|jesus-of-nazareth|2887dae1a6	449	Luke	luke-evangelist
person.lifeStory|jesus-of-nazareth|2887dae1a6	555	magi	magi
person.lifeStory|jesus-of-nazareth|2887dae1a6	846	Mary	mary-mother-of-jesus
person.lifeStory|jesus-of-nazareth|2887dae1a6	867	Joseph	joseph-son-of-jacob
person.lifeStory|jesus-of-nazareth|59c9d85791	503	Satan	satan
person.lifeStory|jesus-of-nazareth|59c9d85791	76	John the Baptist	john-the-baptist
person.lifeStory|jesus-of-nazareth|70e0fa16a2	354	Lazarus	lazarus-of-bethany
person.lifeStory|jesus-of-nazareth|70e0fa16a2	740	Lazarus	lazarus-of-bethany
person.lifeStory|jesus-of-nazareth|8fd1c218dc	114	Mary Magdalene	mary-magdalene
person.lifeStory|jesus-of-nazareth|8fd1c218dc	193	Paul	paul-of-tarsus
person.lifeStory|jesus-of-nazareth|9ac64525f7	353	Abraham	abraham
person.lifeStory|jesus-of-nazareth|9ac64525f7	767	John	john-the-baptist
person.lifeStory|jesus-of-nazareth|9ed71a00eb	832	Judas Iscariot	judas-iscariot
person.lifeStory|jesus-of-nazareth|b2c806ef85	154	Pontius Pilate	pontius-pilate
person.lifeStory|jesus-of-nazareth|b2c806ef85	390	John	john-the-baptist
person.lifeStory|jesus-of-nazareth|b2c806ef85	876	Joseph of Arimathea	joseph-of-arimathea
person.lifeStory|jezebel|16485c5574	384	Elijah	elijah
person.lifeStory|jezebel|86f6dec43e	371	Elijah	elijah
person.lifeStory|jezebel|915b6cbc43	149	Elijah	elijah
person.lifeStory|jezebel|915b6cbc43	6	Elijah	elijah
person.lifeStory|joanna-follower-of-jesus|1cd9495218	158	Jesus	jesus-of-nazareth
person.lifeStory|joanna-follower-of-jesus|1cd9495218	177	Luke	luke-evangelist
person.lifeStory|joanna-follower-of-jesus|1cd9495218	203	Mary Magdalene	mary-magdalene
person.lifeStory|joanna-follower-of-jesus|1cd9495218	359	Jesus	jesus-of-nazareth
person.lifeStory|joanna-follower-of-jesus|1cd9495218	45	Herod Antipas	herod-antipas
person.lifeStory|joanna-follower-of-jesus|1cd9495218	672	Luke	luke-evangelist
person.lifeStory|job|65d2bf5101	12	the accuser	satan
person.lifeStory|job|d250d353a8	338	the accuser	satan
person.lifeStory|job|d250d353a8	352	satan	satan
person.lifeStory|johannes-gutenberg|f758b8c42f	269	Martin Luther	martin-luther
person.lifeStory|john-calvin|ce5f804f9c	109	John Knox	john-knox
person.lifeStory|john-chrysostom|24d848cfae	55	John	john-the-baptist
person.lifeStory|john-chrysostom|24d848cfae	65	Paul	paul-of-tarsus
person.lifeStory|john-chrysostom|4349a39a2a	17	John	john-the-baptist
person.lifeStory|john-chrysostom|4af16402c3	254	Theophilus	theophilus
person.lifeStory|john-chrysostom|4af16402c3	8	John	john-the-baptist
person.lifeStory|john-chrysostom|66c593cf1b	39	John	john-the-baptist
person.lifeStory|john-knox|095a330749	68	Mary	mary-mother-of-jesus
person.lifeStory|john-knox|bc43602820	439	Elizabeth	elizabeth-mother-of-john-baptist
person.lifeStory|john-knox|bc43602820	57	Mary	mary-mother-of-jesus
person.lifeStory|john-mark|340839fd38	187	Paul	paul-of-tarsus
person.lifeStory|john-mark|340839fd38	196	Barnabas	barnabas
person.lifeStory|john-mark|340839fd38	231	Barnabas	barnabas
person.lifeStory|john-mark|340839fd38	272	Paul	paul-of-tarsus
person.lifeStory|john-mark|340839fd38	376	Barnabas	barnabas
person.lifeStory|john-mark|340839fd38	423	Paul	paul-of-tarsus
person.lifeStory|john-mark|340839fd38	434	Silas	silas
person.lifeStory|john-mark|340839fd38	87	Paul	paul-of-tarsus
person.lifeStory|john-mark|340839fd38	96	Barnabas	barnabas
person.lifeStory|john-mark|7eaf5dc35d	166	Paul	paul-of-tarsus
person.lifeStory|john-mark|7eaf5dc35d	177	Timothy	timothy
person.lifeStory|john-mark|7eaf5dc35d	326	Peter	simon-peter
person.lifeStory|john-mark|7eaf5dc35d	35	Paul	paul-of-tarsus
person.lifeStory|john-mark|7eaf5dc35d	431	Peter	simon-peter
person.lifeStory|john-mark|a7a71baf8e	132	Peter	simon-peter
person.lifeStory|john-mark|a7a71baf8e	18	John	john-the-baptist
person.lifeStory|john-mark|a7a71baf8e	232	Barnabas	barnabas
person.lifeStory|john-mark|a7a71baf8e	302	Barnabas	barnabas
person.lifeStory|john-mark|a7a71baf8e	315	Paul	paul-of-tarsus
person.lifeStory|john-mark|a7a71baf8e	53	Mary	mary-mother-of-jesus
person.lifeStory|john-of-the-cross|26d5ce456b	0	John	john-the-baptist
person.lifeStory|john-of-the-cross|a2fec88b33	0	John	john-the-baptist
person.lifeStory|john-of-the-cross|a2fec88b33	120	Teresa of Ávila	teresa-of-avila
person.lifeStory|john-of-the-cross|e6ca44878c	0	John	john-the-baptist
person.lifeStory|john-the-apostle|236ee1abd9	0	John	john-the-baptist
person.lifeStory|john-the-apostle|236ee1abd9	125	Simon Peter	simon-peter
person.lifeStory|john-the-apostle|236ee1abd9	141	Andrew	andrew-apostle
person.lifeStory|john-the-apostle|236ee1abd9	156	Jesus	jesus-of-nazareth
person.lifeStory|john-the-apostle|236ee1abd9	236	Jesus	jesus-of-nazareth
person.lifeStory|john-the-apostle|236ee1abd9	252	John	john-the-baptist
person.lifeStory|john-the-apostle|236ee1abd9	261	James	james-son-of-zebedee
person.lifeStory|john-the-apostle|236ee1abd9	268	Boanerges	james-son-of-zebedee
person.lifeStory|john-the-apostle|236ee1abd9	488	Jesus	jesus-of-nazareth
person.lifeStory|john-the-apostle|236ee1abd9	98	James	james-son-of-zebedee
person.lifeStory|john-the-apostle|3982d01808	11	Peter	simon-peter
person.lifeStory|john-the-apostle|3982d01808	175	Jesus	jesus-of-nazareth
person.lifeStory|john-the-apostle|3982d01808	21	James	james-son-of-zebedee
person.lifeStory|john-the-apostle|3982d01808	250	Jesus	jesus-of-nazareth
person.lifeStory|john-the-apostle|3982d01808	28	John	john-the-baptist
person.lifeStory|john-the-apostle|3982d01808	329	John	john-the-baptist
person.lifeStory|john-the-apostle|3982d01808	384	Jesus	jesus-of-nazareth
person.lifeStory|john-the-apostle|3982d01808	433	John	john-the-baptist
person.lifeStory|john-the-apostle|3982d01808	459	Jesus	jesus-of-nazareth
person.lifeStory|john-the-apostle|3982d01808	564	Jesus	jesus-of-nazareth
person.lifeStory|john-the-apostle|3982d01808	579	Mary	mary-mother-of-jesus
person.lifeStory|john-the-apostle|3982d01808	612	Peter	simon-peter
person.lifeStory|john-the-apostle|50a7cb6d41	28	John	john-the-baptist
person.lifeStory|john-the-apostle|50a7cb6d41	397	John	john-the-baptist
person.lifeStory|john-the-apostle|50a7cb6d41	500	Jesus	jesus-of-nazareth
person.lifeStory|john-the-apostle|6be9e03285	18	John	john-the-baptist
person.lifeStory|john-the-apostle|6be9e03285	262	Mark	john-mark
person.lifeStory|john-the-apostle|6be9e03285	272	Luke	luke-evangelist
person.lifeStory|john-the-apostle|6be9e03285	54	John	john-the-baptist
person.lifeStory|john-the-apostle|6be9e03285	93	John	john-the-baptist
person.lifeStory|john-the-apostle|e5d19f06af	21	John	john-the-baptist
person.lifeStory|john-the-apostle|e5d19f06af	244	Paul	paul-of-tarsus
person.lifeStory|john-the-apostle|e5d19f06af	261	John	john-the-baptist
person.lifeStory|john-the-apostle|e5d19f06af	278	Peter	simon-peter
person.lifeStory|john-the-apostle|e5d19f06af	288	James	james-son-of-zebedee
person.lifeStory|john-the-apostle|e5d19f06af	310	Jesus	jesus-of-nazareth
person.lifeStory|john-the-apostle|e5d19f06af	44	Peter	simon-peter
person.lifeStory|john-the-baptist|7bb0b28ead	184	Elijah	elijah
person.lifeStory|john-the-baptist|9a7319bd87	0	Jesus	jesus-of-nazareth
person.lifeStory|john-the-baptist|9a7319bd87	109	Jesus	jesus-of-nazareth
person.lifeStory|john-the-baptist|9a7319bd87	339	Jesus	jesus-of-nazareth
person.lifeStory|john-the-baptist|9a7319bd87	426	Jesus	jesus-of-nazareth
person.lifeStory|john-the-baptist|9a7319bd87	464	Andrew	andrew-apostle
person.lifeStory|john-the-baptist|b5b1fb91c4	169	Antipas	herod-antipas
person.lifeStory|john-the-baptist|b5b1fb91c4	266	Jesus	jesus-of-nazareth
person.lifeStory|john-the-baptist|b5b1fb91c4	323	Jesus	jesus-of-nazareth
person.lifeStory|john-the-baptist|b5b1fb91c4	390	Jesus	jesus-of-nazareth
person.lifeStory|john-the-baptist|b5b1fb91c4	609	Antipas	herod-antipas
person.lifeStory|john-the-baptist|b5b1fb91c4	682	Antipas	herod-antipas
person.lifeStory|john-the-baptist|b5b1fb91c4	93	Herod Antipas	herod-antipas
person.lifeStory|john-the-baptist|db24d7402a	111	Elizabeth	elizabeth-mother-of-john-baptist
person.lifeStory|john-the-baptist|db24d7402a	136	Mary, mother of Jesus	mary-mother-of-jesus
person.lifeStory|john-the-baptist|db24d7402a	274	Elijah	elijah
person.lifeStory|john-the-baptist|db24d7402a	28	Luke	luke-evangelist
person.lifeStory|john-the-baptist|db24d7402a	332	Zechariah	zechariah-father-of-john-baptist
person.lifeStory|john-the-baptist|db24d7402a	88	Zechariah	zechariah-father-of-john-baptist
person.lifeStory|john-wesley|261d7e2a11	99	George Whitefield	george-whitefield
person.lifeStory|john-wesley|38e8bb1e29	121	William Wilberforce	william-wilberforce
person.lifeStory|john-wesley|fadab196b6	94	Samuel	samuel
person.lifeStory|john-wycliffe|8083e4f331	53	John	john-the-baptist
person.lifeStory|jonathan-edwards|fde010ae53	123	Solomon	solomon
person.lifeStory|joram-king-of-israel|20708641fa	202	Jehoshaphat	jehoshaphat
person.lifeStory|joram-king-of-israel|20708641fa	252	Elisha	elisha
person.lifeStory|joram-king-of-israel|20708641fa	69	Jehoshaphat	jehoshaphat
person.lifeStory|joram-king-of-israel|4b60fb2359	405	Jezebel	jezebel
person.lifeStory|joram-king-of-israel|a89e3c96a0	93	Elisha	elisha
person.lifeStory|joram-king-of-israel|d88721ffd7	12	Elisha	elisha
person.lifeStory|joram-king-of-judah|5cfcdb4b1e	245	Joram son of Ahab	joram-king-of-israel
person.lifeStory|joram-king-of-judah|5cfcdb4b1e	400	Jehoshaphat	jehoshaphat
person.lifeStory|joram-king-of-judah|5cfcdb4b1e	94	Jehoshaphat	jehoshaphat
person.lifeStory|joram-king-of-judah|8a957cf367	42	Jezebel	jezebel
person.lifeStory|joram-king-of-judah|b5c1455cc3	381	David	david
person.lifeStory|joram-king-of-judah|ec5fdb5086	206	Elijah	elijah
person.lifeStory|joseph-husband-of-mary|07e51d86f7	0	Joseph	joseph-son-of-jacob
person.lifeStory|joseph-husband-of-mary|07e51d86f7	393	Jesus	jesus-of-nazareth
person.lifeStory|joseph-husband-of-mary|07e51d86f7	41	Jesus	jesus-of-nazareth
person.lifeStory|joseph-husband-of-mary|07e51d86f7	436	Joseph	joseph-son-of-jacob
person.lifeStory|joseph-husband-of-mary|07e51d86f7	447	Mary	mary-mother-of-jesus
person.lifeStory|joseph-husband-of-mary|07e51d86f7	91	Mary	mary-mother-of-jesus
person.lifeStory|joseph-husband-of-mary|2a0fa7a72f	0	Joseph	joseph-son-of-jacob
person.lifeStory|joseph-husband-of-mary|2a0fa7a72f	241	Luke	luke-evangelist
person.lifeStory|joseph-husband-of-mary|2a0fa7a72f	284	David	david
person.lifeStory|joseph-husband-of-mary|2a0fa7a72f	304	Jesus	jesus-of-nazareth
person.lifeStory|joseph-husband-of-mary|2a0fa7a72f	327	David	david
person.lifeStory|joseph-husband-of-mary|2a0fa7a72f	358	Joseph	joseph-son-of-jacob
person.lifeStory|joseph-husband-of-mary|2a0fa7a72f	40	David	david
person.lifeStory|joseph-husband-of-mary|2a0fa7a72f	60	Mary	mary-mother-of-jesus
person.lifeStory|joseph-husband-of-mary|3186ea2508	117	Jesus	jesus-of-nazareth
person.lifeStory|joseph-husband-of-mary|3186ea2508	199	Mary	mary-mother-of-jesus
person.lifeStory|joseph-husband-of-mary|3186ea2508	20	Joseph	joseph-son-of-jacob
person.lifeStory|joseph-husband-of-mary|3186ea2508	208	Jesus	jesus-of-nazareth
person.lifeStory|joseph-husband-of-mary|3186ea2508	275	Jesus	jesus-of-nazareth
person.lifeStory|joseph-husband-of-mary|3186ea2508	310	Jesus	jesus-of-nazareth
person.lifeStory|joseph-husband-of-mary|3186ea2508	329	Mary	mary-mother-of-jesus
person.lifeStory|joseph-husband-of-mary|3186ea2508	337	John	john-the-baptist
person.lifeStory|joseph-husband-of-mary|3186ea2508	383	Joseph	joseph-son-of-jacob
person.lifeStory|joseph-husband-of-mary|3186ea2508	464	Jesus	jesus-of-nazareth
person.lifeStory|joseph-husband-of-mary|6f1b4c504a	270	Mary	mary-mother-of-jesus
person.lifeStory|joseph-husband-of-mary|6f1b4c504a	322	the Holy Spirit	holy-spirit
person.lifeStory|joseph-husband-of-mary|6f1b4c504a	375	Jesus	jesus-of-nazareth
person.lifeStory|joseph-husband-of-mary|6f1b4c504a	382	Joseph	joseph-son-of-jacob
person.lifeStory|joseph-husband-of-mary|6f1b4c504a	405	Mary	mary-mother-of-jesus
person.lifeStory|joseph-husband-of-mary|6f1b4c504a	478	Jesus	jesus-of-nazareth
person.lifeStory|joseph-husband-of-mary|6f1b4c504a	5	Mary	mary-mother-of-jesus
person.lifeStory|joseph-husband-of-mary|6f1b4c504a	72	Joseph	joseph-son-of-jacob
person.lifeStory|joseph-of-arimathea|747a996349	0	Joseph	joseph-son-of-jacob
person.lifeStory|joseph-of-arimathea|747a996349	145	Jesus	jesus-of-nazareth
person.lifeStory|joseph-of-arimathea|747a996349	152	Luke	luke-evangelist
person.lifeStory|joseph-of-arimathea|747a996349	181	Joseph	joseph-son-of-jacob
person.lifeStory|joseph-of-arimathea|747a996349	247	John	john-the-baptist
person.lifeStory|joseph-of-arimathea|747a996349	262	Joseph	joseph-son-of-jacob
person.lifeStory|joseph-of-arimathea|747a996349	288	Jesus	jesus-of-nazareth
person.lifeStory|joseph-of-arimathea|747a996349	70	Mark	john-mark
person.lifeStory|joseph-of-arimathea|747a996349	79	Luke	luke-evangelist
person.lifeStory|joseph-of-arimathea|898d6d863a	120	Jesus	jesus-of-nazareth
person.lifeStory|joseph-of-arimathea|898d6d863a	242	Joseph	joseph-son-of-jacob
person.lifeStory|joseph-of-arimathea|898d6d863a	31	Joseph	joseph-son-of-jacob
person.lifeStory|joseph-of-arimathea|898d6d863a	329	Pilate	pontius-pilate
person.lifeStory|joseph-of-arimathea|898d6d863a	347	Jesus	jesus-of-nazareth
person.lifeStory|joseph-of-arimathea|898d6d863a	6	Jesus	jesus-of-nazareth
person.lifeStory|joseph-of-arimathea|898d6d863a	87	Pilate	pontius-pilate
person.lifeStory|joseph-of-arimathea|f258048aad	0	Joseph	joseph-son-of-jacob
person.lifeStory|joseph-of-arimathea|f258048aad	251	Nicodemus	nicodemus
person.lifeStory|joseph-of-arimathea|f258048aad	399	Joseph	joseph-son-of-jacob
person.lifeStory|joseph-son-of-jacob|13db545684	239	Jacob	jacob
person.lifeStory|joseph-son-of-jacob|13db545684	34	Jacob	jacob
person.lifeStory|joseph-son-of-jacob|51ad407571	41	Jacob	jacob
person.lifeStory|joseph-son-of-jacob|51ad407571	428	Jacob	jacob
person.lifeStory|joseph-son-of-jacob|8fdcb809e1	138	Jacob	jacob
person.lifeStory|joseph-son-of-jacob|b040a642db	305	Manasseh	manasseh-king-of-judah
person.lifeStory|joseph-son-of-jacob|b040a642db	331	Jacob	jacob
person.lifeStory|joseph-son-of-jacob|ee2b28fd5f	24	Rachel	rachel
person.lifeStory|joseph-son-of-jacob|ee2b28fd5f	8	Jacob	jacob
person.lifeStory|joshua|bf5b4db64f	241	Moses	moses
person.lifeStory|joshua|bf5b4db64f	64	Rahab	rahab
person.lifeStory|joshua|cb592bf30e	105	Caleb	caleb
person.lifeStory|joshua|cb592bf30e	375	Caleb	caleb
person.lifeStory|joshua|d5dc76d3d4	203	Moses	moses
person.lifeStory|joshua|d5dc76d3d4	439	Moses	moses
person.lifeStory|joshua|d5dc76d3d4	56	Moses	moses
person.lifeStory|joshua|f9ece18591	224	Moses	moses
person.lifeStory|joshua|f9ece18591	58	Moses	moses
person.lifeStory|josiah|7f6e9655d4	196	David	david
person.lifeStory|josiah|7f6e9655d4	55	Amon	amon-king-of-judah
person.lifeStory|josiah|9a3decf31f	422	Jeremiah	jeremiah
person.lifeStory|jotham-king-of-judah|0848e30984	65	Uzziah	uzziah
person.lifeStory|jotham-king-of-judah|a421622641	376	Ahaz	ahaz
person.lifeStory|judah-son-of-jacob|24690a88ce	3	Jacob	jacob
person.lifeStory|judah-son-of-jacob|24690a88ce	303	David	david
person.lifeStory|judah-son-of-jacob|24690a88ce	370	Perez	perez
person.lifeStory|judah-son-of-jacob|a4badc3f81	236	Joseph	joseph-son-of-jacob
person.lifeStory|judah-son-of-jacob|a4badc3f81	435	Joseph	joseph-son-of-jacob
person.lifeStory|judah-son-of-jacob|a4badc3f81	61	Jacob	jacob
person.lifeStory|judah-son-of-jacob|e86f69731d	157	Joseph	joseph-son-of-jacob
person.lifeStory|judah-son-of-jacob|e86f69731d	221	Joseph	joseph-son-of-jacob
person.lifeStory|judah-son-of-jacob|e86f69731d	33	Jacob	jacob
person.lifeStory|judah-son-of-jacob|e86f69731d	43	Leah	leah
person.lifeStory|judah-son-of-jacob|e86f69731d	69	Leah	leah
person.lifeStory|judas-iscariot|2399143ba2	41	Jesus	jesus-of-nazareth
person.lifeStory|judas-iscariot|c0e8a6641d	84	Peter	simon-peter
person.lifeStory|judas-iscariot|d9d2435a99	148	Luke	luke-evangelist
person.lifeStory|judas-iscariot|d9d2435a99	157	John	john-the-baptist
person.lifeStory|judas-iscariot|d9d2435a99	178	Satan	satan
person.lifeStory|judas-iscariot|d9d2435a99	280	Jesus	jesus-of-nazareth
person.lifeStory|judas-iscariot|d9d2435a99	399	John	john-the-baptist
person.lifeStory|judas-iscariot|d9d2435a99	414	Jesus	jesus-of-nazareth
person.lifeStory|judas-iscariot|d9d2435a99	88	Jesus	jesus-of-nazareth
person.lifeStory|judas-iscariot|dc48887185	276	Jesus	jesus-of-nazareth
person.lifeStory|judas-iscariot|dc48887185	78	Jesus	jesus-of-nazareth
person.lifeStory|judas-iscariot|e8325bcd23	112	John	john-the-baptist
person.lifeStory|judas-iscariot|e8325bcd23	241	Jesus	jesus-of-nazareth
person.lifeStory|junia|f63dab478b	333	Paul	paul-of-tarsus
person.lifeStory|junia|f63dab478b	40	Paul	paul-of-tarsus
person.lifeStory|lazarus-of-bethany|6201a38b0a	107	Jesus	jesus-of-nazareth
person.lifeStory|lazarus-of-bethany|6201a38b0a	261	Jesus	jesus-of-nazareth
person.lifeStory|lazarus-of-bethany|6201a38b0a	432	Jesus	jesus-of-nazareth
person.lifeStory|lazarus-of-bethany|6201a38b0a	53	John	john-the-baptist
person.lifeStory|lazarus-of-bethany|a4268fce3d	13	Jesus	jesus-of-nazareth
person.lifeStory|lazarus-of-bethany|a4268fce3d	205	Jesus	jesus-of-nazareth
person.lifeStory|lazarus-of-bethany|a4268fce3d	324	John	john-the-baptist
person.lifeStory|lazarus-of-bethany|a4268fce3d	398	Jesus	jesus-of-nazareth
person.lifeStory|lazarus-of-bethany|da1bebcabb	174	Jesus	jesus-of-nazareth
person.lifeStory|lazarus-of-bethany|da1bebcabb	214	Jesus	jesus-of-nazareth
person.lifeStory|lazarus-of-bethany|da1bebcabb	353	Jesus	jesus-of-nazareth
person.lifeStory|lazarus-of-bethany|da1bebcabb	42	Martha	martha-of-bethany
person.lifeStory|lazarus-of-bethany|da1bebcabb	53	Mary	mary-mother-of-jesus
person.lifeStory|lazarus-of-bethany|da1bebcabb	63	John	john-the-baptist
person.lifeStory|lazarus-of-bethany|da1bebcabb	79	Jesus	jesus-of-nazareth
person.lifeStory|leah|7fd0e8bb41	124	Rachel	rachel
person.lifeStory|leah|7fd0e8bb41	226	Jacob	jacob
person.lifeStory|leah|7fd0e8bb41	30	Jacob	jacob
person.lifeStory|leah|7fd0e8bb41	312	Abraham	abraham
person.lifeStory|leah|7fd0e8bb41	321	Sarah	sarah
person.lifeStory|leah|7fd0e8bb41	328	Isaac	isaac
person.lifeStory|leah|7fd0e8bb41	339	Rebekah	rebekah
person.lifeStory|leah|7fd0e8bb41	369	Jacob	jacob
person.lifeStory|leah|7fd0e8bb41	433	Rachel	rachel
person.lifeStory|leah|7fd0e8bb41	76	Rachel	rachel
person.lifeStory|leah|d28b03a15e	252	Rachel	rachel
person.lifeStory|leah|d28b03a15e	262	Jacob	jacob
person.lifeStory|leah|d28b03a15e	345	Jacob	jacob
person.lifeStory|leah|d28b03a15e	440	Rachel	rachel
person.lifeStory|leah|d28b03a15e	69	Rachel	rachel
person.lifeStory|leah|edf9163c43	189	Jacob	jacob
person.lifeStory|leah|edf9163c43	364	Jacob	jacob
person.lifeStory|leah|edf9163c43	72	Jacob	jacob
person.lifeStory|luke-evangelist|2118e3e98a	0	Paul	paul-of-tarsus
person.lifeStory|luke-evangelist|2118e3e98a	269	Paul	paul-of-tarsus
person.lifeStory|luke-evangelist|2118e3e98a	327	Paul	paul-of-tarsus
person.lifeStory|luke-evangelist|2118e3e98a	381	Paul	paul-of-tarsus
person.lifeStory|luke-evangelist|6a6c5d01fc	120	Theophilus	theophilus
person.lifeStory|luke-evangelist|6a6c5d01fc	334	Paul	paul-of-tarsus
person.lifeStory|luke-evangelist|7f616c622a	20	Paul	paul-of-tarsus
person.lifeStory|luke-evangelist|7f616c622a	209	Paul	paul-of-tarsus
person.lifeStory|lydia-of-thyatira|8139cb6ba8	0	Paul	paul-of-tarsus
person.lifeStory|lydia-of-thyatira|8139cb6ba8	162	Paul	paul-of-tarsus
person.lifeStory|lydia-of-thyatira|fe4b4842b2	182	Paul	paul-of-tarsus
person.lifeStory|lydia-of-thyatira|fe4b4842b2	302	Paul	paul-of-tarsus
person.lifeStory|lydia-of-thyatira|fe4b4842b2	311	Silas	silas
person.lifeStory|lysanias|0085a0b972	184	Tiberius	tiberius-caesar
person.lifeStory|lysanias|0085a0b972	384	Luke	luke-evangelist
person.lifeStory|lysanias|0085a0b972	578	Agrippa I	herod-agrippa-i
person.lifeStory|lysanias|0085a0b972	597	Agrippa II	herod-agrippa-ii
person.lifeStory|lysanias|0085a0b972	828	Luke	luke-evangelist
person.lifeStory|lysanias|79764dbe08	272	Mark Antony	mark-antony
person.lifeStory|lysanias|79764dbe08	421	Luke	luke-evangelist
person.lifeStory|lysanias|79764dbe08	81	Luke	luke-evangelist
person.lifeStory|lysanias|79a3d83a7e	106	Tiberius	tiberius-caesar
person.lifeStory|lysanias|79a3d83a7e	126	Pilate	pontius-pilate
person.lifeStory|lysanias|79a3d83a7e	134	Herod Antipas	herod-antipas
person.lifeStory|lysanias|79a3d83a7e	153	Philip	philip-the-apostle
person.lifeStory|magi|ab9432110a	246	Joseph	joseph-son-of-jacob
person.lifeStory|magi|ab9432110a	296	Mary	mary-mother-of-jesus
person.lifeStory|magi|ab9432110a	685	Jeremiah	jeremiah
person.lifeStory|magi|ab9432110a	708	Rachel	rachel
person.lifeStory|magi|ab9432110a	869	Luke	luke-evangelist
person.lifeStory|magi|dc18623bea	47	Jesus	jesus-of-nazareth
person.lifeStory|magi|dc18623bea	827	Mary	mary-mother-of-jesus
person.lifeStory|malchus|f0e1b3792d	117	Peter	simon-peter
person.lifeStory|malchus|f0e1b3792d	179	Jesus	jesus-of-nazareth
person.lifeStory|malchus|f0e1b3792d	193	Peter	simon-peter
person.lifeStory|malchus|f0e1b3792d	207	Luke	luke-evangelist
person.lifeStory|malchus|f0e1b3792d	25	John	john-the-baptist
person.lifeStory|malchus|f0e1b3792d	82	Jesus	jesus-of-nazareth
person.lifeStory|manasseh-king-of-judah|e571874a6c	117	Hezekiah	hezekiah
person.lifeStory|manasseh-king-of-judah|e571874a6c	186	Hezekiah	hezekiah
person.lifeStory|mark-antony|85bfe57fbf	171	Octavian	caesar-augustus
person.lifeStory|mark-antony|85bfe57fbf	272	Octavian	caesar-augustus
person.lifeStory|mark-antony|85bfe57fbf	412	Octavian	caesar-augustus
person.lifeStory|mark-antony|85bfe57fbf	457	Caesar Augustus	caesar-augustus
person.lifeStory|mark-antony|865156d374	356	Octavian	caesar-augustus
person.lifeStory|mark-antony|865156d374	73	Caesar	tiberius-caesar
person.lifeStory|mark-antony|aeee86175b	415	Herod the Great	herod-the-great
person.lifeStory|martha-of-bethany|45ab648e95	188	Luke	luke-evangelist
person.lifeStory|martha-of-bethany|45ab648e95	215	John	john-the-baptist
person.lifeStory|martha-of-bethany|45ab648e95	63	Jesus	jesus-of-nazareth
person.lifeStory|martha-of-bethany|4b6c51062f	111	Jesus	jesus-of-nazareth
person.lifeStory|martha-of-bethany|4b6c51062f	333	Peter	simon-peter
person.lifeStory|martha-of-bethany|4b6c51062f	40	John	john-the-baptist
person.lifeStory|martha-of-bethany|4b6c51062f	60	Lazarus	lazarus-of-bethany
person.lifeStory|martha-of-bethany|cdb2203c33	118	Jesus	jesus-of-nazareth
person.lifeStory|martha-of-bethany|cdb2203c33	199	Mary	mary-mother-of-jesus
person.lifeStory|martha-of-bethany|cdb2203c33	211	Jesus	jesus-of-nazareth
person.lifeStory|martha-of-bethany|cdb2203c33	276	Mary	mary-mother-of-jesus
person.lifeStory|martha-of-bethany|cdb2203c33	316	Jesus	jesus-of-nazareth
person.lifeStory|martha-of-bethany|cdb2203c33	342	Mary	mary-mother-of-jesus
person.lifeStory|martha-of-bethany|cdb2203c33	69	Mary	mary-mother-of-jesus
person.lifeStory|martha-of-bethany|cdb2203c33	78	Lazarus	lazarus-of-bethany
person.lifeStory|martha-of-bethany|cdb2203c33	87	Luke	luke-evangelist
person.lifeStory|martin-luther-king-jr|2d2c3c1369	358	Jesus	jesus-of-nazareth
person.lifeStory|martin-luther|77ce0b8881	104	Paul	paul-of-tarsus
person.lifeStory|martin-luther|ccbc5caf94	83	Peter	simon-peter
person.lifeStory|mary-magdalene|5e25c6ac39	100	Luke	luke-evangelist
person.lifeStory|mary-magdalene|5e25c6ac39	155	Jesus	jesus-of-nazareth
person.lifeStory|mary-magdalene|5e25c6ac39	249	Jesus	jesus-of-nazareth
person.lifeStory|mary-magdalene|5e25c6ac39	25	Mary	mary-mother-of-jesus
person.lifeStory|mary-magdalene|8f31f906ae	166	Jesus	jesus-of-nazareth
person.lifeStory|mary-magdalene|8f31f906ae	271	Joseph of Arimathea	joseph-of-arimathea
person.lifeStory|mary-magdalene|8f31f906ae	65	Jesus	jesus-of-nazareth
person.lifeStory|mary-magdalene|e373336d03	131	Peter	simon-peter
person.lifeStory|mary-magdalene|e373336d03	141	John	john-the-baptist
person.lifeStory|mary-magdalene|e373336d03	319	Mary	mary-mother-of-jesus
person.lifeStory|mary-magdalene|e373336d03	341	Jesus	jesus-of-nazareth
person.lifeStory|mary-magdalene|e373336d03	449	Jesus	jesus-of-nazareth
person.lifeStory|mary-magdalene|e373336d03	98	John	john-the-baptist
person.lifeStory|mary-mother-of-james-the-less|38aca1a7b0	133	Jesus	jesus-of-nazareth
person.lifeStory|mary-mother-of-james-the-less|38aca1a7b0	294	Jesus	jesus-of-nazareth
person.lifeStory|mary-mother-of-james-the-less|38aca1a7b0	44	James	james-son-of-zebedee
person.lifeStory|mary-mother-of-james-the-less|38aca1a7b0	536	John	john-the-baptist
person.lifeStory|mary-mother-of-jesus|5bde7ba8d4	116	Jesus	jesus-of-nazareth
person.lifeStory|mary-mother-of-jesus|5bde7ba8d4	240	Jesus	jesus-of-nazareth
person.lifeStory|mary-mother-of-jesus|5bde7ba8d4	7	Jesus	jesus-of-nazareth
person.lifeStory|mary-mother-of-jesus|5bde7ba8d4	88	John	john-the-baptist
person.lifeStory|mary-mother-of-jesus|9b670dbadd	0	Joseph	joseph-son-of-jacob
person.lifeStory|mary-mother-of-jesus|9b670dbadd	161	Joseph	joseph-son-of-jacob
person.lifeStory|mary-mother-of-jesus|9b670dbadd	218	Jesus	jesus-of-nazareth
person.lifeStory|mary-mother-of-jesus|9b670dbadd	388	Simeon	simeon-at-the-temple
person.lifeStory|mary-mother-of-jesus|9e80447262	124	Gabriel	gabriel-archangel
person.lifeStory|mary-mother-of-jesus|9e80447262	190	the Holy Spirit	holy-spirit
person.lifeStory|mary-mother-of-jesus|9e80447262	387	Elizabeth	elizabeth-mother-of-john-baptist
person.lifeStory|mary-mother-of-jesus|9e80447262	74	Joseph	joseph-son-of-jacob
person.lifeStory|mary-mother-of-jesus|9e80447262	87	Luke	luke-evangelist
person.lifeStory|mary-mother-of-jesus|c0a46a2324	193	John the Apostle	john-the-apostle
person.lifeStory|mary-mother-of-jesus|c0a46a2324	44	Jesus	jesus-of-nazareth
person.lifeStory|mary-mother-of-jesus|c0a46a2324	71	John	john-the-baptist
person.lifeStory|mary-mother-of-jesus|c0a46a2324	90	Jesus	jesus-of-nazareth
person.lifeStory|mary-mother-of-jesus|c43b863688	19	magi	magi
person.lifeStory|mary-mother-of-jesus|c43b863688	254	Jesus	jesus-of-nazareth
person.lifeStory|mary-mother-of-jesus|c43b863688	60	Joseph	joseph-son-of-jacob
person.lifeStory|mary-of-bethany|0a246c1c26	113	Jesus	jesus-of-nazareth
person.lifeStory|mary-of-bethany|0a246c1c26	15	Jesus	jesus-of-nazareth
person.lifeStory|mary-of-bethany|0a246c1c26	186	Judas Iscariot	judas-iscariot
person.lifeStory|mary-of-bethany|0a246c1c26	235	Jesus	jesus-of-nazareth
person.lifeStory|mary-of-bethany|0a246c1c26	60	Mary	mary-mother-of-jesus
person.lifeStory|mary-of-bethany|4b4454edba	0	Mary	mary-mother-of-jesus
person.lifeStory|mary-of-bethany|4b4454edba	100	Jesus	jesus-of-nazareth
person.lifeStory|mary-of-bethany|4b4454edba	157	Martha	martha-of-bethany
person.lifeStory|mary-of-bethany|4b4454edba	205	Mary	mary-mother-of-jesus
person.lifeStory|mary-of-bethany|4b4454edba	217	Jesus	jesus-of-nazareth
person.lifeStory|mary-of-bethany|4b4454edba	262	Martha	martha-of-bethany
person.lifeStory|mary-of-bethany|4b4454edba	325	Jesus	jesus-of-nazareth
person.lifeStory|mary-of-bethany|4b4454edba	347	Mary	mary-mother-of-jesus
person.lifeStory|mary-of-bethany|4b4454edba	38	Martha	martha-of-bethany
person.lifeStory|mary-of-bethany|4b4454edba	57	Lazarus	lazarus-of-bethany
person.lifeStory|mary-of-bethany|a369727f15	160	Mary Magdalene	mary-magdalene
person.lifeStory|mary-of-bethany|a369727f15	223	Jesus	jesus-of-nazareth
person.lifeStory|mary-of-bethany|a369727f15	373	Mary Magdalene	mary-magdalene
person.lifeStory|mary-of-bethany|d3db84ee67	0	Mary	mary-mother-of-jesus
person.lifeStory|mary-of-bethany|d3db84ee67	111	Jesus	jesus-of-nazareth
person.lifeStory|mary-of-bethany|d3db84ee67	204	Jesus	jesus-of-nazareth
person.lifeStory|mary-of-bethany|d3db84ee67	293	Jesus	jesus-of-nazareth
person.lifeStory|mary-of-bethany|d3db84ee67	321	Jesus	jesus-of-nazareth
person.lifeStory|mary-of-bethany|d3db84ee67	339	Lazarus	lazarus-of-bethany
person.lifeStory|mary-of-bethany|d3db84ee67	53	Lazarus	lazarus-of-bethany
person.lifeStory|mary-of-bethany|d3db84ee67	80	Mary	mary-mother-of-jesus
person.lifeStory|mary-of-bethany|d3db84ee67	9	Martha	martha-of-bethany
person.lifeStory|matthan|9a0f7cd00f	117	Jesus	jesus-of-nazareth
person.lifeStory|matthan|9a0f7cd00f	213	Luke	luke-evangelist
person.lifeStory|matthan|9a0f7cd00f	233	Jesus	jesus-of-nazareth
person.lifeStory|matthan|9a0f7cd00f	329	Joseph	joseph-son-of-jacob
person.lifeStory|matthan|9a0f7cd00f	535	Luke	luke-evangelist
person.lifeStory|matthan|9a0f7cd00f	581	Joseph	joseph-son-of-jacob
person.lifeStory|matthan|9a0f7cd00f	63	Eleazar	eleazar-in-jesus-genealogy
person.lifeStory|matthan|9a0f7cd00f	666	Mary	mary-mother-of-jesus
person.lifeStory|matthan|9a0f7cd00f	85	Jacob	jacob
person.lifeStory|matthew-levi|5def0ba526	165	Jesus	jesus-of-nazareth
person.lifeStory|matthew-levi|5def0ba526	63	Jesus	jesus-of-nazareth
person.lifeStory|matthew-levi|775e5934f9	161	Herod Antipas	herod-antipas
person.lifeStory|matthew-levi|7cf34c5e0f	0	Jesus	jesus-of-nazareth
person.lifeStory|matthew-levi|7cf34c5e0f	161	Mark	john-mark
person.lifeStory|matthew-levi|7cf34c5e0f	170	Luke	luke-evangelist
person.lifeStory|melchizedek|13b7d5abbb	605	Aaron	aaron
person.lifeStory|melchizedek|13b7d5abbb	723	Abraham	abraham
person.lifeStory|melchizedek|762100d8f9	104	David	david
person.lifeStory|melchizedek|ff160a2f00	313	Abram	abraham
person.lifeStory|melchizedek|ff160a2f00	348	Abram	abraham
person.lifeStory|melchizedek|ff160a2f00	481	Abram	abraham
person.lifeStory|melchizedek|ff160a2f00	86	Abram	abraham
person.lifeStory|michael-archangel|8758036119	172	Daniel	daniel
person.lifeStory|michael-archangel|8758036119	25	Daniel	daniel
person.lifeStory|michael-archangel|8758036119	520	Daniel	daniel
person.lifeStory|michael-archangel|97dd54c732	141	the dragon	satan
person.lifeStory|michael-archangel|97dd54c732	153	The dragon	satan
person.lifeStory|michael-archangel|97dd54c732	210	Satan	satan
person.lifeStory|michael-archangel|97dd54c732	218	the dragon	satan
person.lifeStory|michael-archangel|97dd54c732	472	Gabriel	gabriel-archangel
person.lifeStory|michael-archangel|9bf6362ba2	124	the devil	satan
person.lifeStory|michael-archangel|9bf6362ba2	164	Moses	moses
person.lifeStory|michael-archangel|9bf6362ba2	447	Satan	satan
person.lifeStory|miriam|aa8cc9e574	175	Moses	moses
person.lifeStory|miriam|aa8cc9e574	276	Moses	moses
person.lifeStory|miriam|aa8cc9e574	54	Aaron	aaron
person.lifeStory|miriam|aa8cc9e574	76	Moses	moses
person.lifeStory|miriam|b1cad46c86	236	Moses	moses
person.lifeStory|miriam|d7bba027fe	93	Moses	moses
person.lifeStory|mordecai|7eb2d71896	154	Jeconiah	jeconiah
person.lifeStory|mordecai|7eb2d71896	290	Hadassah	esther
person.lifeStory|mordecai|7eb2d71896	315	Esther	esther
person.lifeStory|mordecai|baca9f4bb6	141	Esther	esther
person.lifeStory|mordecai|bf74b4acf2	20	Esther	esther
person.lifeStory|mordecai|bf74b4acf2	321	Esther	esther
person.lifeStory|mordecai|f8f0669c7b	6	Esther	esther
person.lifeStory|moses|3958a26599	10	Aaron	aaron
person.lifeStory|moses|56616b2e43	346	Aaron	aaron
person.lifeStory|moses|ca79cbb1f7	320	Joshua	joshua
person.lifeStory|moses|f03cb5cf9b	438	Miriam	miriam
person.lifeStory|nahshon|62a2501c05	104	Aaron	aaron
person.lifeStory|nahshon|62a2501c05	147	Boaz	boaz
person.lifeStory|nahshon|62a2501c05	173	David	david
person.lifeStory|nahshon|62a2501c05	266	Jesus	jesus-of-nazareth
person.lifeStory|nahshon|62a2501c05	63	Aaron	aaron
person.lifeStory|nahshon|d6271b7216	15	Amminadab	amminadab
person.lifeStory|nahshon|d6271b7216	83	Moses	moses
person.lifeStory|naomi|3150b11185	104	Ruth	ruth
person.lifeStory|naomi|3150b11185	13	Ruth	ruth
person.lifeStory|naomi|3150b11185	157	Ruth	ruth
person.lifeStory|naomi|3150b11185	269	Boaz	boaz
person.lifeStory|naomi|3150b11185	278	Ruth	ruth
person.lifeStory|naomi|3150b11185	306	Obed	obed
person.lifeStory|naomi|3150b11185	376	Ruth	ruth
person.lifeStory|naomi|3150b11185	413	Obed	obed
person.lifeStory|naomi|3150b11185	450	David	david
person.lifeStory|naomi|3150b11185	74	Boaz	boaz
person.lifeStory|naomi|320e1ac030	224	Ruth	ruth
person.lifeStory|naomi|320e1ac030	80	Ruth	ruth
person.lifeStory|naomi|44356ec86a	147	Ruth	ruth
person.lifeStory|nathan-the-prophet|41c8922492	235	David	david
person.lifeStory|nathan-the-prophet|41c8922492	46	David	david
person.lifeStory|nathan-the-prophet|41c8922492	66	Bathsheba	bathsheba
person.lifeStory|nathan-the-prophet|51c528cd66	221	David	david
person.lifeStory|nathan-the-prophet|51c528cd66	26	David	david
person.lifeStory|nathan-the-prophet|51c528cd66	279	David	david
person.lifeStory|nathan-the-prophet|c9ff4c8a19	125	Solomon	solomon
person.lifeStory|nathan-the-prophet|c9ff4c8a19	234	David	david
person.lifeStory|nathan-the-prophet|c9ff4c8a19	266	Solomon	solomon
person.lifeStory|nathan-the-prophet|c9ff4c8a19	69	Bathsheba	bathsheba
person.lifeStory|nathan-the-prophet|c9ff4c8a19	8	David	david
person.lifeStory|nathan-the-prophet|c9ff4c8a19	99	David	david
person.lifeStory|nehemiah|3ed11c973a	297	Ezra	ezra
person.lifeStory|nero-caesar|77302c333a	172	Festus	porcius-festus
person.lifeStory|nero-caesar|77302c333a	192	Paul	paul-of-tarsus
person.lifeStory|nero-caesar|77302c333a	284	Caesar	tiberius-caesar
person.lifeStory|nero-caesar|77302c333a	293	Festus	porcius-festus
person.lifeStory|nero-caesar|77302c333a	331	Caesar	tiberius-caesar
person.lifeStory|nero-caesar|77302c333a	342	Caesar	tiberius-caesar
person.lifeStory|nero-caesar|77302c333a	391	Paul	paul-of-tarsus
person.lifeStory|nero-caesar|77302c333a	499	Paul	paul-of-tarsus
person.lifeStory|nero-caesar|77302c333a	561	Caesar	tiberius-caesar
person.lifeStory|nero-caesar|77302c333a	72	Caesar	tiberius-caesar
person.lifeStory|nero-caesar|77302c333a	80	Paul	paul-of-tarsus
person.lifeStory|nero-caesar|dcafd17383	87	Claudius	claudius-caesar
person.lifeStory|nero-caesar|ed3c2e57f7	126	Paul	paul-of-tarsus
person.lifeStory|nero-caesar|ed3c2e57f7	201	Peter	simon-peter
person.lifeStory|nero-caesar|ed3c2e57f7	42	Paul	paul-of-tarsus
person.lifeStory|nero-caesar|ed3c2e57f7	613	Paul	paul-of-tarsus
person.lifeStory|nero-caesar|ed3c2e57f7	621	Peter	simon-peter
person.lifeStory|nicodemus|4021006b4f	180	Jesus	jesus-of-nazareth
person.lifeStory|nicodemus|4021006b4f	304	Jesus	jesus-of-nazareth
person.lifeStory|nicodemus|4021006b4f	493	Jesus	jesus-of-nazareth
person.lifeStory|nicodemus|4021006b4f	94	Jesus	jesus-of-nazareth
person.lifeStory|nicodemus|ac0c01638f	107	Jesus	jesus-of-nazareth
person.lifeStory|nicodemus|ac0c01638f	151	Jesus	jesus-of-nazareth
person.lifeStory|nicodemus|acee6f4c63	318	Jesus	jesus-of-nazareth
person.lifeStory|nicodemus|acee6f4c63	40	Joseph of Arimathea	joseph-of-arimathea
person.lifeStory|nicodemus|acee6f4c63	72	Jesus	jesus-of-nazareth
person.lifeStory|obed|c0f7ddd5df	17	Boaz	boaz
person.lifeStory|obed|c0f7ddd5df	221	Ruth	ruth
person.lifeStory|obed|c0f7ddd5df	229	Naomi	naomi
person.lifeStory|obed|c0f7ddd5df	26	Ruth	ruth
person.lifeStory|obed|c0f7ddd5df	330	Naomi	naomi
person.lifeStory|obed|c0f7ddd5df	84	Ruth	ruth
person.lifeStory|obed|f71f5b910c	0	Naomi	naomi
person.lifeStory|obed|f71f5b910c	200	Jesse	jesse
person.lifeStory|obed|f71f5b910c	225	David	david
person.lifeStory|obed|f71f5b910c	251	Ruth	ruth
person.lifeStory|obed|f71f5b910c	382	Jesus	jesus-of-nazareth
person.lifeStory|onesimus|5970f1240d	137	Paul	paul-of-tarsus
person.lifeStory|onesimus|5970f1240d	21	Philemon	philemon
person.lifeStory|onesimus|5970f1240d	240	Paul	paul-of-tarsus
person.lifeStory|onesimus|5970f1240d	259	Paul	paul-of-tarsus
person.lifeStory|onesimus|5970f1240d	346	Paul	paul-of-tarsus
person.lifeStory|onesimus|e5b4d48aa2	231	Paul	paul-of-tarsus
person.lifeStory|onesimus|e5b4d48aa2	36	Philemon	philemon
person.lifeStory|onesimus|e5b4d48aa2	9	Paul	paul-of-tarsus
person.lifeStory|paul-of-tarsus|1b642cf583	103	Jesus	jesus-of-nazareth
person.lifeStory|paul-of-tarsus|1b642cf583	214	Ananias	ananias-and-sapphira
person.lifeStory|paul-of-tarsus|4f297c16b3	261	Nero	nero-caesar
person.lifeStory|paul-of-tarsus|51074dcdea	186	Timothy	timothy
person.lifeStory|paul-of-tarsus|51074dcdea	195	Titus	titus
person.lifeStory|paul-of-tarsus|51074dcdea	206	Philemon	philemon
person.lifeStory|paul-of-tarsus|51074dcdea	491	Peter	simon-peter
person.lifeStory|paul-of-tarsus|9990be62d2	367	Felix	antonius-felix
person.lifeStory|paul-of-tarsus|9990be62d2	377	Festus	porcius-festus
person.lifeStory|paul-of-tarsus|9990be62d2	388	King Agrippa	herod-agrippa-ii
person.lifeStory|paul-of-tarsus|9990be62d2	471	Caesar	tiberius-caesar
person.lifeStory|paul-of-tarsus|d290c69221	251	Gamaliel	gamaliel
person.lifeStory|paul-of-tarsus|d290c69221	408	Stephen	stephen-the-martyr
person.lifeStory|perez|b93e69d7ef	204	Boaz	boaz
person.lifeStory|perez|b93e69d7ef	210	Jesse	jesse
person.lifeStory|perez|b93e69d7ef	221	David	david
person.lifeStory|perez|b93e69d7ef	280	Jesus	jesus-of-nazareth
person.lifeStory|perez|b93e69d7ef	313	Ruth	ruth
person.lifeStory|perez|b93e69d7ef	363	Boaz	boaz
person.lifeStory|perez|c9f1f4c54e	397	Zerah	zerah-son-of-judah
person.lifeStory|pharisees|02797bec38	463	Moses	moses
person.lifeStory|pharisees|02797bec38	765	Jesus	jesus-of-nazareth
person.lifeStory|pharisees|02797bec38	978	Jesus	jesus-of-nazareth
person.lifeStory|pharisees|3261f18c9c	1187	Gamaliel	gamaliel
person.lifeStory|pharisees|3261f18c9c	119	Nicodemus	nicodemus
person.lifeStory|pharisees|3261f18c9c	190	Jesus	jesus-of-nazareth
person.lifeStory|pharisees|3261f18c9c	347	Jesus	jesus-of-nazareth
person.lifeStory|pharisees|3261f18c9c	484	Joseph of Arimathea	joseph-of-arimathea
person.lifeStory|pharisees|3261f18c9c	512	Jesus	jesus-of-nazareth
person.lifeStory|pharisees|3261f18c9c	575	Gamaliel	gamaliel
person.lifeStory|pharisees|3261f18c9c	861	Paul	paul-of-tarsus
person.lifeStory|pharisees|47acdc0a1e	1118	Luke	luke-evangelist
person.lifeStory|pharisees|47acdc0a1e	377	Caesar	tiberius-caesar
person.lifeStory|pharisees|47acdc0a1e	604	Jesus	jesus-of-nazareth
person.lifeStory|pharisees|47acdc0a1e	94	Jesus	jesus-of-nazareth
person.lifeStory|pharisees|a53ad41060	776	John	john-the-baptist
person.lifeStory|pharisees|a53ad41060	815	Salome	salome-follower-of-jesus
person.lifeStory|philemon|38d7032861	21	Paul	paul-of-tarsus
person.lifeStory|philemon|38d7032861	78	Onesimus	onesimus
person.lifeStory|philemon|65fd62ec65	154	Paul	paul-of-tarsus
person.lifeStory|philip-the-apostle|5a30a62dac	167	Philip the Evangelist	philip-the-evangelist
person.lifeStory|philip-the-apostle|7635e2b93d	0	John	john-the-baptist
person.lifeStory|philip-the-apostle|7635e2b93d	355	Jesus	jesus-of-nazareth
person.lifeStory|philip-the-apostle|7635e2b93d	452	Jesus	jesus-of-nazareth
person.lifeStory|philip-the-apostle|7635e2b93d	493	Jesus	jesus-of-nazareth
person.lifeStory|philip-the-apostle|7635e2b93d	92	Jesus	jesus-of-nazareth
person.lifeStory|philip-the-apostle|775fba9fb7	178	Nathanael	bartholomew-nathanael
person.lifeStory|philip-the-apostle|775fba9fb7	229	Moses	moses
person.lifeStory|philip-the-apostle|775fba9fb7	275	Jesus of Nazareth	jesus-of-nazareth
person.lifeStory|philip-the-apostle|775fba9fb7	305	Joseph	joseph-son-of-jacob
person.lifeStory|philip-the-apostle|775fba9fb7	44	Andrew	andrew-apostle
person.lifeStory|philip-the-apostle|775fba9fb7	55	Peter	simon-peter
person.lifeStory|philip-the-apostle|775fba9fb7	66	John	john-the-baptist
person.lifeStory|philip-the-apostle|775fba9fb7	85	Jesus	jesus-of-nazareth
person.lifeStory|philip-the-evangelist|1c96be4125	174	Isaiah	isaiah
person.lifeStory|philip-the-evangelist|1c96be4125	23	Philip	philip-the-apostle
person.lifeStory|philip-the-evangelist|1c96be4125	235	Philip	philip-the-apostle
person.lifeStory|philip-the-evangelist|1c96be4125	280	Jesus	jesus-of-nazareth
person.lifeStory|philip-the-evangelist|1c96be4125	394	Philip	philip-the-apostle
person.lifeStory|philip-the-evangelist|7ea7cfeb52	303	Simon the sorcerer	simon-magus
person.lifeStory|philip-the-evangelist|7ea7cfeb52	79	Philip	philip-the-apostle
person.lifeStory|philip-the-evangelist|e7fa3b1500	0	Philip	philip-the-apostle
person.lifeStory|philip-the-evangelist|e7fa3b1500	319	Luke	luke-evangelist
person.lifeStory|philip-the-evangelist|f92c7b66b8	0	Philip	philip-the-apostle
person.lifeStory|philip-the-evangelist|f92c7b66b8	221	Paul	paul-of-tarsus
person.lifeStory|philip-the-evangelist|f92c7b66b8	34	Luke	luke-evangelist
person.lifeStory|philip-the-tetrarch|3b5ed1c96d	118	Philip	philip-the-apostle
person.lifeStory|philip-the-tetrarch|3b5ed1c96d	265	Philip	philip-the-apostle
person.lifeStory|philip-the-tetrarch|3b5ed1c96d	331	John	john-the-baptist
person.lifeStory|philip-the-tetrarch|3b5ed1c96d	398	Philip	philip-the-apostle
person.lifeStory|philip-the-tetrarch|3b5ed1c96d	455	Philip	philip-the-apostle
person.lifeStory|philip-the-tetrarch|3b5ed1c96d	730	Philip	philip-the-apostle
person.lifeStory|philip-the-tetrarch|3b5ed1c96d	78	Herod the Great	herod-the-great
person.lifeStory|philip-the-tetrarch|48fbcf015c	0	Philip	philip-the-apostle
person.lifeStory|philip-the-tetrarch|48fbcf015c	134	Philip	philip-the-apostle
person.lifeStory|philip-the-tetrarch|48fbcf015c	20	Herod the Great	herod-the-great
person.lifeStory|philip-the-tetrarch|48fbcf015c	522	Archelaus	herod-archelaus
person.lifeStory|philip-the-tetrarch|48fbcf015c	536	Antipas	herod-antipas
person.lifeStory|philip-the-tetrarch|e6f9bbee2c	0	Philip	philip-the-apostle
person.lifeStory|philip-the-tetrarch|e6f9bbee2c	119	Augustus	caesar-augustus
person.lifeStory|philip-the-tetrarch|e6f9bbee2c	280	Augustus	caesar-augustus
person.lifeStory|philip-the-tetrarch|e6f9bbee2c	381	John the Baptist	john-the-baptist
person.lifeStory|philip-the-tetrarch|e6f9bbee2c	417	Philip	philip-the-apostle
person.lifeStory|philip-the-tetrarch|e6f9bbee2c	482	Philip	philip-the-apostle
person.lifeStory|philip-the-tetrarch|e6f9bbee2c	497	Salome	salome-follower-of-jesus
person.lifeStory|philip-the-tetrarch|e6f9bbee2c	584	Herod Antipas	herod-antipas
person.lifeStory|philip-the-tetrarch|e6f9bbee2c	610	John the Baptist	john-the-baptist
person.lifeStory|phoebe|d42f885ffb	0	Paul	paul-of-tarsus
person.lifeStory|photius|cbdbd9c9c2	289	the Holy Spirit	holy-spirit
person.lifeStory|pontius-pilate|43a7123e59	168	Jesus	jesus-of-nazareth
person.lifeStory|pontius-pilate|43a7123e59	355	Jesus	jesus-of-nazareth
person.lifeStory|pontius-pilate|43a7123e59	526	Jesus	jesus-of-nazareth
person.lifeStory|pontius-pilate|43a7123e59	55	Jesus	jesus-of-nazareth
person.lifeStory|pontius-pilate|43a7123e59	560	Caesar	tiberius-caesar
person.lifeStory|pontius-pilate|43a7123e59	581	Jesus	jesus-of-nazareth
person.lifeStory|pontius-pilate|460d1ce3d7	92	Tiberius	tiberius-caesar
person.lifeStory|pope-john-paul-ii|06842ab9a0	14	Paul	paul-of-tarsus
person.lifeStory|pope-john-paul-ii|06842ab9a0	9	John	john-the-baptist
person.lifeStory|pope-john-paul-ii|2a6f1d412e	0	John	john-the-baptist
person.lifeStory|pope-john-paul-ii|2a6f1d412e	5	Paul	paul-of-tarsus
person.lifeStory|pope-john-xxiii|1f374861f3	131	John	john-the-baptist
person.lifeStory|pope-john-xxiii|b7bd9f084f	0	John	john-the-baptist
person.lifeStory|pope-john-xxiii|fcf4df867f	171	John	john-the-baptist
person.lifeStory|pope-john-xxiii|fcf4df867f	196	Paul	paul-of-tarsus
person.lifeStory|porcius-festus|197ad653f2	120	Paul	paul-of-tarsus
person.lifeStory|porcius-festus|197ad653f2	189	Paul	paul-of-tarsus
person.lifeStory|porcius-festus|197ad653f2	284	Caesar	tiberius-caesar
person.lifeStory|porcius-festus|197ad653f2	40	Paul	paul-of-tarsus
person.lifeStory|porcius-festus|3614baf330	133	Paul	paul-of-tarsus
person.lifeStory|porcius-festus|3614baf330	194	Paul	paul-of-tarsus
person.lifeStory|porcius-festus|3614baf330	65	Felix	antonius-felix
person.lifeStory|porcius-festus|b3197b0dd4	60	King Agrippa	herod-agrippa-ii
person.lifeStory|porcius-festus|b3197b0dd4	7	Paul	paul-of-tarsus
person.lifeStory|porcius-festus|b3197b0dd4	80	Bernice	bernice
person.lifeStory|priscilla|4861e67dee	123	Aquila	aquila
person.lifeStory|priscilla|4861e67dee	337	Paul	paul-of-tarsus
person.lifeStory|priscilla|4861e67dee	376	Christ Jesus	jesus-of-nazareth
person.lifeStory|priscilla|b201969c42	110	Jesus	jesus-of-nazareth
person.lifeStory|priscilla|b201969c42	145	John	john-the-baptist
person.lifeStory|priscilla|b201969c42	35	Apollos	apollos
person.lifeStory|priscilla|c5582f4557	154	Paul	paul-of-tarsus
person.lifeStory|priscilla|c5582f4557	26	Aquila	aquila
person.lifeStory|priscilla|c5582f4557	266	Paul	paul-of-tarsus
person.lifeStory|priscilla|c5582f4557	65	Claudius	claudius-caesar
person.lifeStory|publius-of-malta|7783e1c676	161	Paul	paul-of-tarsus
person.lifeStory|publius-of-malta|7783e1c676	273	Paul	paul-of-tarsus
person.lifeStory|publius-of-malta|7783e1c676	424	Luke	luke-evangelist
person.lifeStory|publius-of-malta|7783e1c676	6	Paul	paul-of-tarsus
person.lifeStory|quirinius|5b00daf4c4	129	Augustus	caesar-augustus
person.lifeStory|quirinius|5b00daf4c4	360	Augustus	caesar-augustus
person.lifeStory|quirinius|5b00daf4c4	377	Herod Archelaus	herod-archelaus
person.lifeStory|quirinius|5b00daf4c4	516	Judas	judas-iscariot
person.lifeStory|quirinius|6479b8a211	132	Herod the Great	herod-the-great
person.lifeStory|quirinius|6479b8a211	352	Luke	luke-evangelist
person.lifeStory|quirinius|6479b8a211	42	Joseph	joseph-son-of-jacob
person.lifeStory|quirinius|6479b8a211	53	Mary	mary-mother-of-jesus
person.lifeStory|quirinius|ae654f4805	478	Luke	luke-evangelist
person.lifeStory|quirinius|ae654f4805	731	Luke	luke-evangelist
person.lifeStory|rachel|09a5b08211	128	Jacob	jacob
person.lifeStory|rachel|09a5b08211	227	Jacob	jacob
person.lifeStory|rachel|11ad3d8f34	5	Jacob	jacob
person.lifeStory|rachel|2f9965c5a6	226	Joseph	joseph-son-of-jacob
person.lifeStory|rachel|2f9965c5a6	34	Jacob	jacob
person.lifeStory|rachel|9a7a7ee7e4	104	Jacob	jacob
person.lifeStory|rachel|9a7a7ee7e4	265	Leah	leah
person.lifeStory|rachel|9a7a7ee7e4	323	Jacob	jacob
person.lifeStory|rachel|d5e6bf7190	249	Leah	leah
person.lifeStory|rachel|d5e6bf7190	274	Jacob	jacob
person.lifeStory|rachel|d5e6bf7190	303	Leah	leah
person.lifeStory|rachel|d5e6bf7190	345	Leah	leah
person.lifeStory|rachel|d5e6bf7190	40	Leah	leah
person.lifeStory|rachel|d5e6bf7190	419	Jacob	jacob
person.lifeStory|rachel|d5e6bf7190	96	Jacob	jacob
person.lifeStory|rahab|0ba8e1f77d	102	Joshua	joshua
person.lifeStory|rahab|75fd3a0228	151	David	david
person.lifeStory|rahab|75fd3a0228	187	Jesus	jesus-of-nazareth
person.lifeStory|rahab|75fd3a0228	372	James	james-son-of-zebedee
person.lifeStory|rahab|75fd3a0228	54	Salmon	salmon-father-of-boaz
person.lifeStory|rahab|75fd3a0228	75	Boaz	boaz
person.lifeStory|rahab|fd2cc002f4	176	Joshua	joshua
person.lifeStory|rahab|fd2cc002f4	58	Joshua	joshua
person.lifeStory|ram-son-of-hezron|a85d7c8230	131	Perez	perez
person.lifeStory|ram-son-of-hezron|a85d7c8230	145	David	david
person.lifeStory|ram-son-of-hezron|a85d7c8230	266	Jesus	jesus-of-nazareth
person.lifeStory|ram-son-of-hezron|a85d7c8230	57	Hezron	hezron-son-of-perez
person.lifeStory|ram-son-of-hezron|a85d7c8230	78	Amminadab	amminadab
person.lifeStory|rebekah|28802ae121	16	Jacob	jacob
person.lifeStory|rebekah|28802ae121	160	Jacob	jacob
person.lifeStory|rebekah|28802ae121	169	Esau	esau
person.lifeStory|rebekah|28802ae121	229	Esau	esau
person.lifeStory|rebekah|28802ae121	266	Isaac	isaac
person.lifeStory|rebekah|28802ae121	29	Isaac	isaac
person.lifeStory|rebekah|28802ae121	291	Esau	esau
person.lifeStory|rebekah|28802ae121	305	Isaac	isaac
person.lifeStory|rebekah|28802ae121	327	Jacob	jacob
person.lifeStory|rebekah|28802ae121	379	Esau	esau
person.lifeStory|rebekah|28802ae121	402	Jacob	jacob
person.lifeStory|rebekah|28802ae121	43	Esau	esau
person.lifeStory|rebekah|28802ae121	437	Jacob	jacob
person.lifeStory|rebekah|28802ae121	54	Isaac	isaac
person.lifeStory|rebekah|28802ae121	94	Esau	esau
person.lifeStory|rebekah|61fd2824cf	131	Abraham	abraham
person.lifeStory|rebekah|61fd2824cf	183	Isaac	isaac
person.lifeStory|rebekah|61fd2824cf	442	Isaac	isaac
person.lifeStory|rebekah|61fd2824cf	491	Sarah	sarah
person.lifeStory|rebekah|61fd2824cf	57	Abraham	abraham
person.lifeStory|rebekah|ddb71f63b8	252	Esau	esau
person.lifeStory|rebekah|ddb71f63b8	273	Jacob	jacob
person.lifeStory|rebekah|ddb71f63b8	43	Isaac	isaac
person.lifeStory|rehoboam|4b3ba2aa09	165	Solomon	solomon
person.lifeStory|rehoboam|4b3ba2aa09	30	Solomon	solomon
person.lifeStory|rehoboam|5a1c429a08	164	Solomon	solomon
person.lifeStory|rhoda|c871a6743b	104	Mary	mary-mother-of-jesus
person.lifeStory|rhoda|c871a6743b	120	John Mark	john-mark
person.lifeStory|rhoda|c871a6743b	143	Peter	simon-peter
person.lifeStory|rhoda|c871a6743b	396	Peter	simon-peter
person.lifeStory|ruth|331b1b1c3f	222	Naomi	naomi
person.lifeStory|ruth|331b1b1c3f	97	Naomi	naomi
person.lifeStory|ruth|34fb906176	259	Boaz	boaz
person.lifeStory|ruth|34fb906176	3	Naomi	naomi
person.lifeStory|ruth|34fb906176	40	Boaz	boaz
person.lifeStory|ruth|531131ee92	5	Naomi	naomi
person.lifeStory|ruth|779cbaa016	0	Boaz	boaz
person.lifeStory|ruth|779cbaa016	157	Boaz	boaz
person.lifeStory|ruth|779cbaa016	168	Obed	obed
person.lifeStory|ruth|779cbaa016	199	David	david
person.lifeStory|ruth|779cbaa016	316	Jesus	jesus-of-nazareth
person.lifeStory|ruth|779cbaa016	328	Boaz	boaz
person.lifeStory|ruth|779cbaa016	345	Rahab	rahab
person.lifeStory|ruth|779cbaa016	364	Boaz	boaz
person.lifeStory|ruth|779cbaa016	407	Jesus	jesus-of-nazareth
person.lifeStory|ruth|cd91e98b1e	183	Boaz	boaz
person.lifeStory|ruth|cd91e98b1e	203	Naomi	naomi
person.lifeStory|ruth|cd91e98b1e	252	Naomi	naomi
person.lifeStory|ruth|cd91e98b1e	95	Naomi	naomi
person.lifeStory|sadducees|2ad7f51664	110	Jesus	jesus-of-nazareth
person.lifeStory|sadducees|2ad7f51664	400	Jesus	jesus-of-nazareth
person.lifeStory|sadducees|2ad7f51664	640	Moses	moses
person.lifeStory|sadducees|2ad7f51664	685	Abraham	abraham
person.lifeStory|sadducees|2ad7f51664	705	Isaac	isaac
person.lifeStory|sadducees|2ad7f51664	727	Jacob	jacob
person.lifeStory|sadducees|3a8b9c9945	590	John	john-the-baptist
person.lifeStory|sadducees|7d12ce8e1e	203	Jesus	jesus-of-nazareth
person.lifeStory|sadducees|7d12ce8e1e	549	Peter	simon-peter
person.lifeStory|sadducees|7d12ce8e1e	559	John	john-the-baptist
person.lifeStory|sadducees|7d12ce8e1e	611	Jesus	jesus-of-nazareth
person.lifeStory|sadducees|7d12ce8e1e	707	Jesus	jesus-of-nazareth
person.lifeStory|sadducees|7d12ce8e1e	777	Caiaphas	caiaphas
person.lifeStory|sadducees|c50b14a41d	137	David	david
person.lifeStory|sadducees|c50b14a41d	152	Solomon	solomon
person.lifeStory|sadducees|c50b14a41d	489	Caiaphas	caiaphas
person.lifeStory|salmon-father-of-boaz|37b8edba73	128	Perez	perez
person.lifeStory|salmon-father-of-boaz|37b8edba73	142	David	david
person.lifeStory|salmon-father-of-boaz|37b8edba73	55	Nahshon	nahshon
person.lifeStory|salmon-father-of-boaz|37b8edba73	81	Boaz	boaz
person.lifeStory|salmon-father-of-boaz|b88ad25992	116	Boaz	boaz
person.lifeStory|salmon-father-of-boaz|b88ad25992	125	Rahab	rahab
person.lifeStory|salmon-father-of-boaz|b88ad25992	180	Rahab	rahab
person.lifeStory|salmon-father-of-boaz|b88ad25992	23	Jesus	jesus-of-nazareth
person.lifeStory|salmon-father-of-boaz|b88ad25992	351	Rahab	rahab
person.lifeStory|salmon-father-of-boaz|b88ad25992	616	Rahab	rahab
person.lifeStory|salmon-father-of-boaz|b88ad25992	625	David	david
person.lifeStory|salmon-father-of-boaz|b88ad25992	707	Boaz	boaz
person.lifeStory|salmon-father-of-boaz|b88ad25992	712	Obed	obed
person.lifeStory|salmon-father-of-boaz|b88ad25992	717	Jesse	jesse
person.lifeStory|salmon-father-of-boaz|b88ad25992	723	David	david
person.lifeStory|salmon-father-of-boaz|b88ad25992	961	Rahab	rahab
person.lifeStory|salome-follower-of-jesus|53e365d906	19	Mark	john-mark
person.lifeStory|salome-follower-of-jesus|53e365d906	242	Mark	john-mark
person.lifeStory|salome-follower-of-jesus|53e365d906	456	James	james-son-of-zebedee
person.lifeStory|salome-follower-of-jesus|53e365d906	466	John	john-the-baptist
person.lifeStory|salome-follower-of-jesus|53e365d906	53	Jesus	jesus-of-nazareth
person.lifeStory|salome-follower-of-jesus|53e365d906	670	Herod Antipas	herod-antipas
person.lifeStory|salome-follower-of-jesus|53e365d906	698	John the Baptist	john-the-baptist
person.lifeStory|samson|50d3dd455f	31	Delilah	delilah
person.lifeStory|samuel|0788f94b16	16	Saul	saul-king-of-israel
person.lifeStory|samuel|0788f94b16	225	Saul	saul-king-of-israel
person.lifeStory|samuel|0788f94b16	273	Saul	saul-king-of-israel
person.lifeStory|samuel|0788f94b16	295	Saul	saul-king-of-israel
person.lifeStory|samuel|0788f94b16	351	Saul	saul-king-of-israel
person.lifeStory|samuel|6dd7832093	151	Saul	saul-king-of-israel
person.lifeStory|samuel|6dd7832093	164	eve	eve
person.lifeStory|samuel|6dd7832093	248	Saul	saul-king-of-israel
person.lifeStory|samuel|95fef5a71a	175	David	david
person.lifeStory|samuel|95fef5a71a	276	Saul	saul-king-of-israel
person.lifeStory|samuel|95fef5a71a	328	Saul	saul-king-of-israel
person.lifeStory|samuel|95fef5a71a	79	Jesse	jesse
person.lifeStory|samuel|95fef5a71a	99	Jesse	jesse
person.lifeStory|sarah|13fcec4e5c	39	Abram	abraham
person.lifeStory|sarah|490a92e566	199	Abraham	abraham
person.lifeStory|sarah|490a92e566	5	Abram	abraham
person.lifeStory|sarah|490a92e566	65	Abraham	abraham
person.lifeStory|sarah|78b20114d4	11	Isaac	isaac
person.lifeStory|sarah|78b20114d4	154	Isaac	isaac
person.lifeStory|sarah|78b20114d4	203	Abraham	abraham
person.lifeStory|sarah|78b20114d4	220	Hagar	hagar
person.lifeStory|sarah|78b20114d4	270	Isaac	isaac
person.lifeStory|sarah|78b20114d4	311	Abraham	abraham
person.lifeStory|sarah|80236864c9	150	Hagar	hagar
person.lifeStory|sarah|80236864c9	234	Hagar	hagar
person.lifeStory|sarah|80236864c9	253	Hagar	hagar
person.lifeStory|sarah|80236864c9	71	Hagar	hagar
person.lifeStory|sarah|80236864c9	80	Abram	abraham
person.lifeStory|sarah|8ac80acd0f	10	Abram	abraham
person.lifeStory|sarah|93245c1af6	55	Abraham	abraham
person.lifeStory|sarah|b562c845c1	52	Abraham	abraham
person.lifeStory|sarah|b5fb426d3e	28	Abraham	abraham
person.lifeStory|satan|038fb6dbab	0	Paul	paul-of-tarsus
person.lifeStory|satan|038fb6dbab	163	Paul	paul-of-tarsus
person.lifeStory|satan|038fb6dbab	229	Paul	paul-of-tarsus
person.lifeStory|satan|038fb6dbab	316	Paul	paul-of-tarsus
person.lifeStory|satan|038fb6dbab	662	Peter	simon-peter
person.lifeStory|satan|038fb6dbab	747	James	james-son-of-zebedee
person.lifeStory|satan|2122f689da	115	Joshua	joshua
person.lifeStory|satan|2122f689da	177	Joshua	joshua
person.lifeStory|satan|2122f689da	344	David	david
person.lifeStory|satan|2122f689da	49	Zechariah	zechariah-father-of-john-baptist
person.lifeStory|satan|2122f689da	499	David	david
person.lifeStory|satan|34f8dfc091	253	Job	job
person.lifeStory|satan|34f8dfc091	415	Job	job
person.lifeStory|satan|478a592726	143	Michael the archangel	michael-archangel
person.lifeStory|satan|a619417d61	322	Jesus	jesus-of-nazareth
person.lifeStory|satan|a619417d61	41	Jesus	jesus-of-nazareth
person.lifeStory|satan|a619417d61	675	Jesus	jesus-of-nazareth
person.lifeStory|satan|beb649a95a	50	Eve	eve
person.lifeStory|satan|dd6fb29e35	118	Jesus	jesus-of-nazareth
person.lifeStory|satan|dd6fb29e35	130	Peter	simon-peter
person.lifeStory|satan|dd6fb29e35	221	Peter	simon-peter
person.lifeStory|satan|dd6fb29e35	278	Jesus	jesus-of-nazareth
person.lifeStory|satan|dd6fb29e35	45	Judas Iscariot	judas-iscariot
person.lifeStory|satan|dd6fb29e35	83	Jesus	jesus-of-nazareth
person.lifeStory|saul-king-of-israel|049464a5d5	171	David	david
person.lifeStory|saul-king-of-israel|049464a5d5	22	David	david
person.lifeStory|saul-king-of-israel|049464a5d5	225	David	david
person.lifeStory|saul-king-of-israel|049464a5d5	358	David	david
person.lifeStory|saul-king-of-israel|049464a5d5	6	Samuel	samuel
person.lifeStory|saul-king-of-israel|274afb2e63	255	Samuel	samuel
person.lifeStory|saul-king-of-israel|274afb2e63	390	Samuel	samuel
person.lifeStory|saul-king-of-israel|274afb2e63	421	Samuel	samuel
person.lifeStory|saul-king-of-israel|52a4f25324	248	Samuel	samuel
person.lifeStory|saul-king-of-israel|5d1e8a3f49	166	David	david
person.lifeStory|saul-king-of-israel|5d1e8a3f49	306	David	david
person.lifeStory|saul-king-of-israel|5d1e8a3f49	48	David	david
person.lifeStory|saul-king-of-israel|7bae9ffcf0	216	Samuel	samuel
person.lifeStory|saul-king-of-israel|e21623c302	209	Samuel	samuel
person.lifeStory|saul-king-of-israel|e21623c302	281	Samuel	samuel
person.lifeStory|sergius-paulus|9f326f437d	107	Paul	paul-of-tarsus
person.lifeStory|sergius-paulus|9f326f437d	116	Barnabas	barnabas
person.lifeStory|sergius-paulus|9f326f437d	212	Jesus	jesus-of-nazareth
person.lifeStory|sergius-paulus|9f326f437d	65	Luke	luke-evangelist
person.lifeStory|sergius-paulus|db4b7ad10c	0	Paul	paul-of-tarsus
person.lifeStory|sergius-paulus|db4b7ad10c	54	the devil	satan
person.lifeStory|shealtiel|70ee6804b2	275	Zerubbabel	zerubbabel
person.lifeStory|shealtiel|70ee6804b2	493	Zerubbabel	zerubbabel
person.lifeStory|shealtiel|70ee6804b2	50	Jeconiah	jeconiah
person.lifeStory|shealtiel|70ee6804b2	764	Ezra	ezra
person.lifeStory|shealtiel|70ee6804b2	778	Zechariah	zechariah-father-of-john-baptist
person.lifeStory|shealtiel|70ee6804b2	823	Zerubbabel	zerubbabel
person.lifeStory|shealtiel|70ee6804b2	96	Jeconiah	jeconiah
person.lifeStory|silas|21145d63e3	104	Paul	paul-of-tarsus
person.lifeStory|silas|21145d63e3	14	Barnabas	barnabas
person.lifeStory|silas|21145d63e3	305	Paul	paul-of-tarsus
person.lifeStory|silas|21145d63e3	5	Paul	paul-of-tarsus
person.lifeStory|silas|21145d63e3	73	John Mark	john-mark
person.lifeStory|silas|6f5356e6b4	158	Paul	paul-of-tarsus
person.lifeStory|silas|6f5356e6b4	21	Paul	paul-of-tarsus
person.lifeStory|silas|6f5356e6b4	341	Peter	simon-peter
person.lifeStory|silas|e147b673ae	100	Judas	judas-iscariot
person.lifeStory|simeon-at-the-temple|794a5353eb	14	Joseph	joseph-son-of-jacob
person.lifeStory|simeon-at-the-temple|794a5353eb	40	Jesus	jesus-of-nazareth
person.lifeStory|simeon-at-the-temple|794a5353eb	5	Mary	mary-mother-of-jesus
person.lifeStory|simeon-at-the-temple|794a5353eb	501	Mary	mary-mother-of-jesus
person.lifeStory|simeon-at-the-temple|794a5353eb	510	Joseph	joseph-son-of-jacob
person.lifeStory|simeon-at-the-temple|794a5353eb	533	Mary	mary-mother-of-jesus
person.lifeStory|simeon-at-the-temple|cb76c063ea	0	Luke	luke-evangelist
person.lifeStory|simeon-at-the-temple|cb76c063ea	121	the Holy Spirit	holy-spirit
person.lifeStory|simon-magus|d1c99f8c5f	113	Simon	simon-peter
person.lifeStory|simon-magus|d1c99f8c5f	15	John	john-the-baptist
person.lifeStory|simon-magus|d1c99f8c5f	158	Peter	simon-peter
person.lifeStory|simon-magus|d1c99f8c5f	291	Simon	simon-peter
person.lifeStory|simon-magus|d1c99f8c5f	339	Simon	simon-peter
person.lifeStory|simon-magus|d1c99f8c5f	361	Peter	simon-peter
person.lifeStory|simon-magus|d1c99f8c5f	5	Peter	simon-peter
person.lifeStory|simon-magus|d1c99f8c5f	96	the Holy Spirit	holy-spirit
person.lifeStory|simon-magus|ef16392094	143	Philip the Evangelist	philip-the-evangelist
person.lifeStory|simon-magus|ef16392094	191	Simon	simon-peter
person.lifeStory|simon-magus|ef16392094	241	Philip	philip-the-apostle
person.lifeStory|simon-magus|ef16392094	35	Simon	simon-peter
person.lifeStory|simon-of-cyrene|05e88638e8	0	Simon	simon-peter
person.lifeStory|simon-of-cyrene|05e88638e8	145	Jesus	jesus-of-nazareth
person.lifeStory|simon-of-cyrene|05e88638e8	238	Simon	simon-peter
person.lifeStory|simon-of-cyrene|45d25d0c60	0	Mark	john-mark
person.lifeStory|simon-of-cyrene|45d25d0c60	104	Mark	john-mark
person.lifeStory|simon-of-cyrene|45d25d0c60	188	Simon	simon-peter
person.lifeStory|simon-of-cyrene|45d25d0c60	273	Mark	john-mark
person.lifeStory|simon-of-cyrene|45d25d0c60	52	Simon	simon-peter
person.lifeStory|simon-of-cyrene|45d25d0c60	552	Paul	paul-of-tarsus
person.lifeStory|simon-peter|07947cfb43	367	Cornelius	cornelius-the-centurion
person.lifeStory|simon-peter|07947cfb43	524	Paul	paul-of-tarsus
person.lifeStory|simon-peter|1797691e8d	184	Jesus	jesus-of-nazareth
person.lifeStory|simon-peter|1797691e8d	28	Jesus	jesus-of-nazareth
person.lifeStory|simon-peter|1797691e8d	83	Jesus	jesus-of-nazareth
person.lifeStory|simon-peter|71ad5611af	167	Nero	nero-caesar
person.lifeStory|simon-peter|71ad5611af	287	Jesus	jesus-of-nazareth
person.lifeStory|simon-peter|850f5cd56f	116	Andrew	andrew-apostle
person.lifeStory|simon-peter|850f5cd56f	144	James	james-son-of-zebedee
person.lifeStory|simon-peter|850f5cd56f	154	John	john-the-baptist
person.lifeStory|simon-peter|850f5cd56f	181	Jesus	jesus-of-nazareth
person.lifeStory|simon-peter|850f5cd56f	29	John	john-the-baptist
person.lifeStory|simon-peter|d340c4c943	170	Jesus	jesus-of-nazareth
person.lifeStory|simon-peter|d340c4c943	236	Jesus	jesus-of-nazareth
person.lifeStory|simon-peter|d340c4c943	267	God the Father	god-the-father
person.lifeStory|simon-peter|d340c4c943	419	James	james-son-of-zebedee
person.lifeStory|simon-peter|d340c4c943	429	John	john-the-baptist
person.lifeStory|simon-peter|d340c4c943	542	Malchus	malchus
person.lifeStory|simon-peter|d340c4c943	555	Jesus	jesus-of-nazareth
person.lifeStory|simon-the-leper|3222cd9806	12	Mark	john-mark
person.lifeStory|simon-the-leper|3222cd9806	250	Jesus	jesus-of-nazareth
person.lifeStory|simon-the-leper|3222cd9806	389	Simon	simon-peter
person.lifeStory|simon-the-leper|3222cd9806	40	Jesus	jesus-of-nazareth
person.lifeStory|simon-the-leper|3222cd9806	609	Jesus	jesus-of-nazareth
person.lifeStory|simon-the-pharisee|34fdf543fd	129	Jesus	jesus-of-nazareth
person.lifeStory|simon-the-pharisee|34fdf543fd	201	Simon	simon-peter
person.lifeStory|simon-the-pharisee|34fdf543fd	214	Jesus	jesus-of-nazareth
person.lifeStory|simon-the-pharisee|34fdf543fd	27	Jesus	jesus-of-nazareth
person.lifeStory|simon-the-pharisee|34fdf543fd	310	Jesus	jesus-of-nazareth
person.lifeStory|simon-the-pharisee|34fdf543fd	415	Simon	simon-peter
person.lifeStory|simon-the-pharisee|34fdf543fd	565	Simon	simon-peter
person.lifeStory|simon-the-pharisee|34fdf543fd	679	Simon Peter	simon-peter
person.lifeStory|simon-the-pharisee|34fdf543fd	700	Simon the Leper	simon-the-leper
person.lifeStory|simon-the-zealot|0d1e121cb7	0	Simon	simon-peter
person.lifeStory|simon-the-zealot|0d1e121cb7	209	Luke	luke-evangelist
person.lifeStory|simon-the-zealot|0d1e121cb7	262	Simon	simon-peter
person.lifeStory|simon-the-zealot|0d1e121cb7	64	Mark	john-mark
person.lifeStory|solomon|1bc45ad530	110	David	david
person.lifeStory|solomon|3f9e7f2cdb	75	Rehoboam	rehoboam
person.lifeStory|solomon|a282caf56d	145	David	david
person.lifeStory|solomon|a282caf56d	213	Bathsheba	bathsheba
person.lifeStory|solomon|a282caf56d	23	David	david
person.lifeStory|solomon|a282caf56d	239	Nathan	nathan-the-prophet
person.lifeStory|solomon|a282caf56d	262	David	david
person.lifeStory|solomon|a282caf56d	33	Bathsheba	bathsheba
person.lifeStory|solomon|adba1f95ef	279	David	david
person.lifeStory|sosthenes|2c5952eedd	13	Paul	paul-of-tarsus
person.lifeStory|sosthenes|2c5952eedd	260	Paul	paul-of-tarsus
person.lifeStory|sosthenes|bf8dcfafae	115	Gallio	gallio
person.lifeStory|sosthenes|bf8dcfafae	293	Gallio	gallio
person.lifeStory|sosthenes|bf8dcfafae	343	Luke	luke-evangelist
person.lifeStory|sosthenes|bf8dcfafae	40	Paul	paul-of-tarsus
person.lifeStory|sosthenes|bf8dcfafae	401	Gallio	gallio
person.lifeStory|sosthenes|bf8dcfafae	551	Paul	paul-of-tarsus
person.lifeStory|sosthenes|bf8dcfafae	66	Gallio	gallio
person.lifeStory|stephen-the-martyr|0963f446d4	134	Abraham	abraham
person.lifeStory|stephen-the-martyr|0963f446d4	150	Joseph	joseph-son-of-jacob
person.lifeStory|stephen-the-martyr|0963f446d4	158	Moses	moses
person.lifeStory|stephen-the-martyr|0963f446d4	198	Solomon	solomon
person.lifeStory|stephen-the-martyr|0963f446d4	684	Jesus	jesus-of-nazareth
person.lifeStory|stephen-the-martyr|22252ffee8	405	Moses	moses
person.lifeStory|stephen-the-martyr|2f60e78393	357	the Holy Spirit	holy-spirit
person.lifeStory|stephen-the-martyr|cf5c5a0ace	128	Jesus	jesus-of-nazareth
person.lifeStory|stephen-the-martyr|cf5c5a0ace	313	Saul	paul-of-tarsus
person.lifeStory|stephen-the-martyr|cf5c5a0ace	375	Saul	paul-of-tarsus
person.lifeStory|stephen-the-martyr|cf5c5a0ace	415	Paul	paul-of-tarsus
person.lifeStory|stephen-the-martyr|cf5c5a0ace	76	Jesus	jesus-of-nazareth
person.lifeStory|tamar-daughter-in-law-of-judah|75b2964e27	392	Perez	perez
person.lifeStory|tamar-daughter-in-law-of-judah|75b2964e27	402	Zerah	zerah-son-of-judah
person.lifeStory|teresa-of-avila|474fe4a6e1	43	Joseph	joseph-son-of-jacob
person.lifeStory|teresa-of-avila|954ac856a2	126	Paul	paul-of-tarsus
person.lifeStory|teresa-of-avila|954ac856a2	42	John of the Cross	john-of-the-cross
person.lifeStory|thaddaeus|40366b5fb9	203	Luke	luke-evangelist
person.lifeStory|thaddaeus|40366b5fb9	471	Judas Iscariot	judas-iscariot
person.lifeStory|thaddaeus|40366b5fb9	78	Mark	john-mark
person.lifeStory|thaddaeus|93b02a02b6	151	Judas	judas-iscariot
person.lifeStory|thaddaeus|93b02a02b6	279	Jesus	jesus-of-nazareth
person.lifeStory|thaddaeus|93b02a02b6	79	Jesus	jesus-of-nazareth
person.lifeStory|theophilus|4d63df0204	0	Luke	luke-evangelist
person.lifeStory|theophilus|4d63df0204	125	Jesus	jesus-of-nazareth
person.lifeStory|theophilus|4d63df0204	419	Luke	luke-evangelist
person.lifeStory|theophilus|4d63df0204	454	Felix	antonius-felix
person.lifeStory|theophilus|4d63df0204	464	Festus	porcius-festus
person.lifeStory|thomas-apostle|61f8924119	128	Jesus	jesus-of-nazareth
person.lifeStory|thomas-apostle|61f8924119	225	Lazarus	lazarus-of-bethany
person.lifeStory|thomas-apostle|61f8924119	371	Jesus	jesus-of-nazareth
person.lifeStory|thomas-apostle|61f8924119	71	John	john-the-baptist
person.lifeStory|thomas-apostle|a36e5bfe17	258	Jesus	jesus-of-nazareth
person.lifeStory|thomas-apostle|a36e5bfe17	88	Jesus	jesus-of-nazareth
person.lifeStory|thomas-aquinas|416a6c4e34	54	Thomas	thomas-apostle
person.lifeStory|thomas-aquinas|823548e01a	14	Thomas	thomas-apostle
person.lifeStory|thomas-aquinas|9e1f6f1173	0	Thomas	thomas-apostle
person.lifeStory|thomas-cranmer|3769316b8e	18	Mary	mary-mother-of-jesus
person.lifeStory|thomas-cranmer|ec277a52e5	87	Henry VIII	henry-viii
person.lifeStory|tiberius-caesar|39ee330f0f	137	Augustus	caesar-augustus
person.lifeStory|tiberius-caesar|39ee330f0f	195	Augustus	caesar-augustus
person.lifeStory|tiberius-caesar|39ee330f0f	246	Augustus	caesar-augustus
person.lifeStory|tiberius-caesar|39ee330f0f	378	Jesus	jesus-of-nazareth
person.lifeStory|tiberius-caesar|39ee330f0f	42	Augustus	caesar-augustus
person.lifeStory|tiberius-caesar|39ee330f0f	60	Augustus	caesar-augustus
person.lifeStory|tiberius-caesar|54087e49e9	155	John	john-the-baptist
person.lifeStory|tiberius-caesar|54087e49e9	275	Augustus	caesar-augustus
person.lifeStory|tiberius-caesar|54087e49e9	337	John	john-the-baptist
person.lifeStory|tiberius-caesar|54087e49e9	34	John the Baptist	john-the-baptist
person.lifeStory|tiberius-caesar|54087e49e9	455	Jesus	jesus-of-nazareth
person.lifeStory|tiberius-caesar|a92455fbc9	310	Pontius Pilate	pontius-pilate
person.lifeStory|tiberius-caesar|a92455fbc9	358	Jesus	jesus-of-nazareth
person.lifeStory|tiberius-caesar|a92455fbc9	499	Nero	nero-caesar
person.lifeStory|timothy|5f8b97c058	0	Paul	paul-of-tarsus
person.lifeStory|timothy|97e7349ce8	132	Paul	paul-of-tarsus
person.lifeStory|timothy|97e7349ce8	264	Paul	paul-of-tarsus
person.lifeStory|timothy|a04be54300	190	Paul	paul-of-tarsus
person.lifeStory|timothy|a04be54300	284	Paul	paul-of-tarsus
person.lifeStory|timothy|a04be54300	38	Paul	paul-of-tarsus
person.lifeStory|timothy|a04be54300	497	Paul	paul-of-tarsus
person.lifeStory|titus|29fd8f707b	23	Paul	paul-of-tarsus
person.lifeStory|titus|29fd8f707b	355	Paul	paul-of-tarsus
person.lifeStory|titus|c26a84e48c	0	Paul	paul-of-tarsus
person.lifeStory|titus|c26a84e48c	261	Paul	paul-of-tarsus
person.lifeStory|titus|eeabb89725	67	Paul	paul-of-tarsus
person.lifeStory|uriah-the-hittite|4263282edc	12	David	david
person.lifeStory|uriah-the-hittite|4263282edc	382	David	david
person.lifeStory|uriah-the-hittite|4263282edc	398	Bathsheba	bathsheba
person.lifeStory|uriah-the-hittite|4263282edc	464	Nathan	nathan-the-prophet
person.lifeStory|uriah-the-hittite|4263282edc	482	David	david
person.lifeStory|uriah-the-hittite|4263282edc	596	David	david
person.lifeStory|uriah-the-hittite|4263282edc	708	David	david
person.lifeStory|uriah-the-hittite|52789a98d6	119	David	david
person.lifeStory|uriah-the-hittite|52789a98d6	202	David	david
person.lifeStory|uriah-the-hittite|52789a98d6	336	Bathsheba	bathsheba
person.lifeStory|uriah-the-hittite|52789a98d6	401	David	david
person.lifeStory|uriah-the-hittite|5b68440512	127	David	david
person.lifeStory|uriah-the-hittite|5b68440512	575	David	david
person.lifeStory|uriah-the-hittite|5b68440512	74	David	david
person.lifeStory|uriah-the-hittite|5b68440512	91	Bathsheba	bathsheba
person.lifeStory|uzziah|a1cb19210c	127	Jotham	jotham-king-of-judah
person.lifeStory|william-seymour|3914203c93	341	the Holy Spirit	holy-spirit
person.lifeStory|william-wilberforce|a7b53b2a74	140	Thomas	thomas-apostle
person.lifeStory|william-wilberforce|f4dccec0db	297	John Wesley	john-wesley
person.lifeStory|zacchaeus|8cf9984e4c	145	Jesus	jesus-of-nazareth
person.lifeStory|zacchaeus|8cf9984e4c	320	Jesus	jesus-of-nazareth
person.lifeStory|zacchaeus|8cf9984e4c	5	Jesus	jesus-of-nazareth
person.lifeStory|zacchaeus|db9b805efc	264	Luke	luke-evangelist
person.lifeStory|zacchaeus|ea21a60f3b	229	Jesus	jesus-of-nazareth
person.lifeStory|zacchaeus|ea21a60f3b	64	Jesus	jesus-of-nazareth
person.lifeStory|zadok-in-jesus-genealogy|d166e5d4bb	117	Jesus	jesus-of-nazareth
person.lifeStory|zadok-in-jesus-genealogy|d166e5d4bb	284	David	david
person.lifeStory|zadok-in-jesus-genealogy|d166e5d4bb	294	Solomon	solomon
person.lifeStory|zadok-in-jesus-genealogy|d166e5d4bb	315	Solomon	solomon
person.lifeStory|zadok-in-jesus-genealogy|d166e5d4bb	447	Aaron	aaron
person.lifeStory|zadok-in-jesus-genealogy|d166e5d4bb	495	Joseph	joseph-son-of-jacob
person.lifeStory|zadok-in-jesus-genealogy|d166e5d4bb	66	Azor	azor
person.lifeStory|zadok-in-jesus-genealogy|d166e5d4bb	85	Achim	achim
person.lifeStory|zechariah-father-of-john-baptist|83961c3d08	123	John	john-the-baptist
person.lifeStory|zechariah-father-of-john-baptist|83961c3d08	186	Elijah	elijah
person.lifeStory|zechariah-father-of-john-baptist|83961c3d08	287	Gabriel	gabriel-archangel
person.lifeStory|zechariah-father-of-john-baptist|83961c3d08	31	Gabriel	gabriel-archangel
person.lifeStory|zechariah-father-of-john-baptist|83961c3d08	615	Elizabeth	elizabeth-mother-of-john-baptist
person.lifeStory|zechariah-father-of-john-baptist|83961c3d08	84	Elizabeth	elizabeth-mother-of-john-baptist
person.lifeStory|zechariah-father-of-john-baptist|892c90e019	110	Luke	luke-evangelist
person.lifeStory|zechariah-father-of-john-baptist|892c90e019	47	Abijah	abijah-king-of-judah
person.lifeStory|zechariah-father-of-john-baptist|892c90e019	73	Elizabeth	elizabeth-mother-of-john-baptist
person.lifeStory|zechariah-father-of-john-baptist|c544ae9bc2	156	Elizabeth	elizabeth-mother-of-john-baptist
person.lifeStory|zechariah-father-of-john-baptist|c544ae9bc2	179	John	john-the-baptist
person.lifeStory|zechariah-father-of-john-baptist|c544ae9bc2	256	John	john-the-baptist
person.lifeStory|zechariah-father-of-john-baptist|c544ae9bc2	343	the Holy Spirit	holy-spirit
person.lifeStory|zerah-son-of-judah|d9f0972955	49	Perez	perez
person.lifeStory|zerah-son-of-judah|d9f0972955	805	Asa	asa
person.lifeStory|zerubbabel|2791651157	102	Zechariah	zechariah-father-of-john-baptist
person.lifeStory|zerubbabel|2791651157	149	Joshua	joshua
person.lifeStory|zerubbabel|2791651157	347	Zechariah	zechariah-father-of-john-baptist
person.lifeStory|zerubbabel|2791651157	403	Joshua	joshua
person.lifeStory|zerubbabel|ef958b2fe1	40	Jehoiachin	jeconiah
person.lifeStory|zerubbabel|ef958b2fe1	410	Solomon	solomon
person.lifespanDatingNotes|aaron|b77376d5c7	23	Moses	moses
person.lifespanDatingNotes|aaron|b77376d5c7	282	Moses	moses
person.lifespanDatingNotes|aaron|b77376d5c7	384	Moses	moses
person.lifespanDatingNotes|abraham|0cfd9894df	111	Solomon	solomon
person.lifespanDatingNotes|andrew-apostle|9091b3f494	0	Peter	simon-peter
person.lifespanDatingNotes|andrew-apostle|9091b3f494	413	Peter	simon-peter
person.lifespanDatingNotes|andrew-apostle|9091b3f494	80	Jesus	jesus-of-nazareth
person.lifespanDatingNotes|barnabas|10c42ac102	115	Paul	paul-of-tarsus
person.lifespanDatingNotes|barnabas|10c42ac102	216	Paul	paul-of-tarsus
person.lifespanDatingNotes|barnabas|10c42ac102	226	John Mark	john-mark
person.lifespanDatingNotes|bartholomew-nathanael|1816ec7948	57	Jesus	jesus-of-nazareth
person.lifespanDatingNotes|benedict-of-nursia|1f2c6c2239	33	Gregory the Great	gregory-the-great
person.lifespanDatingNotes|ezekiel|513b609128	51	Jehoiachin	jeconiah
person.lifespanDatingNotes|ezra|02d9342e91	326	Nehemiah	nehemiah
person.lifespanDatingNotes|isaac|50f5a85bd6	10	Abraham	abraham
person.lifespanDatingNotes|isaiah|905c4faf44	132	Hezekiah	hezekiah
person.lifespanDatingNotes|isaiah|905c4faf44	231	Manasseh	manasseh-king-of-judah
person.lifespanDatingNotes|isaiah|905c4faf44	36	Uzziah	uzziah
person.lifespanDatingNotes|jacob|f06c6ab42c	10	Isaac	isaac
person.lifespanDatingNotes|james-brother-of-jesus|c1d127cd87	7	Jesus	jesus-of-nazareth
person.lifespanDatingNotes|james-son-of-alphaeus|7b18768310	107	James	james-son-of-zebedee
person.lifespanDatingNotes|james-son-of-alphaeus|7b18768310	18	James	james-son-of-zebedee
person.lifespanDatingNotes|james-son-of-alphaeus|7b18768310	405	James the Just	james-brother-of-jesus
person.lifespanDatingNotes|james-son-of-alphaeus|7b18768310	75	James, son of Zebedee	james-son-of-zebedee
person.lifespanDatingNotes|james-son-of-zebedee|5c5386790e	181	Agrippa I	herod-agrippa-i
person.lifespanDatingNotes|james-son-of-zebedee|5c5386790e	45	John	john-the-baptist
person.lifespanDatingNotes|james-son-of-zebedee|5c5386790e	68	Herod Agrippa I	herod-agrippa-i
person.lifespanDatingNotes|jehoshaphat|a831b647a3	115	Elijah	elijah
person.lifespanDatingNotes|jehoshaphat|a831b647a3	126	Elisha	elisha
person.lifespanDatingNotes|jeremiah|281d2c479a	25	Josiah	josiah
person.lifespanDatingNotes|jesus-of-nazareth|6c0187113c	12	Herod the Great	herod-the-great
person.lifespanDatingNotes|jesus-of-nazareth|6c0187113c	300	Pontius Pilate	pontius-pilate
person.lifespanDatingNotes|john-the-apostle|d4ce940925	340	John	john-the-baptist
person.lifespanDatingNotes|john-the-baptist|2fefe6293f	108	Herod Antipas	herod-antipas
person.lifespanDatingNotes|john-the-baptist|2fefe6293f	155	Jesus	jesus-of-nazareth
person.lifespanDatingNotes|john-the-baptist|2fefe6293f	234	Antipas	herod-antipas
person.lifespanDatingNotes|john-the-baptist|2fefe6293f	29	Jesus	jesus-of-nazareth
person.lifespanDatingNotes|john-the-baptist|2fefe6293f	54	Zechariah	zechariah-father-of-john-baptist
person.lifespanDatingNotes|john-the-baptist|2fefe6293f	68	Elizabeth	elizabeth-mother-of-john-baptist
person.lifespanDatingNotes|joram-king-of-israel|1ed9116b84	310	Jehoshaphat	jehoshaphat
person.lifespanDatingNotes|joram-king-of-israel|1ed9116b84	386	Jehoram	joram-king-of-judah
person.lifespanDatingNotes|joshua|8d9a553541	223	Moses	moses
person.lifespanDatingNotes|mary-magdalene|9021fbf30a	10	Jesus	jesus-of-nazareth
person.lifespanDatingNotes|mary-magdalene|9021fbf30a	252	Mary of Bethany	mary-of-bethany
person.lifespanDatingNotes|mary-magdalene|9021fbf30a	345	Gregory the Great	gregory-the-great
person.lifespanDatingNotes|mary-mother-of-jesus|eb28ce5aa7	21	Jesus	jesus-of-nazareth
person.lifespanDatingNotes|paul-of-tarsus|5f2f7e71fa	11	Stephen	stephen-the-martyr
person.lifespanDatingNotes|paul-of-tarsus|5f2f7e71fa	245	Nero	nero-caesar
person.lifespanDatingNotes|philip-the-apostle|df0b36e394	67	Philip the evangelist	philip-the-evangelist
person.lifespanDatingNotes|samuel|c0bd163b58	174	Saul	saul-king-of-israel
person.lifespanDatingNotes|samuel|c0bd163b58	196	David	david
person.lifespanDatingNotes|samuel|c0bd163b58	245	Saul	saul-king-of-israel
person.lifespanDatingNotes|simon-peter|699ec17677	111	Jesus	jesus-of-nazareth
person.lifespanDatingNotes|simon-peter|699ec17677	156	Jesus	jesus-of-nazareth
person.lifespanDatingNotes|simon-peter|699ec17677	320	Nero	nero-caesar
person.lifespanDatingNotes|stephen-the-martyr|998087162c	179	Paul	paul-of-tarsus
person.lifespanDatingNotes|thaddaeus|0a8b11c37e	158	Bartholomew	bartholomew-nathanael
person.lifespanDatingNotes|timothy|37ed45bd64	0	Paul	paul-of-tarsus
person.lifespanDatingNotes|timothy|37ed45bd64	453	Paul	paul-of-tarsus
person.placesLived|abel|251abda820	15	Adam	adam
person.placesLived|abel|251abda820	24	Eve	eve
person.placesLived|cain|7e201c36c5	15	Adam	adam
person.placesLived|cain|7e201c36c5	24	Eve	eve
person.placesLived|drusilla|7091d675a4	33	Felix	antonius-felix
person.placesLived|elisha|e2ac6011bd	0	Abel	abel
person.placesLived|epaphroditus|9629ae1641	31	Paul	paul-of-tarsus
person.placesLived|ethiopian-eunuch|c1b1542132	50	Philip	philip-the-apostle
person.placesLived|gideon|1f85868fb5	28	Manasseh	manasseh-king-of-judah
person.placesLived|hagar|f7d3c9f6dd	0	Abraham	abraham
person.placesLived|james-brother-of-jesus|422f18e3f2	39	Joseph	joseph-son-of-jacob
person.placesLived|james-brother-of-jesus|422f18e3f2	50	Mary	mary-mother-of-jesus
person.placesLived|james-son-of-alphaeus|3f254ba686	64	Jesus	jesus-of-nazareth
person.placesLived|john-mark|6ed5a25965	136	Peter	simon-peter
person.placesLived|john-mark|6ed5a25965	79	Barnabas	barnabas
person.placesLived|john-the-baptist|f5375b2978	170	Herod Antipas	herod-antipas
person.placesLived|joseph-of-arimathea|64af8a1e64	97	Jesus	jesus-of-nazareth
person.placesLived|judah-son-of-jacob|8cb8525f64	117	Jacob	jacob
person.placesLived|judas-iscariot|70c0583ec0	150	Jesus	jesus-of-nazareth
person.placesLived|leah|ff30b4824e	42	Jacob	jacob
person.placesLived|luke-evangelist|ec6c57b77b	26	Paul	paul-of-tarsus
person.placesLived|mary-magdalene|0b5eb3f071	79	Jesus	jesus-of-nazareth
person.placesLived|mary-mother-of-jesus|80dc3c9e16	68	Jesus	jesus-of-nazareth
person.placesLived|matthew-levi|46c8ed6603	86	Jesus	jesus-of-nazareth
person.placesLived|nathan-the-prophet|ac9cb44091	18	David	david
person.placesLived|onesimus|9363908159	28	Paul	paul-of-tarsus
person.placesLived|philip-the-apostle|dc69c90c66	52	Jesus	jesus-of-nazareth
person.placesLived|priscilla|8ab15bfff3	27	Claudius	claudius-caesar
person.placesLived|rachel|ef7ce0223e	52	Jacob	jacob
person.placesLived|rebekah|cebfb78bf1	98	Isaac	isaac
person.placesLived|ruth|12e67366ee	77	Naomi	naomi
person.placesLived|silas|753cdfc45e	52	Paul	paul-of-tarsus
person.placesLived|simon-of-cyrene|0cb32ab1ad	71	Jesus	jesus-of-nazareth
person.placesLived|simon-the-zealot|3f254ba686	64	Jesus	jesus-of-nazareth
person.placesLived|thaddaeus|3f254ba686	64	Jesus	jesus-of-nazareth
person.placesLived|thomas-apostle|2aeaf0bd91	14	Jesus	jesus-of-nazareth
person.placesLived|timothy|e34c0176a0	59	Paul	paul-of-tarsus
person.placesLived|titus|142fa76e51	14	Paul	paul-of-tarsus
poi.archaeology.note|acrocorinth|31532b7ada	405	Paul	paul-of-tarsus
poi.archaeology.note|al-maghtas|01ce48d4f4	355	Jesus	jesus-of-nazareth
poi.archaeology.note|al-maghtas|01ce48d4f4	97	John the Baptist	john-the-baptist
poi.archaeology.note|ancient-agora-athens|6a573fb525	191	Paul	paul-of-tarsus
poi.archaeology.note|antipatris|b7c206ba39	398	Paul	paul-of-tarsus
poi.archaeology.note|antonia-fortress|fe8fd69197	337	Jesus	jesus-of-nazareth
poi.archaeology.note|antonia-fortress|fe8fd69197	363	Pilate	pontius-pilate
poi.archaeology.note|apollonia-macedonia|9438168c61	15	Luke	luke-evangelist
poi.archaeology.note|apollonia-macedonia|9438168c61	392	Paul	paul-of-tarsus
poi.archaeology.note|appian-way-quo-vadis-rome|f8146d671d	292	Peter	simon-peter
poi.archaeology.note|areopagus-athens|264b007271	385	Paul	paul-of-tarsus
poi.archaeology.note|bab-kisan-damascus|843bbc9dd3	256	Paul	paul-of-tarsus
poi.archaeology.note|basilica-of-annunciation-nazareth|bd5dfe6d21	446	Mary	mary-mother-of-jesus
poi.archaeology.note|basilica-st-john|b1fb87b1d9	154	John	john-the-baptist
poi.archaeology.note|basilica-st-john|b1fb87b1d9	268	John	john-the-baptist
poi.archaeology.note|basilica-st-paul-outside-walls-rome|b3131ec270	178	Paul	paul-of-tarsus
poi.archaeology.note|basilica-st-paul-outside-walls-rome|b3131ec270	560	Paul	paul-of-tarsus
poi.archaeology.note|caesarea-maritima|a39e0f20a7	426	Pontius Pilate	pontius-pilate
poi.archaeology.note|caesarea-philippi|dad29b93e4	184	Herod the Great	herod-the-great
poi.archaeology.note|caesarea-philippi|dad29b93e4	218	Augustus	caesar-augustus
poi.archaeology.note|catacombs-of-priscilla-rome|781c038e61	456	Mary	mary-mother-of-jesus
poi.archaeology.note|cave-church-st-peter-antioch|f878e8c9c9	227	Peter	simon-peter
poi.archaeology.note|cave-of-apocalypse-patmos|a1e6d4267b	409	John	john-the-baptist
poi.archaeology.note|chorazin|664628df5d	226	Moses	moses
poi.archaeology.note|chorazin|664628df5d	260	Jesus	jesus-of-nazareth
poi.archaeology.note|chorazin|664628df5d	315	Moses	moses
poi.archaeology.note|circus-of-nero-rome|9c89e1a75a	227	Peter	simon-peter
poi.archaeology.note|circus-of-nero-rome|9c89e1a75a	417	Peter	simon-peter
poi.archaeology.note|city-of-david|490ab89a53	171	David	david
poi.archaeology.note|dominus-flevit|621fe7402b	390	Jesus	jesus-of-nazareth
poi.archaeology.note|dormition-abbey|d39d59c090	100	John	john-the-baptist
poi.archaeology.note|dormition-abbey|d39d59c090	462	Mary	mary-mother-of-jesus
poi.archaeology.note|dura-europos-house-church|859560f450	76	Michael	michael-archangel
poi.archaeology.note|ein-karem|f56ab6de27	158	John the Baptist	john-the-baptist
poi.archaeology.note|ein-karem|f56ab6de27	255	Elizabeth	elizabeth-mother-of-john-baptist
poi.archaeology.note|emmaus|335bdfa72d	438	Luke	luke-evangelist
poi.archaeology.note|erastus-inscription-corinth|dad8b5398a	344	Paul	paul-of-tarsus
poi.archaeology.note|erastus-inscription-corinth|dad8b5398a	563	Paul	paul-of-tarsus
poi.archaeology.note|gallio-inscription-delphi|88eba60571	343	Gallio	gallio
poi.archaeology.note|garden-tomb|692d0a532c	184	Jesus	jesus-of-nazareth
poi.archaeology.note|garden-tomb|692d0a532c	406	Jesus	jesus-of-nazareth
poi.archaeology.note|golgotha|774a271246	496	Jesus	jesus-of-nazareth
poi.archaeology.note|great-theatre-ephesus|f82790cb7a	200	Nero	nero-caesar
poi.archaeology.note|grotto-of-st-paul-ephesus|0db86eddae	324	Paul	paul-of-tarsus
poi.archaeology.note|herodium|0df5edb1eb	188	Gideon	gideon
poi.archaeology.note|hierapolis|46d9a2eee7	188	Philip	philip-the-apostle
poi.archaeology.note|hierapolis|46d9a2eee7	251	Philip	philip-the-apostle
poi.archaeology.note|house-of-ananias-damascus|671f1e1a6c	371	Ananias	ananias-and-sapphira
poi.archaeology.note|house-of-virgin-mary-ephesus|e9787a8c1c	438	Mary	mary-mother-of-jesus
poi.archaeology.note|jericho|33e63b7af2	319	Joshua	joshua
poi.archaeology.note|machaerus|5964fad5ca	169	John the Baptist	john-the-baptist
poi.archaeology.note|machaerus|5964fad5ca	277	John	john-the-baptist
poi.archaeology.note|magdala|a1564fea8b	416	Mary Magdalene	mary-magdalene
poi.archaeology.note|mamertine-prison-rome|cf4c222561	1355	Peter	simon-peter
poi.archaeology.note|mamertine-prison-rome|cf4c222561	1364	Paul	paul-of-tarsus
poi.archaeology.note|mamertine-prison-rome|cf4c222561	165	Peter	simon-peter
poi.archaeology.note|marys-well-nazareth|5cdb6aaa2b	404	Jesus	jesus-of-nazareth
poi.archaeology.note|megiddo|aa83738f5f	200	Solomon	solomon
poi.archaeology.note|nazareth-synagogue-church|e2a4fb4dff	342	Jesus	jesus-of-nazareth
poi.archaeology.note|paphos|1a46862dd2	262	Sergius Paulus	sergius-paulus
poi.archaeology.note|paphos|1a46862dd2	321	Sergius Paulus	sergius-paulus
poi.archaeology.note|patara|25c6bf6296	226	Nero	nero-caesar
poi.archaeology.note|perga|3eb01adcdf	356	Paul	paul-of-tarsus
poi.archaeology.note|pool-of-bethesda|5d6d6d015f	266	John	john-the-baptist
poi.archaeology.note|pool-of-siloam|caf56a96a9	206	Jesus	jesus-of-nazareth
poi.archaeology.note|rhegium|424f789ce6	318	Paul	paul-of-tarsus
poi.archaeology.note|salamis|4b13067fc0	283	Paul	paul-of-tarsus
poi.archaeology.note|sepphoris|62d5301ee1	427	Jesus	jesus-of-nazareth
poi.archaeology.note|st-pauls-bay-malta|4cc9c275f7	330	Thomas	thomas-apostle
poi.archaeology.note|st-pauls-bay-malta|4cc9c275f7	397	Paul	paul-of-tarsus
poi.archaeology.note|st-peter-gallicantu|c8fee3bd19	218	Jesus	jesus-of-nazareth
poi.archaeology.note|st-peter-gallicantu|c8fee3bd19	341	Caiaphas	caiaphas
poi.archaeology.note|st-peter-gallicantu|c8fee3bd19	546	Caiaphas	caiaphas
poi.archaeology.note|straight-street-damascus|bee2b53edf	338	Judas	judas-iscariot
poi.archaeology.note|syracuse|559b9d78fb	257	Paul	paul-of-tarsus
poi.archaeology.note|temple-of-artemis-ephesus|4839b74e3d	149	Lydia	lydia-of-thyatira
poi.archaeology.note|temple-of-artemis-ephesus|4839b74e3d	233	Paul	paul-of-tarsus
poi.archaeology.note|temple-of-artemis-ephesus|4839b74e3d	282	John	john-the-baptist
poi.archaeology.note|temple-of-artemis-ephesus|4839b74e3d	389	David	david
poi.archaeology.note|theatre-of-miletus|b8a6666d7d	434	Paul	paul-of-tarsus
poi.archaeology.note|tomb-of-lazarus-bethany|135d163982	515	Lazarus	lazarus-of-bethany
poi.archaeology.note|tomb-of-lazarus-bethany|135d163982	58	Jerome	jerome
poi.archaeology.note|tomb-of-timothy-ephesus|f7e4fdb259	36	Timothy	timothy
poi.archaeology.note|tomb-of-virgin-mary-kidron|93a405e40a	228	Mary	mary-mother-of-jesus
poi.archaeology.note|tomb-of-virgin-mary-kidron|93a405e40a	250	Jehoshaphat	jehoshaphat
poi.archaeology.note|tomb-of-virgin-mary-kidron|93a405e40a	624	Mary	mary-mother-of-jesus
poi.archaeology.note|tower-of-david|399a858f12	445	David	david
poi.archaeology.note|tower-of-david|399a858f12	527	David	david
poi.archaeology.note|vatican-necropolis-rome|2c1f0de694	144	Peter	simon-peter
poi.archaeology.note|vatican-necropolis-rome|2c1f0de694	255	Paul	paul-of-tarsus
poi.archaeology.note|vatican-necropolis-rome|2c1f0de694	453	Peter	simon-peter
poi.archaeology.note|well-of-st-paul-tarsus|375aba8785	209	Paul	paul-of-tarsus
poi.archaeology.note|well-of-st-paul-tarsus|375aba8785	379	Paul	paul-of-tarsus
poi.archaeology.note|western-wall|30fdf21c3c	385	Agrippa II	herod-agrippa-ii
poi.description|acrocorinth|34286daa42	263	Paul	paul-of-tarsus
poi.description|acrocorinth|34286daa42	78	Paul	paul-of-tarsus
poi.description|al-maghtas|eb004fd788	138	John the Baptist	john-the-baptist
poi.description|al-maghtas|eb004fd788	193	Jesus	jesus-of-nazareth
poi.description|amphipolis|d6a4f9567c	63	Paul	paul-of-tarsus
poi.description|amphipolis|d6a4f9567c	69	Silas	silas
poi.description|amphipolis|d6a4f9567c	80	Timothy	timothy
poi.description|ancient-agora-athens|c142e52544	200	Paul	paul-of-tarsus
poi.description|antipatris|b96422ea27	18	Herod the Great	herod-the-great
poi.description|antipatris|b96422ea27	197	Paul	paul-of-tarsus
poi.description|antonia-fortress|590fb927e2	216	Jesus	jesus-of-nazareth
poi.description|antonia-fortress|590fb927e2	239	Pontius Pilate	pontius-pilate
poi.description|apollonia-macedonia|c3993cba34	34	Paul	paul-of-tarsus
poi.description|apollonia-macedonia|c3993cba34	40	Silas	silas
poi.description|apollonia-macedonia|c3993cba34	51	Timothy	timothy
poi.description|appian-way-quo-vadis-rome|608a4c338b	292	Peter	simon-peter
poi.description|appian-way-quo-vadis-rome|608a4c338b	322	Peter	simon-peter
poi.description|appian-way-quo-vadis-rome|608a4c338b	407	Peter	simon-peter
poi.description|appian-way-quo-vadis-rome|608a4c338b	563	Peter	simon-peter
poi.description|appian-way-quo-vadis-rome|608a4c338b	61	Claudius	claudius-caesar
poi.description|areopagus-athens|7fc35b5e09	241	Paul	paul-of-tarsus
poi.description|assos|469007dc07	95	Paul	paul-of-tarsus
poi.description|bab-kisan-damascus|f2408ffd28	144	Paul	paul-of-tarsus
poi.description|bab-kisan-damascus|f2408ffd28	321	Paul	paul-of-tarsus
poi.description|basilica-of-annunciation-nazareth|c852ae56a6	161	Gabriel	gabriel-archangel
poi.description|basilica-of-annunciation-nazareth|c852ae56a6	174	Mary	mary-mother-of-jesus
poi.description|basilica-of-annunciation-nazareth|c852ae56a6	198	Jesus	jesus-of-nazareth
poi.description|basilica-of-annunciation-nazareth|c852ae56a6	342	Mary	mary-mother-of-jesus
poi.description|basilica-st-john|a162def221	145	John	john-the-baptist
poi.description|basilica-st-paul-outside-walls-rome|a566121db6	271	Paul	paul-of-tarsus
poi.description|basilica-st-paul-outside-walls-rome|a566121db6	67	Paul	paul-of-tarsus
poi.description|basilica-st-paul-outside-walls-rome|a566121db6	96	Nero	nero-caesar
poi.description|beersheba|d148bcf0a4	139	Abraham	abraham
poi.description|beersheba|d148bcf0a4	223	Isaac	isaac
poi.description|beersheba|d148bcf0a4	233	Jacob	jacob
poi.description|bema-of-corinth|c76fe57d06	272	Paul	paul-of-tarsus
poi.description|bema-of-corinth|c76fe57d06	347	Gallio	gallio
poi.description|beth-shean|673747a9dc	121	Saul	saul-king-of-israel
poi.description|bethel|9657d056ba	47	Jacob	jacob
poi.description|bethsaida|43ba78d3ed	126	Peter	simon-peter
poi.description|bethsaida|43ba78d3ed	133	Andrew	andrew-apostle
poi.description|bethsaida|43ba78d3ed	145	Philip	philip-the-apostle
poi.description|bethsaida|43ba78d3ed	275	Jesus	jesus-of-nazareth
poi.description|caesarea-maritima|1a3db50c63	192	Pontius Pilate	pontius-pilate
poi.description|caesarea-maritima|1a3db50c63	208	Paul	paul-of-tarsus
poi.description|caesarea-maritima|1a3db50c63	290	Felix	antonius-felix
poi.description|caesarea-maritima|1a3db50c63	300	Festus	porcius-festus
poi.description|caesarea-maritima|1a3db50c63	342	Peter	simon-peter
poi.description|caesarea-maritima|1a3db50c63	385	Cornelius	cornelius-the-centurion
poi.description|caesarea-maritima|1a3db50c63	60	Herod the Great	herod-the-great
poi.description|caesarea-philippi|5c3efdd6cf	130	Philip the Tetrarch	philip-the-tetrarch
poi.description|caesarea-philippi|5c3efdd6cf	218	Peter	simon-peter
poi.description|caesarea-philippi|5c3efdd6cf	234	Jesus	jesus-of-nazareth
poi.description|catacombs-of-priscilla-rome|2e40708bc9	63	Priscilla	priscilla
poi.description|cave-church-st-peter-antioch|2e6a8c17f7	313	Paul	paul-of-tarsus
poi.description|cave-church-st-peter-antioch|2e6a8c17f7	322	Barnabas	barnabas
poi.description|cave-of-apocalypse-patmos|c84d818fb2	112	John	john-the-baptist
poi.description|cave-of-apocalypse-patmos|c84d818fb2	284	John	john-the-baptist
poi.description|cave-of-apocalypse-patmos|c84d818fb2	393	John	john-the-baptist
poi.description|chapel-of-ascension|f2fa15c8d9	95	Jesus	jesus-of-nazareth
poi.description|chorazin|71ced53735	196	Jesus	jesus-of-nazareth
poi.description|church-of-mary-ephesus|18cbfee53f	218	Mary	mary-mother-of-jesus
poi.description|church-of-mary-ephesus|18cbfee53f	323	Mary	mary-mother-of-jesus
poi.description|church-of-mary-ephesus|18cbfee53f	558	Mary	mary-mother-of-jesus
poi.description|church-of-pater-noster|56a55243ac	156	Jesus	jesus-of-nazareth
poi.description|church-of-pater-noster|56a55243ac	558	Jesus	jesus-of-nazareth
poi.description|circus-of-nero-rome|9a852fca1c	239	Nero	nero-caesar
poi.description|circus-of-nero-rome|9a852fca1c	34	Nero	nero-caesar
poi.description|circus-of-nero-rome|9a852fca1c	388	Peter	simon-peter
poi.description|city-of-david|321c442995	174	David	david
poi.description|city-of-david|321c442995	282	Jesus	jesus-of-nazareth
poi.description|dominus-flevit|d97bf9d8a9	139	Jesus	jesus-of-nazareth
poi.description|dormition-abbey|608ae00047	184	Mary	mary-mother-of-jesus
poi.description|dormition-abbey|608ae00047	365	Jesus	jesus-of-nazareth
poi.description|dormition-abbey|608ae00047	380	Mary	mary-mother-of-jesus
poi.description|dura-europos-house-church|8f9758c5c3	505	Jesus Christ	jesus-of-nazareth
poi.description|ecce-homo-arch|63e5964c5e	142	Pontius Pilate	pontius-pilate
poi.description|ecce-homo-arch|63e5964c5e	180	Jesus	jesus-of-nazareth
poi.description|ecce-homo-arch|63e5964c5e	347	Jesus	jesus-of-nazareth
poi.description|ecce-homo-arch|63e5964c5e	608	Pilate	pontius-pilate
poi.description|ein-karem|c509227162	121	John the Baptist	john-the-baptist
poi.description|ein-karem|c509227162	166	Elizabeth	elizabeth-mother-of-john-baptist
poi.description|ein-karem|c509227162	180	Zechariah	zechariah-father-of-john-baptist
poi.description|ein-karem|c509227162	251	Mary	mary-mother-of-jesus
poi.description|ein-karem|c509227162	264	Elizabeth	elizabeth-mother-of-john-baptist
poi.description|emmaus|2429470aa0	405	Luke	luke-evangelist
poi.description|emmaus|2429470aa0	73	Jesus	jesus-of-nazareth
poi.description|erastus-inscription-corinth|590fa275af	242	Paul	paul-of-tarsus
poi.description|eutychus-site-troas|6bfffbae4d	112	Paul	paul-of-tarsus
poi.description|eutychus-site-troas|6bfffbae4d	220	Paul	paul-of-tarsus
poi.description|eutychus-site-troas|6bfffbae4d	34	Paul	paul-of-tarsus
poi.description|forum-of-appius-three-taverns|9cb7a9f2e8	202	Paul	paul-of-tarsus
poi.description|forum-of-appius-three-taverns|9cb7a9f2e8	288	Paul	paul-of-tarsus
poi.description|gallio-inscription-delphi|a4ccf7eee1	115	Gallio	gallio
poi.description|gallio-inscription-delphi|a4ccf7eee1	181	Claudius	claudius-caesar
poi.description|gallio-inscription-delphi|a4ccf7eee1	415	Paul	paul-of-tarsus
poi.description|gallio-inscription-delphi|a4ccf7eee1	80	Claudius	claudius-caesar
poi.description|garden-tomb|9459a6a252	203	Jesus	jesus-of-nazareth
poi.description|gethsemane|478cdfef71	141	Judas	judas-iscariot
poi.description|gethsemane|478cdfef71	66	Jesus	jesus-of-nazareth
poi.description|golgotha|64217746c9	60	Jesus	jesus-of-nazareth
poi.description|great-theatre-ephesus|d4eff8af84	228	Paul	paul-of-tarsus
poi.description|great-theatre-ephesus|d4eff8af84	335	Paul	paul-of-tarsus
poi.description|great-theatre-ephesus|d4eff8af84	353	Paul	paul-of-tarsus
poi.description|great-theatre-ephesus|d4eff8af84	541	Claudius	claudius-caesar
poi.description|great-theatre-ephesus|d4eff8af84	554	Nero	nero-caesar
poi.description|grotto-of-st-paul-ephesus|24cd52f9b8	186	Paul	paul-of-tarsus
poi.description|grotto-of-st-paul-ephesus|24cd52f9b8	302	Paul	paul-of-tarsus
poi.description|grotto-of-st-paul-ephesus|24cd52f9b8	448	Paul	paul-of-tarsus
poi.description|hebron|4f1d11681d	103	Isaac	isaac
poi.description|hebron|4f1d11681d	110	Jacob	jacob
poi.description|hebron|4f1d11681d	16	Abraham	abraham
poi.description|hebron|4f1d11681d	198	David	david
poi.description|hebron|4f1d11681d	77	Sarah	sarah
poi.description|hebron|4f1d11681d	94	Abraham	abraham
poi.description|herod-winter-palace-jericho|0e97fbc126	154	Herod the Great	herod-the-great
poi.description|herodium|a8b6265d43	166	Jesus	jesus-of-nazareth
poi.description|herodium|a8b6265d43	40	Herod the Great	herod-the-great
poi.description|hierapolis|422144d584	175	Philip	philip-the-apostle
poi.description|house-of-ananias-damascus|c60c637c2c	123	Ananias	ananias-and-sapphira
poi.description|house-of-ananias-damascus|c60c637c2c	210	Saul	paul-of-tarsus
poi.description|house-of-virgin-mary-ephesus|5695d04445	133	Mary	mary-mother-of-jesus
poi.description|house-of-virgin-mary-ephesus|5695d04445	194	John	john-the-baptist
poi.description|house-of-virgin-mary-ephesus|5695d04445	254	Jesus	jesus-of-nazareth
poi.description|house-of-virgin-mary-ephesus|5695d04445	269	Mary	mary-mother-of-jesus
poi.description|house-of-virgin-mary-ephesus|5695d04445	277	John	john-the-baptist
poi.description|house-of-virgin-mary-ephesus|5695d04445	348	John	john-the-baptist
poi.description|jericho|328de9ec6c	280	Jesus	jesus-of-nazareth
poi.description|jericho|328de9ec6c	321	Zacchaeus	zacchaeus
poi.description|kursi|6c1aab1b19	129	Jesus	jesus-of-nazareth
poi.description|lechaion|17c690c729	315	Paul	paul-of-tarsus
poi.description|machaerus|f5c54c610d	116	Herod Antipas	herod-antipas
poi.description|machaerus|f5c54c610d	160	John the Baptist	john-the-baptist
poi.description|machaerus|f5c54c610d	214	Salome	salome-follower-of-jesus
poi.description|magdala|0d7e257acb	155	Mary Magdalene	mary-magdalene
poi.description|magdala|0d7e257acb	178	Jesus	jesus-of-nazareth
poi.description|mamertine-prison-rome|93ae1b8990	282	Peter	simon-peter
poi.description|mamertine-prison-rome|93ae1b8990	292	Paul	paul-of-tarsus
poi.description|mamertine-prison-rome|93ae1b8990	360	Nero	nero-caesar
poi.description|martyrdom-site-polycarp-smyrna|da2885a3b3	57	John	john-the-baptist
poi.description|marys-well-nazareth|7fda6a302e	121	Mary	mary-mother-of-jesus
poi.description|marys-well-nazareth|7fda6a302e	249	James	james-son-of-zebedee
poi.description|marys-well-nazareth|7fda6a302e	348	Gabriel	gabriel-archangel
poi.description|marys-well-nazareth|7fda6a302e	95	Gabriel	gabriel-archangel
poi.description|masada|91aa0aa827	50	Herod the Great	herod-the-great
poi.description|megiddo-church|eec47ab72e	826	Jesus Christ	jesus-of-nazareth
poi.description|megiddo-church|eec47ab72e	918	Jesus	jesus-of-nazareth
poi.description|megiddo|9967a55af0	286	Solomon	solomon
poi.description|milk-grotto-bethlehem|3cb8cac295	321	Jesus	jesus-of-nazareth
poi.description|milk-grotto-bethlehem|3cb8cac295	362	Mary	mary-mother-of-jesus
poi.description|mount-of-beatitudes|ee47cf2616	130	Jesus	jesus-of-nazareth
poi.description|mount-precipice|9e733d145d	171	Isaiah	isaiah
poi.description|mount-precipice|9e733d145d	99	Jesus	jesus-of-nazareth
poi.description|mount-sinai|33858639c7	71	Moses	moses
poi.description|nazareth-synagogue-church|e9ffad7f69	130	Jesus	jesus-of-nazareth
poi.description|nazareth-synagogue-church|e9ffad7f69	160	Isaiah	isaiah
poi.description|neapolis-philippi-port|bfa4b4bb0b	35	Paul	paul-of-tarsus
poi.description|neapolis-philippi-port|bfa4b4bb0b	41	Silas	silas
poi.description|neapolis-philippi-port|bfa4b4bb0b	48	Timothy	timothy
poi.description|neapolis-philippi-port|bfa4b4bb0b	61	Luke	luke-evangelist
poi.description|paphos|8cc0b9fd2c	189	Sergius Paulus	sergius-paulus
poi.description|paphos|8cc0b9fd2c	77	Paul	paul-of-tarsus
poi.description|paphos|8cc0b9fd2c	86	Barnabas	barnabas
poi.description|patara|e4b8d51abd	61	Paul	paul-of-tarsus
poi.description|perga|c95b4bbfc5	135	Paul	paul-of-tarsus
poi.description|perga|c95b4bbfc5	214	John Mark	john-mark
poi.description|perga|c95b4bbfc5	56	Paul	paul-of-tarsus
poi.description|perga|c95b4bbfc5	65	Barnabas	barnabas
poi.description|pool-of-bethesda|8866d9f255	88	Jesus	jesus-of-nazareth
poi.description|pool-of-siloam|9ceb2d321e	64	Jesus	jesus-of-nazareth
poi.description|rhegium|27afdd6544	141	Paul	paul-of-tarsus
poi.description|salamis|fc1cc4b7ad	188	Barnabas	barnabas
poi.description|salamis|fc1cc4b7ad	30	Paul	paul-of-tarsus
poi.description|salamis|fc1cc4b7ad	39	Barnabas	barnabas
poi.description|sepphoris|9f8e87d48d	181	Joseph	joseph-son-of-jacob
poi.description|sepphoris|9f8e87d48d	202	Jesus	jesus-of-nazareth
poi.description|sepphoris|9f8e87d48d	332	Jesus	jesus-of-nazareth
poi.description|sepphoris|9f8e87d48d	79	Herod Antipas	herod-antipas
poi.description|shechem|a93bdc9500	108	Jacob	jacob
poi.description|shechem|a93bdc9500	180	Joshua	joshua
poi.description|shechem|a93bdc9500	296	Jacob	jacob
poi.description|shechem|a93bdc9500	316	Jesus	jesus-of-nazareth
poi.description|shechem|a93bdc9500	61	Abraham	abraham
poi.description|shepherds-field|4562c63456	151	Jesus	jesus-of-nazareth
poi.description|shiloh|c650b9acd2	238	Samuel	samuel
poi.description|st-pauls-bay-malta|a1442309d0	184	Paul	paul-of-tarsus
poi.description|st-pauls-bay-malta|a1442309d0	63	Paul	paul-of-tarsus
poi.description|st-peter-gallicantu|226e52a1d6	158	Caiaphas	caiaphas
poi.description|st-peter-gallicantu|226e52a1d6	196	Jesus	jesus-of-nazareth
poi.description|st-peter-gallicantu|226e52a1d6	233	Peter	simon-peter
poi.description|straight-street-damascus|bdac5ca8da	135	Ananias	ananias-and-sapphira
poi.description|straight-street-damascus|bdac5ca8da	189	Saul of Tarsus	paul-of-tarsus
poi.description|straight-street-damascus|bdac5ca8da	229	Judas	judas-iscariot
poi.description|syracuse|81f0f6e87c	145	Paul	paul-of-tarsus
poi.description|tabgha|1dafae09c2	51	Jesus	jesus-of-nazareth
poi.description|temple-of-apollo-corinth|3e57ffaa83	244	Paul	paul-of-tarsus
poi.description|temple-of-apollo-corinth|3e57ffaa83	339	Paul	paul-of-tarsus
poi.description|temple-of-artemis-ephesus|a92fa8cf5c	319	Paul	paul-of-tarsus
poi.description|temple-of-artemis-ephesus|a92fa8cf5c	391	Paul	paul-of-tarsus
poi.description|theatre-of-miletus|aa96729a7f	434	Paul	paul-of-tarsus
poi.description|theatre-of-miletus|aa96729a7f	93	Paul	paul-of-tarsus
poi.description|tomb-of-lazarus-bethany|7b8a0a8779	206	Jesus	jesus-of-nazareth
poi.description|tomb-of-lazarus-bethany|7b8a0a8779	64	Lazarus	lazarus-of-bethany
poi.description|tomb-of-timothy-ephesus|8e49cfc624	0	Timothy	timothy
poi.description|tomb-of-timothy-ephesus|8e49cfc624	132	Paul	paul-of-tarsus
poi.description|tomb-of-timothy-ephesus|8e49cfc624	289	Timothy	timothy
poi.description|tomb-of-timothy-ephesus|8e49cfc624	500	Paul	paul-of-tarsus
poi.description|tomb-of-timothy-ephesus|8e49cfc624	553	Paul	paul-of-tarsus
poi.description|tomb-of-timothy-ephesus|8e49cfc624	59	Timothy	timothy
poi.description|tomb-of-timothy-ephesus|8e49cfc624	9	Paul	paul-of-tarsus
poi.description|tomb-of-virgin-mary-kidron|da154f7bd1	164	Mary, mother of Jesus	mary-mother-of-jesus
poi.description|tomb-of-virgin-mary-kidron|da154f7bd1	295	Mary	mary-mother-of-jesus
poi.description|tower-of-david|303940d1d3	66	Herod the Great	herod-the-great
poi.description|upper-room|c0441c78d3	150	the Holy Spirit	holy-spirit
poi.description|upper-room|c0441c78d3	76	Jesus	jesus-of-nazareth
poi.description|vatican-necropolis-rome|95a2487feb	12	Peter	simon-peter
poi.description|vatican-necropolis-rome|95a2487feb	229	Peter	simon-peter
poi.description|vatican-necropolis-rome|95a2487feb	280	Peter	simon-peter
poi.description|wedding-church-cana|e4fdb13ddb	73	Jesus	jesus-of-nazareth
poi.description|well-of-st-paul-tarsus|1c7a157cad	0	Paul	paul-of-tarsus
poi.description|well-of-st-paul-tarsus|1c7a157cad	189	Paul	paul-of-tarsus
poi.description|well-of-st-paul-tarsus|1c7a157cad	285	Paul	paul-of-tarsus
poi.description|well-of-st-paul-tarsus|1c7a157cad	337	Paul	paul-of-tarsus
poi.description|western-wall|37906ceed8	178	Jesus	jesus-of-nazareth
poi.description|western-wall|37906ceed8	72	Herod the Great	herod-the-great
timelineEvent.article|abolition-slave-trade-1807|3c77c02cf5	0	William Wilberforce	william-wilberforce
timelineEvent.article|abolition-slave-trade-1807|6ac4ddc068	271	John Wesley	john-wesley
timelineEvent.article|abolition-slave-trade-1807|816abe073b	210	Thomas	thomas-apostle
timelineEvent.article|aquinas-summa-theologica-c1265|fdf826cc7a	0	Thomas Aquinas	thomas-aquinas
timelineEvent.article|augustine-confessions-397|697843f5a8	442	Paul	paul-of-tarsus
timelineEvent.article|azusa-street-revival-1906|e6df9f525a	0	William J. Seymour	william-seymour
timelineEvent.article|azusa-street-revival-1906|e6df9f525a	237	the Holy Spirit	holy-spirit
timelineEvent.article|benedict-rule-c529|80f2f591c3	146	Charlemagne	charlemagne
timelineEvent.article|benedict-rule-c529|9663d5c392	38	Gregory the Great	gregory-the-great
timelineEvent.article|bib-ac-antioch-church-founded|2a42748617	474	Barnabas	barnabas
timelineEvent.article|bib-ac-antioch-church-founded|2a42748617	49	Stephen	stephen-the-martyr
timelineEvent.article|bib-ac-antioch-church-founded|2a42748617	566	Saul	paul-of-tarsus
timelineEvent.article|bib-ac-antioch-church-founded|5d2d473f79	19	Luke	luke-evangelist
timelineEvent.article|bib-ac-antioch-church-founded|5d2d473f79	237	Barnabas	barnabas
timelineEvent.article|bib-ac-antioch-church-founded|5d2d473f79	250	Saul	paul-of-tarsus
timelineEvent.article|bib-ac-antioch-church-founded|5d2d473f79	323	the Holy Spirit	holy-spirit
timelineEvent.article|bib-ac-antioch-church-founded|5d2d473f79	349	Barnabas	barnabas
timelineEvent.article|bib-ac-antioch-church-founded|5d2d473f79	362	Saul	paul-of-tarsus
timelineEvent.article|bib-ac-antioch-church-founded|82deac9334	123	Barnabas	barnabas
timelineEvent.article|bib-ac-antioch-church-founded|82deac9334	136	Saul	paul-of-tarsus
timelineEvent.article|bib-ac-antioch-church-founded|82deac9334	223	Paul	paul-of-tarsus
timelineEvent.article|bib-ac-council-of-nicaea|5b18df476c	36	Arius	arius
timelineEvent.article|bib-ac-council-of-nicaea|5b18df476c	456	John	john-the-baptist
timelineEvent.article|bib-ac-council-of-nicaea|5b18df476c	507	Paul	paul-of-tarsus
timelineEvent.article|bib-ac-council-of-nicaea|a194bfacac	261	Arius	arius
timelineEvent.article|bib-ac-council-of-nicaea|a194bfacac	358	God the Father	god-the-father
timelineEvent.article|bib-ac-domitian-persecution|1ae10624ef	209	Antipas	herod-antipas
timelineEvent.article|bib-ac-domitian-persecution|1ae10624ef	252	Satan	satan
timelineEvent.article|bib-ac-domitian-persecution|1ae10624ef	556	John	john-the-baptist
timelineEvent.article|bib-ac-domitian-persecution|4dd18abad0	106	Nero	nero-caesar
timelineEvent.article|bib-ac-fall-of-jerusalem|3d6f042c6d	91	Jesus	jesus-of-nazareth
timelineEvent.article|bib-ac-fall-of-jerusalem|d66e51fc4c	136	Titus	titus
timelineEvent.article|bib-ac-fall-of-jerusalem|d66e51fc4c	308	Herod the Great	herod-the-great
timelineEvent.article|bib-ac-gallio-inscription|70593d755e	203	Claudius	claudius-caesar
timelineEvent.article|bib-ac-gallio-inscription|70593d755e	223	Gallio	gallio
timelineEvent.article|bib-ac-gallio-inscription|70593d755e	294	Paul	paul-of-tarsus
timelineEvent.article|bib-ac-gallio-inscription|70593d755e	317	Gallio	gallio
timelineEvent.article|bib-ac-gallio-inscription|70593d755e	373	Paul	paul-of-tarsus
timelineEvent.article|bib-ac-gallio-inscription|70593d755e	488	Paul	paul-of-tarsus
timelineEvent.article|bib-ac-gallio-inscription|70593d755e	575	Paul	paul-of-tarsus
timelineEvent.article|bib-ac-gallio-inscription|8cd33034c0	263	Priscilla	priscilla
timelineEvent.article|bib-ac-gallio-inscription|8cd33034c0	277	Aquila	aquila
timelineEvent.article|bib-ac-gallio-inscription|8cd33034c0	311	Paul	paul-of-tarsus
timelineEvent.article|bib-ac-gallio-inscription|8cd33034c0	38	Paul	paul-of-tarsus
timelineEvent.article|bib-ac-gallio-inscription|8cd33034c0	394	Claudius	claudius-caesar
timelineEvent.article|bib-ac-gallio-inscription|c3d3b5b852	123	Gallio	gallio
timelineEvent.article|bib-ac-gallio-inscription|c3d3b5b852	216	Gallio	gallio
timelineEvent.article|bib-ac-gallio-inscription|c3d3b5b852	350	Paul	paul-of-tarsus
timelineEvent.article|bib-ac-gallio-inscription|c3d3b5b852	76	Paul	paul-of-tarsus
timelineEvent.article|bib-ac-herod-agrippa-death|1dbc4bae1b	0	Herod Agrippa I	herod-agrippa-i
timelineEvent.article|bib-ac-herod-agrippa-death|1dbc4bae1b	186	James	james-son-of-zebedee
timelineEvent.article|bib-ac-herod-agrippa-death|1dbc4bae1b	204	John	john-the-baptist
timelineEvent.article|bib-ac-herod-agrippa-death|1dbc4bae1b	29	Herod the Great	herod-the-great
timelineEvent.article|bib-ac-herod-agrippa-death|1dbc4bae1b	293	Peter	simon-peter
timelineEvent.article|bib-ac-herod-agrippa-death|1dbc4bae1b	360	Peter	simon-peter
timelineEvent.article|bib-ac-herod-agrippa-death|1dbc4bae1b	540	Peter	simon-peter
timelineEvent.article|bib-ac-herod-agrippa-death|cacfe128d1	34	Luke	luke-evangelist
timelineEvent.article|bib-ac-jerusalem-church-community|62610624c1	209	Barnabas	barnabas
timelineEvent.article|bib-ac-jerusalem-church-community|62610624c1	260	Ananias and Sapphira	ananias-and-sapphira
timelineEvent.article|bib-ac-jerusalem-church-community|62610624c1	28	Barnabas	barnabas
timelineEvent.article|bib-ac-jerusalem-church-community|62610624c1	371	the Holy Spirit	holy-spirit
timelineEvent.article|bib-ac-jerusalem-church-community|62610624c1	476	Peter	simon-peter
timelineEvent.article|bib-ac-jerusalem-church-community|7a346a8ba6	163	Luke	luke-evangelist
timelineEvent.article|bib-ac-jerusalem-church-community|7a346a8ba6	456	Peter	simon-peter
timelineEvent.article|bib-ac-jerusalem-church-community|7a346a8ba6	466	John	john-the-baptist
timelineEvent.article|bib-ac-jerusalem-council|2234537295	304	Paul	paul-of-tarsus
timelineEvent.article|bib-ac-jerusalem-council|2234537295	313	Barnabas	barnabas
timelineEvent.article|bib-ac-jerusalem-council|345d91c726	250	Paul	paul-of-tarsus
timelineEvent.article|bib-ac-jerusalem-council|4229cecdc5	136	Cornelius	cornelius-the-centurion
timelineEvent.article|bib-ac-jerusalem-council|4229cecdc5	194	Paul	paul-of-tarsus
timelineEvent.article|bib-ac-jerusalem-council|4229cecdc5	203	Barnabas	barnabas
timelineEvent.article|bib-ac-jerusalem-council|4229cecdc5	23	Peter	simon-peter
timelineEvent.article|bib-ac-jerusalem-council|4229cecdc5	294	James	james-son-of-zebedee
timelineEvent.article|bib-ac-john-exile-revelation|11582682e0	272	the dragon	satan
timelineEvent.article|bib-ac-john-exile-revelation|61ab54eb5c	101	John	john-the-baptist
timelineEvent.article|bib-ac-john-exile-revelation|61ab54eb5c	318	Nero	nero-caesar
timelineEvent.article|bib-ac-john-exile-revelation|61ab54eb5c	436	John	john-the-baptist
timelineEvent.article|bib-ac-john-exile-revelation|61ab54eb5c	65	John	john-the-baptist
timelineEvent.article|bib-ac-john-exile-revelation|e1c5f54752	12	John	john-the-baptist
timelineEvent.article|bib-ac-john-exile-revelation|e1c5f54752	201	Jesus	jesus-of-nazareth
timelineEvent.article|bib-ac-john-exile-revelation|e1c5f54752	322	Jesus	jesus-of-nazareth
timelineEvent.article|bib-ac-john-exile-revelation|e1c5f54752	373	John	john-the-baptist
timelineEvent.article|bib-ac-muratorian-fragment|6e630025b1	451	Paul	paul-of-tarsus
timelineEvent.article|bib-ac-muratorian-fragment|6e630025b1	478	John	john-the-baptist
timelineEvent.article|bib-ac-nero-fire-persecution|1f0dcd63cc	172	Nero	nero-caesar
timelineEvent.article|bib-ac-nero-fire-persecution|1f0dcd63cc	359	Nero	nero-caesar
timelineEvent.article|bib-ac-nero-fire-persecution|2e3f5923ad	316	Nero	nero-caesar
timelineEvent.article|bib-ac-nero-fire-persecution|cfa19413f5	477	Peter	simon-peter
timelineEvent.article|bib-ac-nero-fire-persecution|cfa19413f5	649	Paul	paul-of-tarsus
timelineEvent.article|bib-ac-nero-fire-persecution|cfa19413f5	66	Paul	paul-of-tarsus
timelineEvent.article|bib-ac-nero-fire-persecution|cfa19413f5	75	Peter	simon-peter
timelineEvent.article|bib-ac-paul-arrest-jerusalem|08bcb396ff	0	Paul	paul-of-tarsus
timelineEvent.article|bib-ac-paul-arrest-jerusalem|08bcb396ff	255	Jesus	jesus-of-nazareth
timelineEvent.article|bib-ac-paul-arrest-jerusalem|08bcb396ff	293	James	james-son-of-zebedee
timelineEvent.article|bib-ac-paul-arrest-jerusalem|08bcb396ff	325	Paul	paul-of-tarsus
timelineEvent.article|bib-ac-paul-arrest-jerusalem|bd9e7e519c	114	Paul	paul-of-tarsus
timelineEvent.article|bib-ac-paul-arrest-jerusalem|bd9e7e519c	354	Paul	paul-of-tarsus
timelineEvent.article|bib-ac-paul-arrest-jerusalem|bd9e7e519c	71	Paul	paul-of-tarsus
timelineEvent.article|bib-ac-paul-arrest-jerusalem|eec29754e7	173	Paul	paul-of-tarsus
timelineEvent.article|bib-ac-paul-arrest-jerusalem|eec29754e7	347	Caesar	tiberius-caesar
timelineEvent.article|bib-ac-paul-arrest-jerusalem|eec29754e7	99	Paul	paul-of-tarsus
timelineEvent.article|bib-ac-paul-caesarea-imprisonment|e231cf5ad7	155	Paul	paul-of-tarsus
timelineEvent.article|bib-ac-paul-caesarea-imprisonment|e231cf5ad7	301	Paul	paul-of-tarsus
timelineEvent.article|bib-ac-paul-caesarea-imprisonment|e231cf5ad7	81	Caesar	tiberius-caesar
timelineEvent.article|bib-ac-paul-caesarea-imprisonment|ecc85f2195	0	Festus	porcius-festus
timelineEvent.article|bib-ac-paul-caesarea-imprisonment|ecc85f2195	187	Paul	paul-of-tarsus
timelineEvent.article|bib-ac-paul-caesarea-imprisonment|ecc85f2195	253	Caesar	tiberius-caesar
timelineEvent.article|bib-ac-paul-caesarea-imprisonment|ecc85f2195	341	Paul	paul-of-tarsus
timelineEvent.article|bib-ac-paul-caesarea-imprisonment|ecc85f2195	376	Festus	porcius-festus
timelineEvent.article|bib-ac-paul-caesarea-imprisonment|ecc85f2195	430	Herod Agrippa II	herod-agrippa-ii
timelineEvent.article|bib-ac-paul-caesarea-imprisonment|ecc85f2195	462	Bernice	bernice
timelineEvent.article|bib-ac-paul-caesarea-imprisonment|ecc85f2195	499	Paul	paul-of-tarsus
timelineEvent.article|bib-ac-paul-caesarea-imprisonment|ecc85f2195	650	King Agrippa	herod-agrippa-ii
timelineEvent.article|bib-ac-paul-caesarea-imprisonment|ecc85f2195	69	Paul	paul-of-tarsus
timelineEvent.article|bib-ac-paul-caesarea-imprisonment|f7b7a3d585	279	Paul	paul-of-tarsus
timelineEvent.article|bib-ac-paul-caesarea-imprisonment|f7b7a3d585	328	Felix	antonius-felix
timelineEvent.article|bib-ac-paul-caesarea-imprisonment|f7b7a3d585	340	Luke	luke-evangelist
timelineEvent.article|bib-ac-paul-caesarea-imprisonment|f7b7a3d585	42	Felix	antonius-felix
timelineEvent.article|bib-ac-paul-caesarea-imprisonment|f7b7a3d585	462	Paul	paul-of-tarsus
timelineEvent.article|bib-ac-paul-caesarea-imprisonment|f7b7a3d585	49	Paul	paul-of-tarsus
timelineEvent.article|bib-ac-paul-caesarea-imprisonment|f7b7a3d585	534	Porcius Festus	porcius-festus
timelineEvent.article|bib-ac-paul-conversion|e6bab557bb	0	Saul of Tarsus	paul-of-tarsus
timelineEvent.article|bib-ac-paul-conversion|e6bab557bb	401	Saul	paul-of-tarsus
timelineEvent.article|bib-ac-paul-conversion|e6bab557bb	407	Saul	paul-of-tarsus
timelineEvent.article|bib-ac-paul-conversion|e6bab557bb	447	Saul	paul-of-tarsus
timelineEvent.article|bib-ac-paul-conversion|e6bab557bb	504	Jesus	jesus-of-nazareth
timelineEvent.article|bib-ac-paul-conversion|e6bab557bb	577	Saul	paul-of-tarsus
timelineEvent.article|bib-ac-paul-conversion|e6bab557bb	70	Gamaliel	gamaliel
timelineEvent.article|bib-ac-paul-conversion|f2c2b97ad9	146	Saul	paul-of-tarsus
timelineEvent.article|bib-ac-paul-conversion|f2c2b97ad9	222	Saul	paul-of-tarsus
timelineEvent.article|bib-ac-paul-conversion|f2c2b97ad9	257	Jesus	jesus-of-nazareth
timelineEvent.article|bib-ac-paul-conversion|f2c2b97ad9	409	Paul	paul-of-tarsus
timelineEvent.article|bib-ac-paul-conversion|f2c2b97ad9	64	Ananias	ananias-and-sapphira
timelineEvent.article|bib-ac-paul-first-journey|10faf5a7c8	268	Paul	paul-of-tarsus
timelineEvent.article|bib-ac-paul-first-journey|10faf5a7c8	41	Paul	paul-of-tarsus
timelineEvent.article|bib-ac-paul-first-journey|10faf5a7c8	410	Paul	paul-of-tarsus
timelineEvent.article|bib-ac-paul-first-journey|10faf5a7c8	419	Barnabas	barnabas
timelineEvent.article|bib-ac-paul-first-journey|10faf5a7c8	502	Paul	paul-of-tarsus
timelineEvent.article|bib-ac-paul-first-journey|4d82f95fe6	106	Paul	paul-of-tarsus
timelineEvent.article|bib-ac-paul-first-journey|4d82f95fe6	136	Barnabas	barnabas
timelineEvent.article|bib-ac-paul-first-journey|4d82f95fe6	186	Sergius Paulus	sergius-paulus
timelineEvent.article|bib-ac-paul-first-journey|4d82f95fe6	216	Paul	paul-of-tarsus
timelineEvent.article|bib-ac-paul-first-journey|4d82f95fe6	39	Barnabas	barnabas
timelineEvent.article|bib-ac-paul-first-journey|4d82f95fe6	52	Saul	paul-of-tarsus
timelineEvent.article|bib-ac-paul-first-journey|4d82f95fe6	63	Luke	luke-evangelist
timelineEvent.article|bib-ac-paul-first-journey|530d381184	30	Paul	paul-of-tarsus
timelineEvent.article|bib-ac-paul-first-journey|530d381184	39	Barnabas	barnabas
timelineEvent.article|bib-ac-paul-first-roman-imprisonment|55943a554f	221	Jesus Christ	jesus-of-nazareth
timelineEvent.article|bib-ac-paul-first-roman-imprisonment|55943a554f	27	Paul	paul-of-tarsus
timelineEvent.article|bib-ac-paul-first-roman-imprisonment|55943a554f	292	Luke	luke-evangelist
timelineEvent.article|bib-ac-paul-first-roman-imprisonment|55943a554f	410	Luke	luke-evangelist
timelineEvent.article|bib-ac-paul-first-roman-imprisonment|55943a554f	490	Luke	luke-evangelist
timelineEvent.article|bib-ac-paul-first-roman-imprisonment|55943a554f	592	Paul	paul-of-tarsus
timelineEvent.article|bib-ac-paul-first-roman-imprisonment|672c688e10	181	Philemon	philemon
timelineEvent.article|bib-ac-paul-first-roman-imprisonment|672c688e10	34	Paul	paul-of-tarsus
timelineEvent.article|bib-ac-paul-first-roman-imprisonment|672c688e10	407	Philemon	philemon
timelineEvent.article|bib-ac-paul-first-roman-imprisonment|672c688e10	447	Onesimus	onesimus
timelineEvent.article|bib-ac-paul-first-roman-imprisonment|f3c31c035b	195	Paul	paul-of-tarsus
timelineEvent.article|bib-ac-paul-first-roman-imprisonment|f3c31c035b	302	Nero	nero-caesar
timelineEvent.article|bib-ac-paul-first-roman-imprisonment|f3c31c035b	40	Paul	paul-of-tarsus
timelineEvent.article|bib-ac-paul-first-roman-imprisonment|f3c31c035b	490	Paul	paul-of-tarsus
timelineEvent.article|bib-ac-paul-first-roman-imprisonment|f3c31c035b	88	Paul	paul-of-tarsus
timelineEvent.article|bib-ac-paul-martyrdom|2944e9c756	128	Timothy	timothy
timelineEvent.article|bib-ac-paul-martyrdom|2944e9c756	316	Paul	paul-of-tarsus
timelineEvent.article|bib-ac-paul-martyrdom|2944e9c756	33	Paul	paul-of-tarsus
timelineEvent.article|bib-ac-paul-martyrdom|2944e9c756	51	Paul	paul-of-tarsus
timelineEvent.article|bib-ac-paul-martyrdom|2944e9c756	526	Timothy	timothy
timelineEvent.article|bib-ac-paul-martyrdom|37f9cc623d	100	Nero	nero-caesar
timelineEvent.article|bib-ac-paul-martyrdom|37f9cc623d	32	Paul	paul-of-tarsus
timelineEvent.article|bib-ac-paul-martyrdom|e162421aed	183	Paul	paul-of-tarsus
timelineEvent.article|bib-ac-paul-ministry|30401c38a2	101	Paul	paul-of-tarsus
timelineEvent.article|bib-ac-paul-ministry|30401c38a2	142	Gamaliel	gamaliel
timelineEvent.article|bib-ac-paul-ministry|33c1ab0821	178	Barnabas	barnabas
timelineEvent.article|bib-ac-paul-ministry|33c1ab0821	60	Paul	paul-of-tarsus
timelineEvent.article|bib-ac-paul-ministry|3afd60ec3b	45	Barnabas	barnabas
timelineEvent.article|bib-ac-paul-ministry|5389090a09	275	Jesus	jesus-of-nazareth
timelineEvent.article|bib-ac-paul-ministry|5389090a09	46	Paul	paul-of-tarsus
timelineEvent.article|bib-ac-paul-ministry|91cecb441b	133	Timothy	timothy
timelineEvent.article|bib-ac-paul-ministry|91cecb441b	419	Nero	nero-caesar
timelineEvent.article|bib-ac-paul-ministry|bd6fb67a78	97	Paul	paul-of-tarsus
timelineEvent.article|bib-ac-paul-ministry|c0a77cf784	265	Felix	antonius-felix
timelineEvent.article|bib-ac-paul-ministry|c0a77cf784	279	Festus	porcius-festus
timelineEvent.article|bib-ac-paul-ministry|c0a77cf784	298	King Agrippa	herod-agrippa-ii
timelineEvent.article|bib-ac-paul-ministry|c0a77cf784	500	Caesar	tiberius-caesar
timelineEvent.article|bib-ac-paul-ministry|c0a77cf784	547	Luke	luke-evangelist
timelineEvent.article|bib-ac-paul-ministry|c0a77cf784	720	Paul	paul-of-tarsus
timelineEvent.article|bib-ac-paul-ministry|c25b3a36be	200	Jesus Christ	jesus-of-nazareth
timelineEvent.article|bib-ac-paul-ministry|c25b3a36be	294	Philemon	philemon
timelineEvent.article|bib-ac-paul-ministry|c25b3a36be	366	Luke	luke-evangelist
timelineEvent.article|bib-ac-paul-ministry|c25b3a36be	440	Paul	paul-of-tarsus
timelineEvent.article|bib-ac-paul-second-journey|4b81a0ee90	108	Lydia	lydia-of-thyatira
timelineEvent.article|bib-ac-paul-second-journey|4b81a0ee90	141	Paul	paul-of-tarsus
timelineEvent.article|bib-ac-paul-second-journey|4b81a0ee90	150	Silas	silas
timelineEvent.article|bib-ac-paul-second-journey|4b81a0ee90	328	Paul	paul-of-tarsus
timelineEvent.article|bib-ac-paul-second-journey|4b81a0ee90	475	Paul	paul-of-tarsus
timelineEvent.article|bib-ac-paul-second-journey|4b81a0ee90	80	Paul	paul-of-tarsus
timelineEvent.article|bib-ac-paul-second-journey|830d117a89	209	Gallio	gallio
timelineEvent.article|bib-ac-paul-second-journey|830d117a89	377	Paul	paul-of-tarsus
timelineEvent.article|bib-ac-paul-second-journey|830d117a89	75	Paul	paul-of-tarsus
timelineEvent.article|bib-ac-paul-second-journey|8615f5920a	112	Silas	silas
timelineEvent.article|bib-ac-paul-second-journey|8615f5920a	161	the Holy Spirit	holy-spirit
timelineEvent.article|bib-ac-paul-second-journey|8615f5920a	256	Paul	paul-of-tarsus
timelineEvent.article|bib-ac-paul-second-journey|8615f5920a	32	Barnabas	barnabas
timelineEvent.article|bib-ac-paul-second-journey|8615f5920a	364	Paul	paul-of-tarsus
timelineEvent.article|bib-ac-paul-second-journey|8615f5920a	398	Timothy	timothy
timelineEvent.article|bib-ac-paul-second-journey|8615f5920a	437	Luke	luke-evangelist
timelineEvent.article|bib-ac-paul-second-journey|8615f5920a	63	John Mark	john-mark
timelineEvent.article|bib-ac-paul-second-journey|8615f5920a	86	Paul	paul-of-tarsus
timelineEvent.article|bib-ac-paul-third-journey|3d254e880b	0	Paul	paul-of-tarsus
timelineEvent.article|bib-ac-paul-third-journey|3d254e880b	189	Paul	paul-of-tarsus
timelineEvent.article|bib-ac-paul-third-journey|3d254e880b	544	Paul	paul-of-tarsus
timelineEvent.article|bib-ac-paul-third-journey|93640b4cf5	19	Paul	paul-of-tarsus
timelineEvent.article|bib-ac-paul-third-journey|93640b4cf5	236	Paul	paul-of-tarsus
timelineEvent.article|bib-ac-paul-third-journey|93640b4cf5	502	Paul	paul-of-tarsus
timelineEvent.article|bib-ac-paul-third-journey|d64905e326	20	Paul	paul-of-tarsus
timelineEvent.article|bib-ac-paul-third-journey|d64905e326	313	Paul	paul-of-tarsus
timelineEvent.article|bib-ac-paul-voyage-rome|3070d6c949	180	Paul	paul-of-tarsus
timelineEvent.article|bib-ac-paul-voyage-rome|3070d6c949	64	Paul	paul-of-tarsus
timelineEvent.article|bib-ac-paul-voyage-rome|84d6c99c68	10	Paul	paul-of-tarsus
timelineEvent.article|bib-ac-paul-voyage-rome|84d6c99c68	247	Paul	paul-of-tarsus
timelineEvent.article|bib-ac-paul-voyage-rome|84d6c99c68	408	Paul	paul-of-tarsus
timelineEvent.article|bib-ac-paul-voyage-rome|a627c7db84	0	Paul	paul-of-tarsus
timelineEvent.article|bib-ac-paul-voyage-rome|a627c7db84	122	Luke	luke-evangelist
timelineEvent.article|bib-ac-paul-voyage-rome|a627c7db84	245	Paul	paul-of-tarsus
timelineEvent.article|bib-ac-pentecost|6e86b6d43d	317	the Holy Spirit	holy-spirit
timelineEvent.article|bib-ac-pentecost|6e86b6d43d	73	Jesus	jesus-of-nazareth
timelineEvent.article|bib-ac-pentecost|827cf99729	179	Jesus	jesus-of-nazareth
timelineEvent.article|bib-ac-pentecost|ae710b40b2	0	Peter	simon-peter
timelineEvent.article|bib-ac-pentecost|ae710b40b2	233	Jesus	jesus-of-nazareth
timelineEvent.article|bib-ac-pentecost|ae710b40b2	51	Jesus	jesus-of-nazareth
timelineEvent.article|bib-ac-peter-cornelius|19951d55e4	0	Peter	simon-peter
timelineEvent.article|bib-ac-peter-cornelius|19951d55e4	175	Peter	simon-peter
timelineEvent.article|bib-ac-peter-cornelius|19951d55e4	200	Cornelius	cornelius-the-centurion
timelineEvent.article|bib-ac-peter-cornelius|19951d55e4	237	the Holy Spirit	holy-spirit
timelineEvent.article|bib-ac-peter-cornelius|19951d55e4	435	Peter	simon-peter
timelineEvent.article|bib-ac-peter-cornelius|19951d55e4	497	Peter	simon-peter
timelineEvent.article|bib-ac-peter-cornelius|19951d55e4	50	Cornelius	cornelius-the-centurion
timelineEvent.article|bib-ac-peter-cornelius|4394b45d36	19	Peter	simon-peter
timelineEvent.article|bib-ac-peter-cornelius|99735d2b4b	0	Cornelius	cornelius-the-centurion
timelineEvent.article|bib-ac-peter-cornelius|99735d2b4b	240	Peter	simon-peter
timelineEvent.article|bib-ac-peter-cornelius|99735d2b4b	298	Peter	simon-peter
timelineEvent.article|bib-ac-peter-martyrdom|504be5b8ff	196	John	john-the-baptist
timelineEvent.article|bib-ac-peter-martyrdom|504be5b8ff	25	Jesus	jesus-of-nazareth
timelineEvent.article|bib-ac-peter-martyrdom|504be5b8ff	309	Peter	simon-peter
timelineEvent.article|bib-ac-peter-martyrdom|504be5b8ff	36	Peter	simon-peter
timelineEvent.article|bib-ac-peter-martyrdom|e215bb0f42	107	Peter	simon-peter
timelineEvent.article|bib-ac-peter-martyrdom|e215bb0f42	214	Paul	paul-of-tarsus
timelineEvent.article|bib-ac-peter-martyrdom|e215bb0f42	238	Peter	simon-peter
timelineEvent.article|bib-ac-peter-martyrdom|e215bb0f42	24	Peter	simon-peter
timelineEvent.article|bib-ac-peter-martyrdom|e215bb0f42	408	Jesus	jesus-of-nazareth
timelineEvent.article|bib-ac-peter-martyrdom|fa0d2ac3fc	108	Peter	simon-peter
timelineEvent.article|bib-ac-peter-martyrdom|fa0d2ac3fc	246	Peter	simon-peter
timelineEvent.article|bib-ac-peter-martyrdom|fa0d2ac3fc	360	Paul	paul-of-tarsus
timelineEvent.article|bib-ac-peter-martyrdom|fa0d2ac3fc	366	Peter	simon-peter
timelineEvent.article|bib-ac-peter-martyrdom|fa0d2ac3fc	434	Nero	nero-caesar
timelineEvent.article|bib-ac-philip-ethiopian-eunuch|a207016350	119	Stephen	stephen-the-martyr
timelineEvent.article|bib-ac-philip-ethiopian-eunuch|a207016350	251	Simon	simon-peter
timelineEvent.article|bib-ac-philip-ethiopian-eunuch|a207016350	317	Philip	philip-the-apostle
timelineEvent.article|bib-ac-philip-ethiopian-eunuch|a207016350	32	Stephen	stephen-the-martyr
timelineEvent.article|bib-ac-philip-ethiopian-eunuch|a207016350	49	Philip	philip-the-apostle
timelineEvent.article|bib-ac-philip-ethiopian-eunuch|a207016350	570	Isaiah	isaiah
timelineEvent.article|bib-ac-philip-ethiopian-eunuch|d160b98e62	173	Philip	philip-the-apostle
timelineEvent.article|bib-ac-philip-ethiopian-eunuch|d160b98e62	24	Philip	philip-the-apostle
timelineEvent.article|bib-ac-philip-ethiopian-eunuch|d160b98e62	298	Philip	philip-the-apostle
timelineEvent.article|bib-ac-philip-ethiopian-eunuch|d160b98e62	334	Jesus	jesus-of-nazareth
timelineEvent.article|bib-ac-philip-ethiopian-eunuch|d160b98e62	435	Philip	philip-the-apostle
timelineEvent.article|bib-ac-stephen-martyrdom|191e1c3f3e	139	Stephen	stephen-the-martyr
timelineEvent.article|bib-ac-stephen-martyrdom|191e1c3f3e	18	Saul of Tarsus	paul-of-tarsus
timelineEvent.article|bib-ac-stephen-martyrdom|2bb96356f9	0	Stephen	stephen-the-martyr
timelineEvent.article|bib-ac-stephen-martyrdom|2bb96356f9	138	Luke	luke-evangelist
timelineEvent.article|bib-ac-stephen-martyrdom|410f482b90	114	Abraham	abraham
timelineEvent.article|bib-ac-stephen-martyrdom|410f482b90	130	Moses	moses
timelineEvent.article|bib-ac-stephen-martyrdom|410f482b90	154	Solomon	solomon
timelineEvent.article|bib-ac-stephen-martyrdom|410f482b90	17	Stephen	stephen-the-martyr
timelineEvent.article|bib-ac-stephen-martyrdom|410f482b90	256	the Holy Spirit	holy-spirit
timelineEvent.article|bib-ac-stephen-martyrdom|410f482b90	373	Jesus	jesus-of-nazareth
timelineEvent.article|bib-ac-stephen-martyrdom|410f482b90	408	Stephen	stephen-the-martyr
timelineEvent.article|bib-ac-stephen-martyrdom|410f482b90	448	Luke	luke-evangelist
timelineEvent.article|bib-ac-stephen-martyrdom|410f482b90	486	Stephen	stephen-the-martyr
timelineEvent.article|bib-ac-stephen-martyrdom|410f482b90	535	Jesus	jesus-of-nazareth
timelineEvent.article|bib-ac-stephen-martyrdom|410f482b90	654	Jesus	jesus-of-nazareth
timelineEvent.article|bib-cj-abimelech|1313ed868f	108	Jotham	jotham-king-of-judah
timelineEvent.article|bib-cj-abimelech|e7f680da55	18	Gideon	gideon
timelineEvent.article|bib-cj-abimelech|e7f680da55	227	Jotham	jotham-king-of-judah
timelineEvent.article|bib-cj-achan-ai|4b879d3ac4	25	Joshua	joshua
timelineEvent.article|bib-cj-achan-ai|687544c493	153	Joshua	joshua
timelineEvent.article|bib-cj-battle-of-gibeon|d2f866677f	220	Joshua	joshua
timelineEvent.article|bib-cj-battle-of-gibeon|d64e3318eb	332	Joshua	joshua
timelineEvent.article|bib-cj-benjamite-war|a4726b41ec	421	Samuel	samuel
timelineEvent.article|bib-cj-caleb-hebron|0eb1473c3e	122	Joshua	joshua
timelineEvent.article|bib-cj-caleb-hebron|0eb1473c3e	26	Caleb	caleb
timelineEvent.article|bib-cj-caleb-hebron|0eb1473c3e	285	Moses	moses
timelineEvent.article|bib-cj-caleb-hebron|0eb1473c3e	304	Caleb	caleb
timelineEvent.article|bib-cj-caleb-hebron|0eb1473c3e	65	Moses	moses
timelineEvent.article|bib-cj-caleb-hebron|8fc1457f96	0	Caleb	caleb
timelineEvent.article|bib-cj-caleb-hebron|8fc1457f96	124	Caleb	caleb
timelineEvent.article|bib-cj-caleb-hebron|e2726c4097	290	Caleb	caleb
timelineEvent.article|bib-cj-caleb-hebron|e2726c4097	34	Caleb	caleb
timelineEvent.article|bib-cj-caleb-hebron|e2726c4097	49	Joshua	joshua
timelineEvent.article|bib-cj-cities-of-refuge|7984d60d01	255	Moses	moses
timelineEvent.article|bib-cj-cities-of-refuge|7984d60d01	46	Joshua	joshua
timelineEvent.article|bib-cj-death-of-joshua|177e60d5c8	0	Joshua	joshua
timelineEvent.article|bib-cj-death-of-joshua|177e60d5c8	269	Moses	moses
timelineEvent.article|bib-cj-death-of-joshua|2db21d1515	67	Joshua	joshua
timelineEvent.article|bib-cj-deborah-barak-sisera|a841772bde	243	Deborah	deborah
timelineEvent.article|bib-cj-deborah-barak-sisera|a841772bde	463	Deborah	deborah
timelineEvent.article|bib-cj-deborah-barak-sisera|b8fd0fe00f	23	Deborah	deborah
timelineEvent.article|bib-cj-deborah-barak-sisera|f2e1e66f88	506	Deborah	deborah
timelineEvent.article|bib-cj-deborah-barak-sisera|f2e1e66f88	81	Deborah	deborah
timelineEvent.article|bib-cj-division-of-the-land|cb93ba26b1	25	Manasseh	manasseh-king-of-judah
timelineEvent.article|bib-cj-division-of-the-land|cb93ba26b1	326	Joshua	joshua
timelineEvent.article|bib-cj-division-of-the-land|cb93ba26b1	98	Moses	moses
timelineEvent.article|bib-cj-division-of-the-land|e2d838bf80	120	Abraham	abraham
timelineEvent.article|bib-cj-division-of-the-land|e2d838bf80	129	Isaac	isaac
timelineEvent.article|bib-cj-division-of-the-land|e2d838bf80	140	Jacob	jacob
timelineEvent.article|bib-cj-fall-of-jericho|0034278530	0	Joshua	joshua
timelineEvent.article|bib-cj-fall-of-jericho|4d995d2488	215	Rahab	rahab
timelineEvent.article|bib-cj-fall-of-jericho|4d995d2488	409	David	david
timelineEvent.article|bib-cj-fall-of-jericho|99ca8ee4d5	161	Joshua	joshua
timelineEvent.article|bib-cj-gibeonite-treaty|93f83d627d	0	Joshua	joshua
timelineEvent.article|bib-cj-gibeonite-treaty|a85d8d4c69	360	Saul	saul-king-of-israel
timelineEvent.article|bib-cj-gideon-midian|52777f2210	0	Gideon	gideon
timelineEvent.article|bib-cj-gideon-midian|52777f2210	201	Gideon	gideon
timelineEvent.article|bib-cj-gideon-midian|52777f2210	322	Gideon	gideon
timelineEvent.article|bib-cj-gideon-midian|b8c498e33e	12	Gideon	gideon
timelineEvent.article|bib-cj-gideon-midian|b8c498e33e	278	Gideon	gideon
timelineEvent.article|bib-cj-gideon-midian|c0d2bd424c	243	Gideon	gideon
timelineEvent.article|bib-cj-gideon-midian|c0d2bd424c	358	Gideon	gideon
timelineEvent.article|bib-cj-gideon-midian|c0d2bd424c	421	Manasseh	manasseh-king-of-judah
timelineEvent.article|bib-cj-jephthah|0a7b385674	7	Spirit of the LORD	holy-spirit
timelineEvent.article|bib-cj-jordan-crossing|283b1b68ca	11	Joshua	joshua
timelineEvent.article|bib-cj-jordan-crossing|86465ce6f8	0	Joshua	joshua
timelineEvent.article|bib-cj-jordan-crossing|86465ce6f8	283	Moses	moses
timelineEvent.article|bib-cj-jordan-crossing|aca99973a1	291	Adam	adam
timelineEvent.article|bib-cj-northern-campaign-hazor|9cbef80a77	117	Moses	moses
timelineEvent.article|bib-cj-northern-campaign-hazor|9cbef80a77	198	Caleb	caleb
timelineEvent.article|bib-cj-northern-campaign-hazor|9cbef80a77	44	Joshua	joshua
timelineEvent.article|bib-cj-northern-campaign-hazor|f18e321513	255	Joshua	joshua
timelineEvent.article|bib-cj-othniel|76b652fead	34	Spirit of the LORD	holy-spirit
timelineEvent.article|bib-cj-othniel|b2c043f8df	298	Caleb	caleb
timelineEvent.article|bib-cj-othniel|b2c043f8df	372	Caleb	caleb
timelineEvent.article|bib-cj-othniel|b2c043f8df	5	Joshua	joshua
timelineEvent.article|bib-cj-othniel|baaf1807d8	112	Gideon	gideon
timelineEvent.article|bib-cj-othniel|baaf1807d8	122	Samson	samson
timelineEvent.article|bib-cj-ruth|523ed8d672	192	Ruth	ruth
timelineEvent.article|bib-cj-ruth|523ed8d672	254	Naomi	naomi
timelineEvent.article|bib-cj-ruth|523ed8d672	63	Naomi	naomi
timelineEvent.article|bib-cj-ruth|5ce69a009a	0	Ruth	ruth
timelineEvent.article|bib-cj-ruth|5ce69a009a	289	Ruth	ruth
timelineEvent.article|bib-cj-ruth|5ce69a009a	316	Naomi	naomi
timelineEvent.article|bib-cj-ruth|5ce69a009a	400	Boaz	boaz
timelineEvent.article|bib-cj-ruth|5ce69a009a	522	Naomi	naomi
timelineEvent.article|bib-cj-ruth|5f583baf2c	218	Ruth	ruth
timelineEvent.article|bib-cj-ruth|5f583baf2c	227	Boaz	boaz
timelineEvent.article|bib-cj-ruth|5f583baf2c	260	Obed	obed
timelineEvent.article|bib-cj-ruth|5f583baf2c	29	Boaz	boaz
timelineEvent.article|bib-cj-ruth|5f583baf2c	291	David	david
timelineEvent.article|bib-cj-ruth|5f583baf2c	374	Ruth	ruth
timelineEvent.article|bib-cj-ruth|5f583baf2c	8	Naomi	naomi
timelineEvent.article|bib-cj-samson|380cd63fe3	314	Samson	samson
timelineEvent.article|bib-cj-samson|380cd63fe3	33	Samson	samson
timelineEvent.article|bib-cj-samson|99454ab819	204	Delilah	delilah
timelineEvent.article|bib-cj-samson|99454ab819	322	Samson	samson
timelineEvent.article|bib-cj-samson|99454ab819	403	Delilah	delilah
timelineEvent.article|bib-cj-samson|b5e6682134	0	Samson	samson
timelineEvent.article|bib-cj-samson|b5e6682134	343	Spirit of the LORD	holy-spirit
timelineEvent.article|bib-cj-shechem-covenant-renewal|0fc0bc2a97	49	Joshua	joshua
timelineEvent.article|bib-cj-shechem-covenant-renewal|3afe8a91df	12	Joshua	joshua
timelineEvent.article|bib-cj-shechem-covenant-renewal|3afe8a91df	460	Joshua	joshua
timelineEvent.article|bib-cj-shechem-covenant-renewal|3afe8a91df	82	Abraham	abraham
timelineEvent.article|bib-cj-shechem-covenant-renewal|d5ccbdfb45	3	Joshua	joshua
timelineEvent.article|bib-cj-southern-campaign|53db29189e	51	Joshua	joshua
timelineEvent.article|bib-cj-southern-campaign|56e74264ab	87	Abraham	abraham
timelineEvent.article|bib-cj-southern-campaign|6fa4fbeb34	245	Caleb	caleb
timelineEvent.article|bib-dki-ahab-death-ramoth-gilead|5b7f7d9d80	333	Elijah	elijah
timelineEvent.article|bib-dki-ahab-death-ramoth-gilead|73c9e47e21	15	Jehoshaphat	jehoshaphat
timelineEvent.article|bib-dki-ahab-death-ramoth-gilead|73c9e47e21	478	Jehoshaphat	jehoshaphat
timelineEvent.article|bib-dki-ahab-jezebel-baal|4fa361e077	187	Jezebel	jezebel
timelineEvent.article|bib-dki-ahab-jezebel-baal|4fa361e077	66	Jezebel	jezebel
timelineEvent.article|bib-dki-ahab-jezebel-baal|55d0df22bd	264	Jezebel	jezebel
timelineEvent.article|bib-dki-ahab-jezebel-baal|55d0df22bd	375	Jezebel	jezebel
timelineEvent.article|bib-dki-ahab-jezebel-baal|c1dbc2e254	267	Elijah	elijah
timelineEvent.article|bib-dki-elijah-ascension|4ae8821059	210	Elisha	elisha
timelineEvent.article|bib-dki-elijah-ascension|4ae8821059	30	Elijah	elijah
timelineEvent.article|bib-dki-elijah-ascension|4ae8821059	66	Elisha	elisha
timelineEvent.article|bib-dki-elijah-ascension|82b0c48567	197	Enoch	enoch
timelineEvent.article|bib-dki-elijah-ascension|82b0c48567	225	Elisha	elisha
timelineEvent.article|bib-dki-elijah-ascension|82b0c48567	354	Elijah	elijah
timelineEvent.article|bib-dki-elijah-ascension|82b0c48567	480	Elijah	elijah
timelineEvent.article|bib-dki-elijah-ascension|82b0c48567	520	Elisha	elisha
timelineEvent.article|bib-dki-elijah-ascension|82b0c48567	93	Elijah	elijah
timelineEvent.article|bib-dki-elijah-ascension|c3c2c1498a	15	Elijah	elijah
timelineEvent.article|bib-dki-elijah-ascension|c3c2c1498a	158	Elijah	elijah
timelineEvent.article|bib-dki-elijah-ascension|c3c2c1498a	170	Elisha	elisha
timelineEvent.article|bib-dki-elijah-ascension|c3c2c1498a	220	Elisha	elisha
timelineEvent.article|bib-dki-elijah-ascension|c3c2c1498a	350	Elijah	elijah
timelineEvent.article|bib-dki-elijah-ascension|c3c2c1498a	385	Elijah	elijah
timelineEvent.article|bib-dki-elijah-ascension|c3c2c1498a	429	Elisha	elisha
timelineEvent.article|bib-dki-elijah-ascension|c3c2c1498a	98	Joshua	joshua
timelineEvent.article|bib-dki-elijah-drought|582da6f493	15	Elijah	elijah
timelineEvent.article|bib-dki-elijah-drought|d81183e849	0	Elijah	elijah
timelineEvent.article|bib-dki-elijah-mount-carmel|6ddb21ea28	40	Elijah	elijah
timelineEvent.article|bib-dki-elijah-mount-carmel|a991b9ab80	107	Elijah	elijah
timelineEvent.article|bib-dki-elijah-mount-carmel|a991b9ab80	358	Elijah	elijah
timelineEvent.article|bib-dki-elijah-mount-carmel|be8c02ce83	167	Elijah	elijah
timelineEvent.article|bib-dki-elijah-mount-carmel|be8c02ce83	354	Elijah	elijah
timelineEvent.article|bib-dki-elijah-still-small-voice|76b2423c9d	45	Elijah	elijah
timelineEvent.article|bib-dki-elijah-still-small-voice|7f713a8afe	133	Moses	moses
timelineEvent.article|bib-dki-elijah-still-small-voice|7f713a8afe	215	Elijah	elijah
timelineEvent.article|bib-dki-elijah-still-small-voice|7f713a8afe	362	James	james-son-of-zebedee
timelineEvent.article|bib-dki-elijah-still-small-voice|7f713a8afe	43	Elijah	elijah
timelineEvent.article|bib-dki-elijah-still-small-voice|7f713a8afe	456	Elijah	elijah
timelineEvent.article|bib-dki-elijah-still-small-voice|c4c8ca78dd	121	Jezebel	jezebel
timelineEvent.article|bib-dki-elijah-still-small-voice|c4c8ca78dd	17	Elijah	elijah
timelineEvent.article|bib-dki-elijah-still-small-voice|c4c8ca78dd	387	James	james-son-of-zebedee
timelineEvent.article|bib-dki-elijah-widow-zarephath|00f2c463de	166	Elijah	elijah
timelineEvent.article|bib-dki-elijah-widow-zarephath|669e4e9011	0	Jesus	jesus-of-nazareth
timelineEvent.article|bib-dki-elijah-widow-zarephath|669e4e9011	134	Elijah	elijah
timelineEvent.article|bib-dki-elijah-widow-zarephath|669e4e9011	146	Elijah	elijah
timelineEvent.article|bib-dki-elijah-widow-zarephath|fc2cb4886d	155	Jezebel	jezebel
timelineEvent.article|bib-dki-elijah-widow-zarephath|fc2cb4886d	346	Elijah	elijah
timelineEvent.article|bib-dki-elijah-widow-zarephath|fc2cb4886d	51	Elijah	elijah
timelineEvent.article|bib-dki-elisha-called|327012fd14	150	Elisha	elisha
timelineEvent.article|bib-dki-elisha-called|327012fd14	237	Elijah	elijah
timelineEvent.article|bib-dki-elisha-called|327012fd14	26	Elijah	elijah
timelineEvent.article|bib-dki-elisha-called|327012fd14	85	Elijah	elijah
timelineEvent.article|bib-dki-elisha-called|331188dd49	0	Elisha	elisha
timelineEvent.article|bib-dki-elisha-called|331188dd49	327	Elisha	elisha
timelineEvent.article|bib-dki-elisha-called|331188dd49	342	Elijah	elijah
timelineEvent.article|bib-dki-elisha-called|331188dd49	418	Elisha	elisha
timelineEvent.article|bib-dki-elisha-called|331188dd49	57	Elijah	elijah
timelineEvent.article|bib-dki-elisha-called|9ed9338217	206	Elisha	elisha
timelineEvent.article|bib-dki-elisha-ministry-miracles|d8a9701df3	10	Elisha	elisha
timelineEvent.article|bib-dki-elisha-ministry-miracles|d8a9701df3	315	Elisha	elisha
timelineEvent.article|bib-dki-elisha-ministry-miracles|d8a9701df3	372	Elijah	elijah
timelineEvent.article|bib-dki-elisha-ministry-miracles|d8a9701df3	500	Elisha	elisha
timelineEvent.article|bib-dki-elisha-ministry-miracles|f55ba3c14a	0	Elisha	elisha
timelineEvent.article|bib-dki-elisha-ministry-miracles|f55ba3c14a	142	Elijah	elijah
timelineEvent.article|bib-dki-elisha-ministry-miracles|f55ba3c14a	158	Elijah	elijah
timelineEvent.article|bib-dki-elisha-ministry-miracles|f55ba3c14a	270	Elisha	elisha
timelineEvent.article|bib-dki-fall-samaria-722|3bebfa645a	345	Jezebel	jezebel
timelineEvent.article|bib-dki-fall-samaria-722|3bebfa645a	609	David	david
timelineEvent.article|bib-dki-fall-samaria-722|d3406954db	20	Hoshea	joshua
timelineEvent.article|bib-dki-jehu-anointed|4a3eed6fae	0	Elisha	elisha
timelineEvent.article|bib-dki-jehu-anointed|4a3eed6fae	131	Jehoshaphat	jehoshaphat
timelineEvent.article|bib-dki-jehu-anointed|4a3eed6fae	474	Jezebel	jezebel
timelineEvent.article|bib-dki-jehu-anointed|969abec9e8	127	Elijah	elijah
timelineEvent.article|bib-dki-jehu-purge|821d31428e	240	Elijah	elijah
timelineEvent.article|bib-dki-jehu-purge|821d31428e	345	Jezebel	jezebel
timelineEvent.article|bib-dki-jehu-purge|821d31428e	499	Elijah	elijah
timelineEvent.article|bib-dki-jehu-purge|821d31428e	73	Joram	joram-king-of-judah
timelineEvent.article|bib-dki-jeroboam-golden-calves|7fab019450	219	Rehoboam	rehoboam
timelineEvent.article|bib-dki-jeroboam-golden-calves|7fab019450	330	David	david
timelineEvent.article|bib-dki-jeroboam-golden-calves|7fab019450	34	Solomon	solomon
timelineEvent.article|bib-dki-jeroboam-golden-calves|ebdc696b6a	12	Aaron	aaron
timelineEvent.article|bib-dki-jeroboam-golden-calves|fb378545ae	378	Elijah	elijah
timelineEvent.article|bib-dki-jonah-nineveh|67fb19eb8c	589	Jesus	jesus-of-nazareth
timelineEvent.article|bib-dki-naaman-healed|4340b2bfdb	120	Elisha	elisha
timelineEvent.article|bib-dki-naaman-healed|4340b2bfdb	206	Elisha	elisha
timelineEvent.article|bib-dki-naaman-healed|4340b2bfdb	282	Jesus	jesus-of-nazareth
timelineEvent.article|bib-dki-naaman-healed|746cea2cfc	320	Elisha	elisha
timelineEvent.article|bib-dki-naaman-healed|b4898e888a	0	Elisha	elisha
timelineEvent.article|bib-dki-naboth-vineyard|7f9a2a94ca	0	Jezebel	jezebel
timelineEvent.article|bib-dki-naboth-vineyard|ff05f26bca	207	Jezebel	jezebel
timelineEvent.article|bib-dki-naboth-vineyard|ff05f26bca	34	Elijah	elijah
timelineEvent.article|bib-dki-siege-samaria-elisha|96f54903db	299	Elisha	elisha
timelineEvent.article|bib-dki-siege-samaria-elisha|b4daad0689	98	Elisha	elisha
timelineEvent.article|bib-dki-siege-samaria-elisha|b5e41c7ce9	0	Elisha	elisha
timelineEvent.article|bib-dki-siege-samaria-elisha|b5e41c7ce9	242	Elisha	elisha
timelineEvent.article|bib-dkj-ahaz-immanuel|1214cdaa6c	0	Ahaz	ahaz
timelineEvent.article|bib-dkj-ahaz-immanuel|2f69ab0883	0	Ahaz	ahaz
timelineEvent.article|bib-dkj-ahaz-immanuel|2f69ab0883	152	Ahaz	ahaz
timelineEvent.article|bib-dkj-ahaz-immanuel|2f69ab0883	301	Isaiah	isaiah
timelineEvent.article|bib-dkj-ahaz-immanuel|2f69ab0883	316	Ahaz	ahaz
timelineEvent.article|bib-dkj-ahaz-immanuel|74f91573b4	0	Isaiah	isaiah
timelineEvent.article|bib-dkj-ahaz-immanuel|74f91573b4	12	Ahaz	ahaz
timelineEvent.article|bib-dkj-ahaz-immanuel|74f91573b4	196	Isaiah	isaiah
timelineEvent.article|bib-dkj-ahaz-immanuel|74f91573b4	255	Ahaz	ahaz
timelineEvent.article|bib-dkj-ahaz-immanuel|74f91573b4	463	Jesus Christ	jesus-of-nazareth
timelineEvent.article|bib-dkj-ahaz-immanuel|74f91573b4	56	Ahaz	ahaz
timelineEvent.article|bib-dkj-amos-ministry|2ec7fb82c7	134	David	david
timelineEvent.article|bib-dkj-amos-ministry|c3da700203	275	Uzziah	uzziah
timelineEvent.article|bib-dkj-asa-reforms|0dd4a88b6a	27	Asa	asa
timelineEvent.article|bib-dkj-asa-reforms|6f92696789	0	Asa	asa
timelineEvent.article|bib-dkj-asa-reforms|6f92696789	294	Zerah	zerah-son-of-judah
timelineEvent.article|bib-dkj-asa-reforms|6f92696789	309	Asa	asa
timelineEvent.article|bib-dkj-asa-reforms|f993a1040e	12	Azariah	uzziah
timelineEvent.article|bib-dkj-asa-reforms|f993a1040e	205	Asa	asa
timelineEvent.article|bib-dkj-asa-reforms|f993a1040e	36	Asa	asa
timelineEvent.article|bib-dkj-habakkuk-ministry|5733363cb8	311	Paul	paul-of-tarsus
timelineEvent.article|bib-dkj-hezekiah-reforms|17ff0d5e90	106	Ahaz	ahaz
timelineEvent.article|bib-dkj-hezekiah-reforms|7d4d5c31c4	0	Hezekiah	hezekiah
timelineEvent.article|bib-dkj-hezekiah-reforms|7d4d5c31c4	143	Ahaz	ahaz
timelineEvent.article|bib-dkj-hezekiah-reforms|7d4d5c31c4	446	Solomon	solomon
timelineEvent.article|bib-dkj-hezekiah-reforms|cab5b6326c	0	Hezekiah	hezekiah
timelineEvent.article|bib-dkj-hezekiah-reforms|cab5b6326c	181	Moses	moses
timelineEvent.article|bib-dkj-hezekiah-reforms|cab5b6326c	52	David	david
timelineEvent.article|bib-dkj-hosea-ministry|5f450775f1	258	Jesus	jesus-of-nazareth
timelineEvent.article|bib-dkj-isaiah-call|5fb8e5566f	0	Isaiah	isaiah
timelineEvent.article|bib-dkj-isaiah-call|5fb8e5566f	78	Uzziah	uzziah
timelineEvent.article|bib-dkj-isaiah-call|cfd35809a0	0	Isaiah	isaiah
timelineEvent.article|bib-dkj-isaiah-call|cfd35809a0	247	Isaiah	isaiah
timelineEvent.article|bib-dkj-isaiah-call|feada683bb	73	Jotham	jotham-king-of-judah
timelineEvent.article|bib-dkj-isaiah-call|feada683bb	81	Ahaz	ahaz
timelineEvent.article|bib-dkj-isaiah-call|feada683bb	91	Hezekiah	hezekiah
timelineEvent.article|bib-dkj-isaiah-suffering-servant|316080e39e	229	Jesus Christ	jesus-of-nazareth
timelineEvent.article|bib-dkj-isaiah-suffering-servant|316080e39e	71	Isaiah	isaiah
timelineEvent.article|bib-dkj-isaiah-suffering-servant|71e9f1f849	388	Philip	philip-the-apostle
timelineEvent.article|bib-dkj-isaiah-suffering-servant|71e9f1f849	428	the Ethiopian eunuch	ethiopian-eunuch
timelineEvent.article|bib-dkj-isaiah-suffering-servant|71e9f1f849	454	Peter	simon-peter
timelineEvent.article|bib-dkj-isaiah-suffering-servant|99e0a44f07	33	Isaiah	isaiah
timelineEvent.article|bib-dkj-jehoshaphat-reign|0ec04d1c8a	0	Jehoshaphat	jehoshaphat
timelineEvent.article|bib-dkj-jehoshaphat-reign|a5f5275f37	0	Jehoshaphat	jehoshaphat
timelineEvent.article|bib-dkj-jehoshaphat-reign|a5f5275f37	82	David	david
timelineEvent.article|bib-dkj-jehoshaphat-reign|b59ba2c1cc	0	Jehoshaphat	jehoshaphat
timelineEvent.article|bib-dkj-jehoshaphat-reign|b59ba2c1cc	456	Jehoshaphat	jehoshaphat
timelineEvent.article|bib-dkj-jeremiah-call-fall|1d5734cd06	0	Jeremiah	jeremiah
timelineEvent.article|bib-dkj-jeremiah-call-fall|5108f76f72	16	Jeremiah	jeremiah
timelineEvent.article|bib-dkj-jeremiah-call-fall|5108f76f72	212	Josiah	josiah
timelineEvent.article|bib-dkj-jeremiah-call-fall|5108f76f72	296	Josiah	josiah
timelineEvent.article|bib-dkj-jeremiah-call-fall|5108f76f72	325	Jehoiachin	jeconiah
timelineEvent.article|bib-dkj-jeremiah-call-fall|8a4916c1af	0	Jeremiah	jeremiah
timelineEvent.article|bib-dkj-jeremiah-call-fall|8a4916c1af	276	Jeremiah	jeremiah
timelineEvent.article|bib-dkj-joash-reign|f04af48286	145	Zechariah	zechariah-father-of-john-baptist
timelineEvent.article|bib-dkj-joel-prophecy|5bbabe0fd3	175	Peter	simon-peter
timelineEvent.article|bib-dkj-joel-prophecy|5bbabe0fd3	292	the Holy Spirit	holy-spirit
timelineEvent.article|bib-dkj-josiah-law-reforms|19fb2bbd96	0	Josiah	josiah
timelineEvent.article|bib-dkj-josiah-law-reforms|85e477664c	0	Josiah	josiah
timelineEvent.article|bib-dkj-josiah-law-reforms|85e477664c	185	Manasseh	manasseh-king-of-judah
timelineEvent.article|bib-dkj-josiah-law-reforms|85e477664c	87	Amon	amon-king-of-judah
timelineEvent.article|bib-dkj-josiah-law-reforms|9235b5dcf8	0	Josiah	josiah
timelineEvent.article|bib-dkj-josiah-law-reforms|9235b5dcf8	322	Josiah	josiah
timelineEvent.article|bib-dkj-manasseh-apostasy|0a9b03e116	106	Manasseh	manasseh-king-of-judah
timelineEvent.article|bib-dkj-manasseh-apostasy|0a9b03e116	317	Manasseh	manasseh-king-of-judah
timelineEvent.article|bib-dkj-manasseh-apostasy|a709b97a21	0	Manasseh	manasseh-king-of-judah
timelineEvent.article|bib-dkj-manasseh-apostasy|a709b97a21	194	Hezekiah	hezekiah
timelineEvent.article|bib-dkj-manasseh-apostasy|d05386029b	0	Manasseh	manasseh-king-of-judah
timelineEvent.article|bib-dkj-micah-ministry|57b0166a53	107	Isaiah	isaiah
timelineEvent.article|bib-dkj-micah-ministry|57b0166a53	33	Jotham	jotham-king-of-judah
timelineEvent.article|bib-dkj-micah-ministry|57b0166a53	41	Ahaz	ahaz
timelineEvent.article|bib-dkj-micah-ministry|57b0166a53	51	Hezekiah	hezekiah
timelineEvent.article|bib-dkj-micah-ministry|e4c68e92d6	329	magi	magi
timelineEvent.article|bib-dkj-obadiah-edom|3010bffb30	508	Jacob	jacob
timelineEvent.article|bib-dkj-obadiah-edom|4572bb1589	140	Esau	esau
timelineEvent.article|bib-dkj-obadiah-edom|4572bb1589	146	Jacob	jacob
timelineEvent.article|bib-dkj-rehoboam-shishak|16848cb227	173	Rehoboam	rehoboam
timelineEvent.article|bib-dkj-rehoboam-shishak|16848cb227	343	Solomon	solomon
timelineEvent.article|bib-dkj-rehoboam-shishak|38054ea923	47	Rehoboam	rehoboam
timelineEvent.article|bib-dkj-rehoboam-shishak|c739a598f4	118	Solomon	solomon
timelineEvent.article|bib-dkj-rehoboam-shishak|c739a598f4	203	Rehoboam	rehoboam
timelineEvent.article|bib-dkj-rehoboam-shishak|c739a598f4	27	Rehoboam	rehoboam
timelineEvent.article|bib-dkj-rehoboam-shishak|c739a598f4	5	Solomon	solomon
timelineEvent.article|bib-dkj-sennacherib-siege|0a92b5824b	0	Hezekiah	hezekiah
timelineEvent.article|bib-dkj-sennacherib-siege|0a92b5824b	171	Isaiah	isaiah
timelineEvent.article|bib-dkj-sennacherib-siege|0a92b5824b	245	Hezekiah	hezekiah
timelineEvent.article|bib-dkj-sennacherib-siege|0a92b5824b	405	Isaiah	isaiah
timelineEvent.article|bib-dkj-sennacherib-siege|f81080d3bf	263	Hezekiah	hezekiah
timelineEvent.article|bib-dkj-uzziah-reign|2988e9ebec	152	Azariah	uzziah
timelineEvent.article|bib-dkj-uzziah-reign|2988e9ebec	194	Uzziah	uzziah
timelineEvent.article|bib-dkj-uzziah-reign|2988e9ebec	365	Jotham	jotham-king-of-judah
timelineEvent.article|bib-dkj-uzziah-reign|2988e9ebec	4	Uzziah	uzziah
timelineEvent.article|bib-dkj-uzziah-reign|8e570ae676	0	Uzziah	uzziah
timelineEvent.article|bib-dkj-uzziah-reign|8e570ae676	20	Azariah	uzziah
timelineEvent.article|bib-dkj-uzziah-reign|8e570ae676	411	Solomon	solomon
timelineEvent.article|bib-dkj-uzziah-reign|e8debf4f60	129	Isaiah	isaiah
timelineEvent.article|bib-dkj-uzziah-reign|e8debf4f60	207	Uzziah	uzziah
timelineEvent.article|bib-dkj-zephaniah-ministry|e84a024498	147	Josiah	josiah
timelineEvent.article|bib-dkj-zephaniah-ministry|e84a024498	62	Hezekiah	hezekiah
timelineEvent.article|bib-er-belshazzar-and-fall-of-babylon|bd726c111a	241	Daniel	daniel
timelineEvent.article|bib-er-belshazzar-and-fall-of-babylon|d019795609	360	Isaiah	isaiah
timelineEvent.article|bib-er-belshazzar-and-fall-of-babylon|d019795609	371	Jeremiah	jeremiah
timelineEvent.article|bib-er-belshazzar-and-fall-of-babylon|eea8738996	67	Daniel	daniel
timelineEvent.article|bib-er-cyrus-decree|76a96bcf92	258	Ezra	ezra
timelineEvent.article|bib-er-cyrus-decree|76a96bcf92	454	Jeremiah	jeremiah
timelineEvent.article|bib-er-cyrus-decree|cdb408b0d0	81	Isaiah	isaiah
timelineEvent.article|bib-er-daniel-interprets-dreams|4c8dbcf6d8	58	Daniel	daniel
timelineEvent.article|bib-er-daniel-interprets-dreams|828665be45	300	Daniel	daniel
timelineEvent.article|bib-er-daniel-interprets-dreams|828665be45	326	Daniel	daniel
timelineEvent.article|bib-er-daniel-interprets-dreams|828665be45	45	Daniel	daniel
timelineEvent.article|bib-er-daniel-interprets-dreams|fa1e6333ab	70	Daniel	daniel
timelineEvent.article|bib-er-daniel-lions-den|1cb17d9d01	0	Daniel	daniel
timelineEvent.article|bib-er-daniel-lions-den|1cb17d9d01	232	Daniel	daniel
timelineEvent.article|bib-er-daniel-lions-den|1cb17d9d01	327	Daniel	daniel
timelineEvent.article|bib-er-daniel-lions-den|a89ce29dff	45	Daniel	daniel
timelineEvent.article|bib-er-daniel-lions-den|f33eafb2b6	110	Daniel	daniel
timelineEvent.article|bib-er-daniel-lions-den|f33eafb2b6	181	Daniel	daniel
timelineEvent.article|bib-er-daniel-taken-to-babylon|09c2020f59	208	Daniel	daniel
timelineEvent.article|bib-er-daniel-taken-to-babylon|09c2020f59	333	Jeremiah	jeremiah
timelineEvent.article|bib-er-daniel-taken-to-babylon|a87a0df9fe	407	Daniel	daniel
timelineEvent.article|bib-er-daniel-taken-to-babylon|c948c5fc3e	146	Daniel	daniel
timelineEvent.article|bib-er-daniel-taken-to-babylon|c948c5fc3e	56	Jeremiah	jeremiah
timelineEvent.article|bib-er-esther-and-purim|5827fcbd3d	166	Mordecai	mordecai
timelineEvent.article|bib-er-esther-and-purim|5827fcbd3d	20	Esther	esther
timelineEvent.article|bib-er-esther-and-purim|5827fcbd3d	367	Esther	esther
timelineEvent.article|bib-er-esther-and-purim|5827fcbd3d	5	Mordecai	mordecai
timelineEvent.article|bib-er-esther-and-purim|5827fcbd3d	536	Mordecai	mordecai
timelineEvent.article|bib-er-esther-and-purim|de352e412f	16	Esther	esther
timelineEvent.article|bib-er-esther-and-purim|de352e412f	160	Mordecai	mordecai
timelineEvent.article|bib-er-esther-becomes-queen|37bf680c23	22	Mordecai	mordecai
timelineEvent.article|bib-er-esther-becomes-queen|b488badef4	12	Esther	esther
timelineEvent.article|bib-er-esther-becomes-queen|e1aa2c2865	156	Hadassah	esther
timelineEvent.article|bib-er-esther-becomes-queen|e1aa2c2865	202	Esther	esther
timelineEvent.article|bib-er-esther-becomes-queen|e1aa2c2865	227	Mordecai	mordecai
timelineEvent.article|bib-er-esther-becomes-queen|e1aa2c2865	440	Esther	esther
timelineEvent.article|bib-er-esther-becomes-queen|e1aa2c2865	48	Esther	esther
timelineEvent.article|bib-er-esther-becomes-queen|e1aa2c2865	99	Mordecai	mordecai
timelineEvent.article|bib-er-ezekiel-exiled-and-ministry|55f1d3190c	34	Ezekiel	ezekiel
timelineEvent.article|bib-er-ezekiel-exiled-and-ministry|55f1d3190c	357	Ezekiel	ezekiel
timelineEvent.article|bib-er-ezekiel-exiled-and-ministry|a89a1cc141	267	Ezekiel	ezekiel
timelineEvent.article|bib-er-ezekiel-exiled-and-ministry|a89a1cc141	355	Ezekiel	ezekiel
timelineEvent.article|bib-er-ezekiel-exiled-and-ministry|a89a1cc141	97	Jehoiachin	jeconiah
timelineEvent.article|bib-er-ezekiel-exiled-and-ministry|d622a8f40d	25	Ezekiel	ezekiel
timelineEvent.article|bib-er-ezras-return|1b77ac0970	0	Ezra	ezra
timelineEvent.article|bib-er-ezras-return|1b77ac0970	372	Nehemiah	nehemiah
timelineEvent.article|bib-er-ezras-return|c418f446b9	261	Ezra	ezra
timelineEvent.article|bib-er-ezras-return|c418f446b9	65	Ezra	ezra
timelineEvent.article|bib-er-ezras-return|e3a2704e7c	26	Zerubbabel	zerubbabel
timelineEvent.article|bib-er-ezras-return|e3a2704e7c	79	Ezra	ezra
timelineEvent.article|bib-er-fall-of-jerusalem|1b4937cc94	63	job	job
timelineEvent.article|bib-er-fall-of-jerusalem|1b4937cc94	68	Solomon	solomon
timelineEvent.article|bib-er-fall-of-jerusalem|899c5fcd2e	80	Moses	moses
timelineEvent.article|bib-er-fall-of-jerusalem|899c5fcd2e	87	Jeremiah	jeremiah
timelineEvent.article|bib-er-fiery-furnace|57e54c92d5	222	Daniel	daniel
timelineEvent.article|bib-er-malachis-ministry|9ebc8d6285	220	Elijah	elijah
timelineEvent.article|bib-er-malachis-ministry|9ebc8d6285	314	Jesus	jesus-of-nazareth
timelineEvent.article|bib-er-malachis-ministry|9ebc8d6285	334	Gabriel	gabriel-archangel
timelineEvent.article|bib-er-malachis-ministry|9ebc8d6285	366	John the Baptist	john-the-baptist
timelineEvent.article|bib-er-malachis-ministry|cfc55b02d9	409	Nehemiah	nehemiah
timelineEvent.article|bib-er-malachis-ministry|cfc55b02d9	81	Nehemiah	nehemiah
timelineEvent.article|bib-er-nehemiahs-wall|31f9015577	11	Nehemiah	nehemiah
timelineEvent.article|bib-er-nehemiahs-wall|31f9015577	320	Nehemiah	nehemiah
timelineEvent.article|bib-er-nehemiahs-wall|59abcbc849	214	Nehemiah	nehemiah
timelineEvent.article|bib-er-nehemiahs-wall|59abcbc849	227	Ezra	ezra
timelineEvent.article|bib-er-nehemiahs-wall|75db4ad4a6	15	Nehemiah	nehemiah
timelineEvent.article|bib-er-nehemiahs-wall|75db4ad4a6	481	Nehemiah	nehemiah
timelineEvent.article|bib-er-second-temple-completed|5c35f36f0d	116	Solomon	solomon
timelineEvent.article|bib-er-second-temple-completed|5c35f36f0d	297	Solomon	solomon
timelineEvent.article|bib-er-second-temple-completed|5c35f36f0d	425	Zechariah	zechariah-father-of-john-baptist
timelineEvent.article|bib-er-second-temple-completed|5c35f36f0d	460	Jesus	jesus-of-nazareth
timelineEvent.article|bib-er-second-temple-completed|c6d680a82a	255	Zechariah	zechariah-father-of-john-baptist
timelineEvent.article|bib-er-second-temple-completed|c6d680a82a	321	Zerubbabel	zerubbabel
timelineEvent.article|bib-er-second-temple-completed|c6d680a82a	348	Joshua	joshua
timelineEvent.article|bib-er-zerubbabels-return|10376bcab7	290	Zerubbabel	zerubbabel
timelineEvent.article|bib-er-zerubbabels-return|10376bcab7	332	Jehoiachin	jeconiah
timelineEvent.article|bib-er-zerubbabels-return|10376bcab7	360	David	david
timelineEvent.article|bib-er-zerubbabels-return|47b96571c0	420	Solomon	solomon
timelineEvent.article|bib-er-zerubbabels-return|ac7e2c5b30	277	Zechariah	zechariah-father-of-john-baptist
timelineEvent.article|bib-exo-birth-of-moses|6aeceb43ed	210	Miriam	miriam
timelineEvent.article|bib-exo-birth-of-moses|6aeceb43ed	262	Moses	moses
timelineEvent.article|bib-exo-birth-of-moses|6aeceb43ed	309	Stephen	stephen-the-martyr
timelineEvent.article|bib-exo-birth-of-moses|6aeceb43ed	448	Moses	moses
timelineEvent.article|bib-exo-birth-of-moses|c13c823ebb	0	Moses	moses
timelineEvent.article|bib-exo-birth-of-moses|c13c823ebb	176	Moses	moses
timelineEvent.article|bib-exo-burning-bush|b3b83deeec	329	Moses	moses
timelineEvent.article|bib-exo-burning-bush|b3b83deeec	5	Moses	moses
timelineEvent.article|bib-exo-burning-bush|c4514703fb	33	Moses	moses
timelineEvent.article|bib-exo-burning-bush|c4514703fb	381	Abraham	abraham
timelineEvent.article|bib-exo-burning-bush|c4514703fb	390	Isaac	isaac
timelineEvent.article|bib-exo-burning-bush|c4514703fb	401	Jacob	jacob
timelineEvent.article|bib-exo-burning-bush|c7cf1b573e	0	Moses	moses
timelineEvent.article|bib-exo-burning-bush|c7cf1b573e	199	Moses	moses
timelineEvent.article|bib-exo-burning-bush|c7cf1b573e	245	Aaron	aaron
timelineEvent.article|bib-exo-death-of-aaron|058f2854ae	0	Aaron	aaron
timelineEvent.article|bib-exo-death-of-aaron|058f2854ae	109	Moses	moses
timelineEvent.article|bib-exo-death-of-aaron|058f2854ae	170	Moses	moses
timelineEvent.article|bib-exo-death-of-aaron|058f2854ae	181	Aaron	aaron
timelineEvent.article|bib-exo-death-of-aaron|058f2854ae	430	Moses	moses
timelineEvent.article|bib-exo-death-of-aaron|058f2854ae	440	Aaron	aaron
timelineEvent.article|bib-exo-death-of-aaron|058f2854ae	517	Aaron	aaron
timelineEvent.article|bib-exo-death-of-aaron|7391421517	0	Aaron	aaron
timelineEvent.article|bib-exo-death-of-aaron|7391421517	135	Moses	moses
timelineEvent.article|bib-exo-death-of-aaron|7391421517	172	Aaron	aaron
timelineEvent.article|bib-exo-death-of-aaron|7391421517	277	Aaron	aaron
timelineEvent.article|bib-exo-death-of-aaron|7391421517	511	Moses	moses
timelineEvent.article|bib-exo-death-of-aaron|ce178bf886	300	eve	eve
timelineEvent.article|bib-exo-death-of-aaron|ce178bf886	82	Aaron	aaron
timelineEvent.article|bib-exo-death-of-moses|3f255fd6c5	0	Moses	moses
timelineEvent.article|bib-exo-death-of-moses|3f255fd6c5	354	Manasseh	manasseh-king-of-judah
timelineEvent.article|bib-exo-death-of-moses|3f255fd6c5	417	Moses	moses
timelineEvent.article|bib-exo-death-of-moses|62d1ff17f0	102	Moses	moses
timelineEvent.article|bib-exo-death-of-moses|62d1ff17f0	325	Moses	moses
timelineEvent.article|bib-exo-death-of-moses|62d1ff17f0	477	Jesus	jesus-of-nazareth
timelineEvent.article|bib-exo-death-of-moses|62d1ff17f0	511	Moses	moses
timelineEvent.article|bib-exo-death-of-moses|62d1ff17f0	522	Moses	moses
timelineEvent.article|bib-exo-death-of-moses|76ed349e92	100	Joshua	joshua
timelineEvent.article|bib-exo-death-of-moses|76ed349e92	16	Moses	moses
timelineEvent.article|bib-exo-death-of-moses|76ed349e92	280	Moses	moses
timelineEvent.article|bib-exo-death-of-moses|76ed349e92	289	Joshua	joshua
timelineEvent.article|bib-exo-death-of-moses|76ed349e92	354	Joshua	joshua
timelineEvent.article|bib-exo-death-of-moses|76ed349e92	447	Abraham	abraham
timelineEvent.article|bib-exo-death-of-moses|76ed349e92	56	Joshua	joshua
timelineEvent.article|bib-exo-first-passover|35acaeb510	376	Moses	moses
timelineEvent.article|bib-exo-first-passover|f9d6a4b4c3	107	Paul	paul-of-tarsus
timelineEvent.article|bib-exo-first-passover|f9d6a4b4c3	267	Jesus	jesus-of-nazareth
timelineEvent.article|bib-exo-flight-to-midian|195127dba5	12	Moses	moses
timelineEvent.article|bib-exo-flight-to-midian|195127dba5	194	Moses	moses
timelineEvent.article|bib-exo-flight-to-midian|195127dba5	291	Moses	moses
timelineEvent.article|bib-exo-flight-to-midian|57f8b9f939	318	Moses	moses
timelineEvent.article|bib-exo-flight-to-midian|e5d5124c6d	18	Moses	moses
timelineEvent.article|bib-exo-giving-of-the-law|3b1442295c	151	Moses	moses
timelineEvent.article|bib-exo-giving-of-the-law|3b1442295c	273	Jesus	jesus-of-nazareth
timelineEvent.article|bib-exo-giving-of-the-law|3b1442295c	55	Moses	moses
timelineEvent.article|bib-exo-giving-of-the-law|c376afd5df	410	Moses	moses
timelineEvent.article|bib-exo-giving-of-the-law|c376afd5df	427	Aaron	aaron
timelineEvent.article|bib-exo-giving-of-the-law|c376afd5df	88	Moses	moses
timelineEvent.article|bib-exo-golden-calf|636c77d6ac	116	Moses	moses
timelineEvent.article|bib-exo-golden-calf|636c77d6ac	145	Moses	moses
timelineEvent.article|bib-exo-golden-calf|636c77d6ac	244	Abraham	abraham
timelineEvent.article|bib-exo-golden-calf|636c77d6ac	253	Isaac	isaac
timelineEvent.article|bib-exo-golden-calf|636c77d6ac	264	Jacob	jacob
timelineEvent.article|bib-exo-golden-calf|636c77d6ac	9	Moses	moses
timelineEvent.article|bib-exo-golden-calf|7f3847872d	0	Moses	moses
timelineEvent.article|bib-exo-golden-calf|7f3847872d	366	Moses	moses
timelineEvent.article|bib-exo-golden-calf|c35d4d5564	0	Moses	moses
timelineEvent.article|bib-exo-golden-calf|c35d4d5564	181	Aaron	aaron
timelineEvent.article|bib-exo-golden-calf|c35d4d5564	233	Aaron	aaron
timelineEvent.article|bib-exo-korahs-rebellion|1543f543ea	265	Moses	moses
timelineEvent.article|bib-exo-korahs-rebellion|1543f543ea	275	Aaron	aaron
timelineEvent.article|bib-exo-korahs-rebellion|1543f543ea	63	Moses	moses
timelineEvent.article|bib-exo-korahs-rebellion|1543f543ea	73	Aaron	aaron
timelineEvent.article|bib-exo-korahs-rebellion|54936ab0bd	0	Moses	moses
timelineEvent.article|bib-exo-korahs-rebellion|54936ab0bd	420	Moses	moses
timelineEvent.article|bib-exo-korahs-rebellion|54936ab0bd	430	Aaron	aaron
timelineEvent.article|bib-exo-korahs-rebellion|54936ab0bd	477	Aaron	aaron
timelineEvent.article|bib-exo-korahs-rebellion|d7bef40807	182	Aaron	aaron
timelineEvent.article|bib-exo-red-sea-crossing|36c391ae9f	0	Moses	moses
timelineEvent.article|bib-exo-red-sea-crossing|8d5541428a	108	Moses	moses
timelineEvent.article|bib-exo-red-sea-crossing|8d5541428a	159	Miriam	miriam
timelineEvent.article|bib-exo-red-sea-crossing|8d5541428a	80	Moses	moses
timelineEvent.article|bib-exo-tabernacle-completed|654fd5adef	158	Moses	moses
timelineEvent.article|bib-exo-tabernacle-completed|9c56f70058	448	Spirit of God	holy-spirit
timelineEvent.article|bib-exo-ten-plagues|c6068a1808	11	Moses	moses
timelineEvent.article|bib-exo-ten-plagues|c6068a1808	21	Aaron	aaron
timelineEvent.article|bib-exo-the-exodus|d1425a08df	107	Moses	moses
timelineEvent.article|bib-exo-the-exodus|d1425a08df	117	Aaron	aaron
timelineEvent.article|bib-exo-twelve-spies-kadesh|30b2ac62bd	160	Abraham	abraham
timelineEvent.article|bib-exo-twelve-spies-kadesh|30b2ac62bd	187	Moses	moses
timelineEvent.article|bib-exo-twelve-spies-kadesh|6411c6489c	240	Joshua	joshua
timelineEvent.article|bib-exo-twelve-spies-kadesh|6411c6489c	251	Caleb	caleb
timelineEvent.article|bib-exo-twelve-spies-kadesh|fffe20cc2a	120	Caleb	caleb
timelineEvent.article|bib-exo-twelve-spies-kadesh|fffe20cc2a	16	Joshua	joshua
timelineEvent.article|bib-exo-twelve-spies-kadesh|fffe20cc2a	183	Moses	moses
timelineEvent.article|bib-exo-twelve-spies-kadesh|fffe20cc2a	193	Aaron	aaron
timelineEvent.article|bib-exo-twelve-spies-kadesh|fffe20cc2a	27	Caleb	caleb
timelineEvent.article|bib-exo-wilderness-provision-testing|0f4cfeb2d0	118	Moses	moses
timelineEvent.article|bib-exo-wilderness-provision-testing|0f4cfeb2d0	236	Moses	moses
timelineEvent.article|bib-exo-wilderness-provision-testing|9f06a7ce78	102	Moses	moses
timelineEvent.article|bib-exo-wilderness-provision-testing|9f06a7ce78	249	Aaron	aaron
timelineEvent.article|bib-exo-wilderness-provision-testing|9f06a7ce78	313	Moses	moses
timelineEvent.article|bib-exo-wilderness-provision-testing|9f06a7ce78	535	Joshua	joshua
timelineEvent.article|bib-exo-wilderness-provision-testing|9f06a7ce78	608	Moses	moses
timelineEvent.article|bib-exo-wilderness-wandering|796ca212fb	118	Joshua	joshua
timelineEvent.article|bib-exo-wilderness-wandering|796ca212fb	129	Caleb	caleb
timelineEvent.article|bib-exo-wilderness-wandering|9ab2b6dd3b	36	Moses	moses
timelineEvent.article|bib-it-alexander-conquers-judea|02120dc904	278	Daniel	daniel
timelineEvent.article|bib-it-alexander-conquers-judea|d9d9a13b5d	65	Daniel	daniel
timelineEvent.article|bib-it-antiochus-defiles-temple|5d4a385d5b	12	Daniel	daniel
timelineEvent.article|bib-it-antiochus-defiles-temple|5d4a385d5b	258	Jesus	jesus-of-nazareth
timelineEvent.article|bib-it-division-of-alexanders-empire|62bfcb9786	12	Daniel	daniel
timelineEvent.article|bib-it-hasmonean-dynasty-begins|1dec481dac	328	Judas	judas-iscariot
timelineEvent.article|bib-it-hasmonean-dynasty-begins|c113f12e0f	425	Moses	moses
timelineEvent.article|bib-it-hasmonean-dynasty-begins|c113f12e0f	74	Simon	simon-peter
timelineEvent.article|bib-it-hasmonean-dynasty-begins|cb1eda1f4c	153	Simon	simon-peter
timelineEvent.article|bib-it-hasmonean-dynasty-begins|cb1eda1f4c	45	Simon	simon-peter
timelineEvent.article|bib-it-herod-the-great-rise|1eb6dcf753	135	Jesus	jesus-of-nazareth
timelineEvent.article|bib-it-herod-the-great-rise|21e8f8700a	152	Caesar	tiberius-caesar
timelineEvent.article|bib-it-herod-the-great-rise|3c7661f39c	101	John	john-the-baptist
timelineEvent.article|bib-it-herod-the-great-rise|3c7661f39c	205	David	david
timelineEvent.article|bib-it-john-hyrcanus-reign|87ec730a02	40	John	john-the-baptist
timelineEvent.article|bib-it-john-hyrcanus-reign|f61219cd5d	199	Herod the Great	herod-the-great
timelineEvent.article|bib-it-john-hyrcanus-reign|f61219cd5d	572	Jesus	jesus-of-nazareth
timelineEvent.article|bib-it-john-hyrcanus-reign|ffe24394ae	0	Simon	simon-peter
timelineEvent.article|bib-it-john-hyrcanus-reign|ffe24394ae	12	John	john-the-baptist
timelineEvent.article|bib-it-jonathan-maccabeus-high-priest|2385345ee9	0	Judas	judas-iscariot
timelineEvent.article|bib-it-jonathan-maccabeus-high-priest|397d9025bc	242	Aaron	aaron
timelineEvent.article|bib-it-jonathan-maccabeus-high-priest|397d9025bc	263	Solomon	solomon
timelineEvent.article|bib-it-jonathan-maccabeus-high-priest|4035fff66d	111	Simon	simon-peter
timelineEvent.article|bib-it-jonathan-maccabeus-high-priest|f78f05220e	375	Simon	simon-peter
timelineEvent.article|bib-it-judas-maccabeus-campaigns|2a5a78ba0c	16	Judas	judas-iscariot
timelineEvent.article|bib-it-judas-maccabeus-campaigns|5e0cec815f	34	Judas	judas-iscariot
timelineEvent.article|bib-it-judas-maccabeus-campaigns|bb60dff0b5	186	Gideon	gideon
timelineEvent.article|bib-it-judas-maccabeus-campaigns|bb60dff0b5	230	David	david
timelineEvent.article|bib-it-maccabean-revolt-begins|83a323ec93	398	Moses	moses
timelineEvent.article|bib-it-maccabean-revolt-begins|83a323ec93	474	Judas	judas-iscariot
timelineEvent.article|bib-it-maccabean-revolt-begins|83a323ec93	491	Simon	simon-peter
timelineEvent.article|bib-it-maccabean-revolt-begins|83a323ec93	498	John	john-the-baptist
timelineEvent.article|bib-it-maccabean-revolt-begins|9e85e11495	511	Jesus	jesus-of-nazareth
timelineEvent.article|bib-it-maccabean-revolt-begins|c025dcd255	74	Judas	judas-iscariot
timelineEvent.article|bib-it-pharisees-sadducees-essenes-rise|5e2a91a17f	347	John the Baptist	john-the-baptist
timelineEvent.article|bib-it-pharisees-sadducees-essenes-rise|5e2a91a17f	75	Jesus of Nazareth	jesus-of-nazareth
timelineEvent.article|bib-it-pompey-conquers-jerusalem|d4a4948134	356	Pontius Pilate	pontius-pilate
timelineEvent.article|bib-it-pompey-conquers-jerusalem|d4a4948134	448	Jesus	jesus-of-nazareth
timelineEvent.article|bib-it-pompey-conquers-jerusalem|d4a4948134	478	Caesar Augustus	caesar-augustus
timelineEvent.article|bib-it-septuagint-translation|5c88111416	101	Jesus	jesus-of-nazareth
timelineEvent.article|bib-it-septuagint-translation|5c88111416	317	Luke	luke-evangelist
timelineEvent.article|bib-it-septuagint-translation|5c88111416	347	Paul	paul-of-tarsus
timelineEvent.article|bib-it-temple-rededication-hanukkah|0ae7c8aeab	82	Jesus	jesus-of-nazareth
timelineEvent.article|bib-it-temple-rededication-hanukkah|20bf3cb030	300	Solomon	solomon
timelineEvent.article|bib-it-temple-rededication-hanukkah|a6fc6e3119	89	Judas	judas-iscariot
timelineEvent.article|bib-loc-ascension|252ae4b3ed	0	Luke	luke-evangelist
timelineEvent.article|bib-loc-ascension|252ae4b3ed	134	Jesus	jesus-of-nazareth
timelineEvent.article|bib-loc-ascension|6b52bec4ea	33	Jesus	jesus-of-nazareth
timelineEvent.article|bib-loc-ascension|ca6a4f35d6	22	Jesus	jesus-of-nazareth
timelineEvent.article|bib-loc-ascension|ca6a4f35d6	263	Jesus	jesus-of-nazareth
timelineEvent.article|bib-loc-ascension|ca6a4f35d6	365	Luke	luke-evangelist
timelineEvent.article|bib-loc-baptism-of-jesus|4bc9598c27	3	Jesus	jesus-of-nazareth
timelineEvent.article|bib-loc-baptism-of-jesus|4bc9598c27	352	Jesus	jesus-of-nazareth
timelineEvent.article|bib-loc-baptism-of-jesus|4bc9598c27	54	Spirit of God	holy-spirit
timelineEvent.article|bib-loc-baptism-of-jesus|8ddae5fe75	0	Jesus	jesus-of-nazareth
timelineEvent.article|bib-loc-baptism-of-jesus|8ddae5fe75	112	John	john-the-baptist
timelineEvent.article|bib-loc-baptism-of-jesus|8ddae5fe75	163	Jesus	jesus-of-nazareth
timelineEvent.article|bib-loc-baptism-of-jesus|8ddae5fe75	187	Jesus	jesus-of-nazareth
timelineEvent.article|bib-loc-baptism-of-jesus|8ddae5fe75	384	John	john-the-baptist
timelineEvent.article|bib-loc-baptism-of-jesus|8ddae5fe75	73	John	john-the-baptist
timelineEvent.article|bib-loc-birth-of-jesus|0321628d1a	185	Jesus	jesus-of-nazareth
timelineEvent.article|bib-loc-birth-of-jesus|0321628d1a	289	Herod the Great	herod-the-great
timelineEvent.article|bib-loc-birth-of-jesus|0321628d1a	358	magi	magi
timelineEvent.article|bib-loc-birth-of-jesus|62ead7e912	105	Joseph	joseph-son-of-jacob
timelineEvent.article|bib-loc-birth-of-jesus|62ead7e912	116	Mary	mary-mother-of-jesus
timelineEvent.article|bib-loc-birth-of-jesus|62ead7e912	17	Augustus	caesar-augustus
timelineEvent.article|bib-loc-birth-of-jesus|62ead7e912	191	David	david
timelineEvent.article|bib-loc-birth-of-jesus|9d89d4f9a6	14	Mary	mary-mother-of-jesus
timelineEvent.article|bib-loc-birth-of-jesus|9d89d4f9a6	186	Luke	luke-evangelist
timelineEvent.article|bib-loc-birth-of-jesus|9d89d4f9a6	503	Isaiah	isaiah
timelineEvent.article|bib-loc-burial-of-jesus|304ee20125	118	Joseph	joseph-son-of-jacob
timelineEvent.article|bib-loc-burial-of-jesus|304ee20125	17	Jesus	jesus-of-nazareth
timelineEvent.article|bib-loc-burial-of-jesus|304ee20125	315	Pilate	pontius-pilate
timelineEvent.article|bib-loc-burial-of-jesus|c62b8718f9	107	John	john-the-baptist
timelineEvent.article|bib-loc-burial-of-jesus|c62b8718f9	152	Jesus	jesus-of-nazareth
timelineEvent.article|bib-loc-burial-of-jesus|c62b8718f9	221	Pilate	pontius-pilate
timelineEvent.article|bib-loc-burial-of-jesus|c62b8718f9	241	Jesus	jesus-of-nazareth
timelineEvent.article|bib-loc-burial-of-jesus|c62b8718f9	265	Pilate	pontius-pilate
timelineEvent.article|bib-loc-burial-of-jesus|c62b8718f9	305	Jesus	jesus-of-nazareth
timelineEvent.article|bib-loc-burial-of-jesus|c62b8718f9	326	Nicodemus	nicodemus
timelineEvent.article|bib-loc-burial-of-jesus|c62b8718f9	371	Jesus	jesus-of-nazareth
timelineEvent.article|bib-loc-burial-of-jesus|c62b8718f9	46	Joseph of Arimathea	joseph-of-arimathea
timelineEvent.article|bib-loc-calling-first-disciples|62aabd69c0	25	Jesus	jesus-of-nazareth
timelineEvent.article|bib-loc-calling-first-disciples|62aabd69c0	319	Jesus	jesus-of-nazareth
timelineEvent.article|bib-loc-calling-first-disciples|62aabd69c0	37	James	james-son-of-zebedee
timelineEvent.article|bib-loc-calling-first-disciples|62aabd69c0	47	John	john-the-baptist
timelineEvent.article|bib-loc-calling-first-disciples|d262140956	156	Jesus	jesus-of-nazareth
timelineEvent.article|bib-loc-calling-first-disciples|d262140956	168	Simon Peter	simon-peter
timelineEvent.article|bib-loc-calling-first-disciples|d262140956	196	Andrew	andrew-apostle
timelineEvent.article|bib-loc-calling-first-disciples|d262140956	288	Luke	luke-evangelist
timelineEvent.article|bib-loc-calling-first-disciples|d262140956	34	Jesus	jesus-of-nazareth
timelineEvent.article|bib-loc-calling-first-disciples|d262140956	385	Peter	simon-peter
timelineEvent.article|bib-loc-calling-first-disciples|d262140956	402	Jesus	jesus-of-nazareth
timelineEvent.article|bib-loc-calling-first-disciples|d262140956	48	John the Baptist	john-the-baptist
timelineEvent.article|bib-loc-calming-the-storm|1ae08cbc4c	0	Jesus	jesus-of-nazareth
timelineEvent.article|bib-loc-calming-the-storm|1ae08cbc4c	273	Jesus	jesus-of-nazareth
timelineEvent.article|bib-loc-calming-the-storm|1ae08cbc4c	447	Jesus	jesus-of-nazareth
timelineEvent.article|bib-loc-calming-the-storm|9b3718baea	193	Jesus	jesus-of-nazareth
timelineEvent.article|bib-loc-calming-the-storm|9b3718baea	30	Jesus	jesus-of-nazareth
timelineEvent.article|bib-loc-confession-caesarea-philippi|444fb627d8	0	Jesus	jesus-of-nazareth
timelineEvent.article|bib-loc-confession-caesarea-philippi|444fb627d8	132	Philip	philip-the-apostle
timelineEvent.article|bib-loc-confession-caesarea-philippi|444fb627d8	287	Jesus	jesus-of-nazareth
timelineEvent.article|bib-loc-confession-caesarea-philippi|444fb627d8	365	John the Baptist	john-the-baptist
timelineEvent.article|bib-loc-confession-caesarea-philippi|444fb627d8	383	Elijah	elijah
timelineEvent.article|bib-loc-confession-caesarea-philippi|da475c41f3	0	Peter	simon-peter
timelineEvent.article|bib-loc-confession-caesarea-philippi|da475c41f3	388	Jesus	jesus-of-nazareth
timelineEvent.article|bib-loc-confession-caesarea-philippi|da475c41f3	517	Peter	simon-peter
timelineEvent.article|bib-loc-confession-caesarea-philippi|da475c41f3	567	Jesus	jesus-of-nazareth
timelineEvent.article|bib-loc-confession-caesarea-philippi|da475c41f3	78	Jesus	jesus-of-nazareth
timelineEvent.article|bib-loc-crucifixion|3969a0ed99	20	Jesus	jesus-of-nazareth
timelineEvent.article|bib-loc-crucifixion|3969a0ed99	235	Jesus of Nazareth	jesus-of-nazareth
timelineEvent.article|bib-loc-crucifixion|3969a0ed99	335	Pilate	pontius-pilate
timelineEvent.article|bib-loc-crucifixion|b9d5660e35	15	Jesus	jesus-of-nazareth
timelineEvent.article|bib-loc-crucifixion|b9d5660e35	490	Jesus	jesus-of-nazareth
timelineEvent.article|bib-loc-feeding-five-thousand|f7b7c7ece9	160	Jesus	jesus-of-nazareth
timelineEvent.article|bib-loc-feeding-five-thousand|f7b7c7ece9	403	John	john-the-baptist
timelineEvent.article|bib-loc-feeding-five-thousand|f7b7c7ece9	476	Jesus	jesus-of-nazareth
timelineEvent.article|bib-loc-feeding-five-thousand|fb966ed12d	0	Jesus	jesus-of-nazareth
timelineEvent.article|bib-loc-feeding-five-thousand|fb966ed12d	114	John the Baptist	john-the-baptist
timelineEvent.article|bib-loc-feeding-five-thousand|fb966ed12d	166	Jesus	jesus-of-nazareth
timelineEvent.article|bib-loc-feeding-five-thousand|fb966ed12d	373	Jesus	jesus-of-nazareth
timelineEvent.article|bib-loc-gethsemane-arrest|7f2019a431	18	Jesus	jesus-of-nazareth
timelineEvent.article|bib-loc-gethsemane-arrest|7f2019a431	194	Peter	simon-peter
timelineEvent.article|bib-loc-gethsemane-arrest|7f2019a431	201	James	james-son-of-zebedee
timelineEvent.article|bib-loc-gethsemane-arrest|7f2019a431	212	John	john-the-baptist
timelineEvent.article|bib-loc-gethsemane-arrest|7f2019a431	229	Jesus	jesus-of-nazareth
timelineEvent.article|bib-loc-gethsemane-arrest|7f2019a431	332	Luke	luke-evangelist
timelineEvent.article|bib-loc-gethsemane-arrest|9a1ba12528	0	Jesus	jesus-of-nazareth
timelineEvent.article|bib-loc-gethsemane-arrest|9a1ba12528	220	Judas Iscariot	judas-iscariot
timelineEvent.article|bib-loc-gethsemane-arrest|9a1ba12528	310	Jesus	jesus-of-nazareth
timelineEvent.article|bib-loc-gethsemane-arrest|9a1ba12528	341	Peter	simon-peter
timelineEvent.article|bib-loc-gethsemane-arrest|9a1ba12528	428	Jesus	jesus-of-nazareth
timelineEvent.article|bib-loc-great-commission|52c46ef27e	31	Jesus	jesus-of-nazareth
timelineEvent.article|bib-loc-great-commission|ae1b8ead78	0	Jesus	jesus-of-nazareth
timelineEvent.article|bib-loc-great-commission|ae1b8ead78	243	the Holy Spirit	holy-spirit
timelineEvent.article|bib-loc-jesus-in-temple-age-twelve|cefc3c2c87	125	Jesus	jesus-of-nazareth
timelineEvent.article|bib-loc-jesus-in-temple-age-twelve|cefc3c2c87	368	Luke	luke-evangelist
timelineEvent.article|bib-loc-jesus-in-temple-age-twelve|cefc3c2c87	422	Jesus	jesus-of-nazareth
timelineEvent.article|bib-loc-jesus-in-temple-age-twelve|cefc3c2c87	5	Mary	mary-mother-of-jesus
timelineEvent.article|bib-loc-jesus-in-temple-age-twelve|dad827663e	0	Luke	luke-evangelist
timelineEvent.article|bib-loc-jesus-in-temple-age-twelve|dad827663e	190	Jesus	jesus-of-nazareth
timelineEvent.article|bib-loc-jesus-in-temple-age-twelve|dad827663e	44	Jesus	jesus-of-nazareth
timelineEvent.article|bib-loc-jesus-in-temple-age-twelve|dad827663e	61	Joseph	joseph-son-of-jacob
timelineEvent.article|bib-loc-jesus-in-temple-age-twelve|dad827663e	72	Mary	mary-mother-of-jesus
timelineEvent.article|bib-loc-jesus-walks-on-water|147cae7458	33	Jesus	jesus-of-nazareth
timelineEvent.article|bib-loc-jesus-walks-on-water|147cae7458	364	Jesus	jesus-of-nazareth
timelineEvent.article|bib-loc-jesus-walks-on-water|659fb1aa9b	0	Peter	simon-peter
timelineEvent.article|bib-loc-jesus-walks-on-water|659fb1aa9b	166	Jesus	jesus-of-nazareth
timelineEvent.article|bib-loc-jesus-walks-on-water|659fb1aa9b	42	Jesus	jesus-of-nazareth
timelineEvent.article|bib-loc-john-baptist-ministry-begins|6599bb88fc	0	John	john-the-baptist
timelineEvent.article|bib-loc-john-baptist-ministry-begins|6599bb88fc	202	Abraham	abraham
timelineEvent.article|bib-loc-john-baptist-ministry-begins|6599bb88fc	326	the Holy Spirit	holy-spirit
timelineEvent.article|bib-loc-john-baptist-ministry-begins|6599bb88fc	425	Isaiah	isaiah
timelineEvent.article|bib-loc-john-baptist-ministry-begins|94a93a39ce	0	Luke	luke-evangelist
timelineEvent.article|bib-loc-john-baptist-ministry-begins|94a93a39ce	108	Tiberius Caesar	tiberius-caesar
timelineEvent.article|bib-loc-john-baptist-ministry-begins|94a93a39ce	152	Pontius Pilate	pontius-pilate
timelineEvent.article|bib-loc-john-baptist-ministry-begins|94a93a39ce	199	Herod Antipas	herod-antipas
timelineEvent.article|bib-loc-john-baptist-ministry-begins|94a93a39ce	228	Philip	philip-the-apostle
timelineEvent.article|bib-loc-john-baptist-ministry-begins|94a93a39ce	24	John	john-the-baptist
timelineEvent.article|bib-loc-john-baptist-ministry-begins|94a93a39ce	291	John the Baptist	john-the-baptist
timelineEvent.article|bib-loc-john-baptist-ministry-begins|94a93a39ce	328	Zechariah	zechariah-father-of-john-baptist
timelineEvent.article|bib-loc-john-baptist-ministry-begins|94a93a39ce	506	Elijah	elijah
timelineEvent.article|bib-loc-last-supper|6e3106c0e3	0	Jesus	jesus-of-nazareth
timelineEvent.article|bib-loc-last-supper|6e3106c0e3	12	Peter	simon-peter
timelineEvent.article|bib-loc-last-supper|6e3106c0e3	198	John	john-the-baptist
timelineEvent.article|bib-loc-last-supper|6e3106c0e3	22	John	john-the-baptist
timelineEvent.article|bib-loc-last-supper|6e3106c0e3	267	Jesus	jesus-of-nazareth
timelineEvent.article|bib-loc-last-supper|f4a557d253	17	Jesus	jesus-of-nazareth
timelineEvent.article|bib-loc-last-supper|f4a557d253	361	Judas Iscariot	judas-iscariot
timelineEvent.article|bib-loc-last-supper|f4a557d253	431	John	john-the-baptist
timelineEvent.article|bib-loc-last-supper|f4a557d253	511	the Holy Spirit	holy-spirit
timelineEvent.article|bib-loc-magi-flight-to-egypt|443cc544b3	201	Herod the Great	herod-the-great
timelineEvent.article|bib-loc-magi-flight-to-egypt|443cc544b3	26	magi	magi
timelineEvent.article|bib-loc-magi-flight-to-egypt|443cc544b3	395	magi	magi
timelineEvent.article|bib-loc-magi-flight-to-egypt|48dad65887	156	Jesus	jesus-of-nazareth
timelineEvent.article|bib-loc-magi-flight-to-egypt|bb8d9d4160	128	Mary	mary-mother-of-jesus
timelineEvent.article|bib-loc-magi-flight-to-egypt|bb8d9d4160	51	magi	magi
timelineEvent.article|bib-loc-magi-flight-to-egypt|bb8d9d4160	86	Joseph	joseph-son-of-jacob
timelineEvent.article|bib-loc-olivet-discourse|5e6bcba86e	138	Jesus	jesus-of-nazareth
timelineEvent.article|bib-loc-olivet-discourse|8d08a72b02	228	Titus	titus
timelineEvent.article|bib-loc-olivet-discourse|8d08a72b02	40	Jesus	jesus-of-nazareth
timelineEvent.article|bib-loc-olivet-discourse|8d08a72b02	427	Jesus	jesus-of-nazareth
timelineEvent.article|bib-loc-parable-good-samaritan|26a82e5748	402	Jesus	jesus-of-nazareth
timelineEvent.article|bib-loc-parable-good-samaritan|781bb16209	18	Jesus	jesus-of-nazareth
timelineEvent.article|bib-loc-parable-good-samaritan|781bb16209	199	Jesus	jesus-of-nazareth
timelineEvent.article|bib-loc-parable-good-samaritan|781bb16209	391	Jesus	jesus-of-nazareth
timelineEvent.article|bib-loc-parable-of-the-sower|33a039339b	61	Jesus	jesus-of-nazareth
timelineEvent.article|bib-loc-parable-of-the-sower|c373a3e553	58	Jesus	jesus-of-nazareth
timelineEvent.article|bib-loc-parable-prodigal-son|a219fbbdda	586	Jesus	jesus-of-nazareth
timelineEvent.article|bib-loc-parable-prodigal-son|ea570fd922	53	Jesus	jesus-of-nazareth
timelineEvent.article|bib-loc-post-resurrection-appearances|5361f2b6c3	130	Peter	simon-peter
timelineEvent.article|bib-loc-post-resurrection-appearances|5361f2b6c3	23	Jesus	jesus-of-nazareth
timelineEvent.article|bib-loc-post-resurrection-appearances|5361f2b6c3	314	John	john-the-baptist
timelineEvent.article|bib-loc-post-resurrection-appearances|7761ec2300	322	Jesus	jesus-of-nazareth
timelineEvent.article|bib-loc-post-resurrection-appearances|7761ec2300	62	Jesus	jesus-of-nazareth
timelineEvent.article|bib-loc-post-resurrection-appearances|e0c3211fbd	19	Jesus	jesus-of-nazareth
timelineEvent.article|bib-loc-post-resurrection-appearances|e0c3211fbd	206	Thomas	thomas-apostle
timelineEvent.article|bib-loc-public-ministry|61aa02b96f	239	the devil	satan
timelineEvent.article|bib-loc-public-ministry|884384d740	288	Joseph of Arimathea	joseph-of-arimathea
timelineEvent.article|bib-loc-public-ministry|884384d740	470	Peter	simon-peter
timelineEvent.article|bib-loc-public-ministry|884384d740	480	John	john-the-baptist
timelineEvent.article|bib-loc-raising-of-lazarus|0b86973121	0	Lazarus of Bethany	lazarus-of-bethany
timelineEvent.article|bib-loc-raising-of-lazarus|0b86973121	102	Jesus	jesus-of-nazareth
timelineEvent.article|bib-loc-raising-of-lazarus|0b86973121	161	Jesus	jesus-of-nazareth
timelineEvent.article|bib-loc-raising-of-lazarus|0b86973121	233	Lazarus	lazarus-of-bethany
timelineEvent.article|bib-loc-raising-of-lazarus|0b86973121	73	Martha	martha-of-bethany
timelineEvent.article|bib-loc-raising-of-lazarus|0b86973121	84	Mary	mary-mother-of-jesus
timelineEvent.article|bib-loc-raising-of-lazarus|e40821d8c6	0	Martha	martha-of-bethany
timelineEvent.article|bib-loc-raising-of-lazarus|e40821d8c6	116	Jesus	jesus-of-nazareth
timelineEvent.article|bib-loc-raising-of-lazarus|e40821d8c6	13	Jesus	jesus-of-nazareth
timelineEvent.article|bib-loc-raising-of-lazarus|e40821d8c6	301	Jesus	jesus-of-nazareth
timelineEvent.article|bib-loc-raising-of-lazarus|e40821d8c6	444	Lazarus	lazarus-of-bethany
timelineEvent.article|bib-loc-raising-of-lazarus|eaa604b564	0	John	john-the-baptist
timelineEvent.article|bib-loc-raising-of-lazarus|eaa604b564	219	Jesus	jesus-of-nazareth
timelineEvent.article|bib-loc-raising-of-lazarus|eaa604b564	47	Jesus	jesus-of-nazareth
timelineEvent.article|bib-loc-resurrection|7573a08176	64	Jesus	jesus-of-nazareth
timelineEvent.article|bib-loc-resurrection|7573a08176	82	Mary Magdalene	mary-magdalene
timelineEvent.article|bib-loc-resurrection|8bdaa76e23	81	Paul	paul-of-tarsus
timelineEvent.article|bib-loc-resurrection|ad306c34b4	0	Peter	simon-peter
timelineEvent.article|bib-loc-resurrection|ad306c34b4	10	John	john-the-baptist
timelineEvent.article|bib-loc-resurrection|ad306c34b4	236	Jesus	jesus-of-nazareth
timelineEvent.article|bib-loc-resurrection|ad306c34b4	277	Mary Magdalene	mary-magdalene
timelineEvent.article|bib-loc-resurrection|ad306c34b4	364	Thomas	thomas-apostle
timelineEvent.article|bib-loc-resurrection|ad306c34b4	418	Paul	paul-of-tarsus
timelineEvent.article|bib-loc-return-nazareth-childhood|4a5630aa95	142	Nathanael	bartholomew-nathanael
timelineEvent.article|bib-loc-return-nazareth-childhood|4a5630aa95	366	Luke	luke-evangelist
timelineEvent.article|bib-loc-return-nazareth-childhood|4a5630aa95	525	Joseph	joseph-son-of-jacob
timelineEvent.article|bib-loc-return-nazareth-childhood|fc844693d9	137	Archelaus	herod-archelaus
timelineEvent.article|bib-loc-return-nazareth-childhood|fc844693d9	217	Joseph	joseph-son-of-jacob
timelineEvent.article|bib-loc-return-nazareth-childhood|fc844693d9	341	Mary	mary-mother-of-jesus
timelineEvent.article|bib-loc-return-nazareth-childhood|fc844693d9	5	Herod the Great	herod-the-great
timelineEvent.article|bib-loc-return-nazareth-childhood|fc844693d9	52	Joseph	joseph-son-of-jacob
timelineEvent.article|bib-loc-return-nazareth-childhood|fc844693d9	79	Mary	mary-mother-of-jesus
timelineEvent.article|bib-loc-return-nazareth-childhood|fc844693d9	88	Jesus	jesus-of-nazareth
timelineEvent.article|bib-loc-sermon-on-the-mount|6a85e373e7	208	Luke	luke-evangelist
timelineEvent.article|bib-loc-sermon-on-the-mount|6a85e373e7	417	Jesus	jesus-of-nazareth
timelineEvent.article|bib-loc-sermon-on-the-mount|6a85e373e7	66	Jesus	jesus-of-nazareth
timelineEvent.article|bib-loc-sermon-on-the-mount|819ce4da23	0	Jesus	jesus-of-nazareth
timelineEvent.article|bib-loc-sermon-on-the-mount|9009b67e71	19	Jesus	jesus-of-nazareth
timelineEvent.article|bib-loc-sermon-on-the-mount|9009b67e71	281	Jesus	jesus-of-nazareth
timelineEvent.article|bib-loc-temple-cleansing-early|2b755f3967	0	John	john-the-baptist
timelineEvent.article|bib-loc-temple-cleansing-early|2b755f3967	408	Jesus	jesus-of-nazareth
timelineEvent.article|bib-loc-temple-cleansing-early|2b755f3967	45	Jesus	jesus-of-nazareth
timelineEvent.article|bib-loc-temple-cleansing-early|ce78a747b8	131	Jesus	jesus-of-nazareth
timelineEvent.article|bib-loc-temple-cleansing-early|ce78a747b8	226	John	john-the-baptist
timelineEvent.article|bib-loc-temple-cleansing-passion-week|0d9cddceb5	337	Jesus	jesus-of-nazareth
timelineEvent.article|bib-loc-temple-cleansing-passion-week|0d9cddceb5	391	Isaiah	isaiah
timelineEvent.article|bib-loc-temple-cleansing-passion-week|0d9cddceb5	402	Jeremiah	jeremiah
timelineEvent.article|bib-loc-temple-cleansing-passion-week|0d9cddceb5	43	Jesus	jesus-of-nazareth
timelineEvent.article|bib-loc-temple-cleansing-passion-week|de132ed0c6	219	Jesus	jesus-of-nazareth
timelineEvent.article|bib-loc-temple-cleansing-passion-week|de132ed0c6	312	David	david
timelineEvent.article|bib-loc-temptation-wilderness|4b40d30bd5	154	the devil	satan
timelineEvent.article|bib-loc-temptation-wilderness|4b40d30bd5	371	Jesus	jesus-of-nazareth
timelineEvent.article|bib-loc-temptation-wilderness|4b40d30bd5	49	Jesus	jesus-of-nazareth
timelineEvent.article|bib-loc-temptation-wilderness|8f082447f5	0	Jesus	jesus-of-nazareth
timelineEvent.article|bib-loc-temptation-wilderness|8f082447f5	310	The devil	satan
timelineEvent.article|bib-loc-temptation-wilderness|8f082447f5	454	Jesus	jesus-of-nazareth
timelineEvent.article|bib-loc-transfiguration|59a33486cf	0	Jesus	jesus-of-nazareth
timelineEvent.article|bib-loc-transfiguration|59a33486cf	92	Peter	simon-peter
timelineEvent.article|bib-loc-transfiguration|663cf88daf	0	Peter	simon-peter
timelineEvent.article|bib-loc-transfiguration|663cf88daf	106	Moses	moses
timelineEvent.article|bib-loc-transfiguration|663cf88daf	117	Elijah	elijah
timelineEvent.article|bib-loc-transfiguration|663cf88daf	313	Moses	moses
timelineEvent.article|bib-loc-transfiguration|663cf88daf	323	Elijah	elijah
timelineEvent.article|bib-loc-transfiguration|663cf88daf	363	Jesus	jesus-of-nazareth
timelineEvent.article|bib-loc-transfiguration|663cf88daf	99	Jesus	jesus-of-nazareth
timelineEvent.article|bib-loc-transfiguration|c3518052fe	19	Peter	simon-peter
timelineEvent.article|bib-loc-transfiguration|c3518052fe	208	Moses	moses
timelineEvent.article|bib-loc-transfiguration|c3518052fe	218	Elijah	elijah
timelineEvent.article|bib-loc-transfiguration|c3518052fe	285	Luke	luke-evangelist
timelineEvent.article|bib-loc-transfiguration|c3518052fe	323	Jesus	jesus-of-nazareth
timelineEvent.article|bib-loc-transfiguration|c3518052fe	39	Jesus	jesus-of-nazareth
timelineEvent.article|bib-loc-transfiguration|c3518052fe	51	Peter	simon-peter
timelineEvent.article|bib-loc-transfiguration|c3518052fe	58	James	james-son-of-zebedee
timelineEvent.article|bib-loc-transfiguration|c3518052fe	69	John	john-the-baptist
timelineEvent.article|bib-loc-trials-of-jesus|6afd57e023	183	Caesar	tiberius-caesar
timelineEvent.article|bib-loc-trials-of-jesus|6afd57e023	191	Pilate	pontius-pilate
timelineEvent.article|bib-loc-trials-of-jesus|6afd57e023	242	Jesus	jesus-of-nazareth
timelineEvent.article|bib-loc-trials-of-jesus|6afd57e023	276	Herod Antipas	herod-antipas
timelineEvent.article|bib-loc-trials-of-jesus|6afd57e023	338	Jesus	jesus-of-nazareth
timelineEvent.article|bib-loc-trials-of-jesus|6afd57e023	376	Pilate	pontius-pilate
timelineEvent.article|bib-loc-trials-of-jesus|6afd57e023	414	Jesus	jesus-of-nazareth
timelineEvent.article|bib-loc-trials-of-jesus|6afd57e023	601	Jesus	jesus-of-nazareth
timelineEvent.article|bib-loc-trials-of-jesus|6afd57e023	62	Jesus	jesus-of-nazareth
timelineEvent.article|bib-loc-trials-of-jesus|6afd57e023	90	Pontius Pilate	pontius-pilate
timelineEvent.article|bib-loc-trials-of-jesus|8864bd745b	0	Jesus	jesus-of-nazareth
timelineEvent.article|bib-loc-trials-of-jesus|8864bd745b	179	Caiaphas	caiaphas
timelineEvent.article|bib-loc-trials-of-jesus|8864bd745b	196	Jesus	jesus-of-nazareth
timelineEvent.article|bib-loc-trials-of-jesus|8864bd745b	258	Jesus	jesus-of-nazareth
timelineEvent.article|bib-loc-trials-of-jesus|8864bd745b	463	Peter	simon-peter
timelineEvent.article|bib-loc-trials-of-jesus|8864bd745b	525	Jesus	jesus-of-nazareth
timelineEvent.article|bib-loc-trials-of-jesus|8864bd745b	577	Jesus	jesus-of-nazareth
timelineEvent.article|bib-loc-trials-of-jesus|8864bd745b	75	Caiaphas	caiaphas
timelineEvent.article|bib-loc-triumphal-entry|6ff18d7cb8	120	David	david
timelineEvent.article|bib-loc-triumphal-entry|6ff18d7cb8	277	Jesus	jesus-of-nazareth
timelineEvent.article|bib-loc-triumphal-entry|6ff18d7cb8	306	Jesus	jesus-of-nazareth
timelineEvent.article|bib-loc-triumphal-entry|6ff18d7cb8	325	Luke	luke-evangelist
timelineEvent.article|bib-loc-triumphal-entry|6ff18d7cb8	381	Jesus	jesus-of-nazareth
timelineEvent.article|bib-loc-triumphal-entry|739268d1fe	236	Jesus	jesus-of-nazareth
timelineEvent.article|bib-loc-triumphal-entry|739268d1fe	273	Zechariah	zechariah-father-of-john-baptist
timelineEvent.article|bib-loc-triumphal-entry|739268d1fe	55	Jesus	jesus-of-nazareth
timelineEvent.article|bib-loc-wedding-at-cana|9d65051b77	0	Jesus	jesus-of-nazareth
timelineEvent.article|bib-loc-wedding-at-cana|9d65051b77	315	John	john-the-baptist
timelineEvent.article|bib-loc-wedding-at-cana|e81391a061	0	John	john-the-baptist
timelineEvent.article|bib-loc-wedding-at-cana|e81391a061	300	Mary	mary-mother-of-jesus
timelineEvent.article|bib-loc-wedding-at-cana|e81391a061	327	Jesus	jesus-of-nazareth
timelineEvent.article|bib-loc-wedding-at-cana|e81391a061	68	Jesus	jesus-of-nazareth
timelineEvent.article|bib-loc-wedding-at-cana|e81391a061	86	Mary	mary-mother-of-jesus
timelineEvent.article|bib-pat-abrahamic-covenant|155f517c15	259	Joseph	joseph-son-of-jacob
timelineEvent.article|bib-pat-abrahamic-covenant|155f517c15	288	Moses	moses
timelineEvent.article|bib-pat-abrahamic-covenant|155f517c15	29	Abram	abraham
timelineEvent.article|bib-pat-abrahamic-covenant|d5635d986d	36	Abram	abraham
timelineEvent.article|bib-pat-abrahamic-covenant|d5635d986d	386	Abram	abraham
timelineEvent.article|bib-pat-abrahamic-covenant|d5635d986d	468	Abram	abraham
timelineEvent.article|bib-pat-abrahamic-covenant|dad2afc79e	30	Abram	abraham
timelineEvent.article|bib-pat-abrahamic-covenant|dad2afc79e	381	Paul	paul-of-tarsus
timelineEvent.article|bib-pat-abrahamic-covenant|dad2afc79e	463	Abram	abraham
timelineEvent.article|bib-pat-abram-rescues-lot|0eff0a04c4	103	Abram	abraham
timelineEvent.article|bib-pat-abram-rescues-lot|0eff0a04c4	29	Abram	abraham
timelineEvent.article|bib-pat-abram-rescues-lot|3b202eccfb	18	Abram	abraham
timelineEvent.article|bib-pat-abram-rescues-lot|bfab36d5f7	101	Melchizedek	melchizedek
timelineEvent.article|bib-pat-abram-rescues-lot|bfab36d5f7	17	Abram	abraham
timelineEvent.article|bib-pat-abram-rescues-lot|bfab36d5f7	264	Abram	abraham
timelineEvent.article|bib-pat-abram-rescues-lot|bfab36d5f7	271	Abram	abraham
timelineEvent.article|bib-pat-abram-rescues-lot|bfab36d5f7	440	Melchizedek	melchizedek
timelineEvent.article|bib-pat-binding-isaac|1055b241ab	187	Isaac	isaac
timelineEvent.article|bib-pat-binding-isaac|1055b241ab	21	Isaac	isaac
timelineEvent.article|bib-pat-binding-isaac|174131c780	368	Abraham	abraham
timelineEvent.article|bib-pat-binding-isaac|21a2cc64ce	119	Abraham	abraham
timelineEvent.article|bib-pat-binding-isaac|21a2cc64ce	193	Abraham	abraham
timelineEvent.article|bib-pat-binding-isaac|21a2cc64ce	209	Isaac	isaac
timelineEvent.article|bib-pat-binding-isaac|21a2cc64ce	323	Abraham	abraham
timelineEvent.article|bib-pat-binding-isaac|21a2cc64ce	537	Isaac	isaac
timelineEvent.article|bib-pat-binding-isaac|36a72da5f7	146	Abraham	abraham
timelineEvent.article|bib-pat-binding-isaac|36a72da5f7	236	Abraham	abraham
timelineEvent.article|bib-pat-binding-isaac|36a72da5f7	423	Isaac	isaac
timelineEvent.article|bib-pat-binding-isaac|36a72da5f7	442	Abraham	abraham
timelineEvent.article|bib-pat-binding-isaac|36a72da5f7	96	Isaac	isaac
timelineEvent.article|bib-pat-birth-isaac|664d659251	150	Hagar	hagar
timelineEvent.article|bib-pat-birth-isaac|664d659251	163	Abraham	abraham
timelineEvent.article|bib-pat-birth-isaac|664d659251	18	Sarah	sarah
timelineEvent.article|bib-pat-birth-isaac|664d659251	186	Sarah	sarah
timelineEvent.article|bib-pat-birth-isaac|664d659251	277	Abraham	abraham
timelineEvent.article|bib-pat-birth-isaac|664d659251	295	Isaac	isaac
timelineEvent.article|bib-pat-birth-isaac|664d659251	394	Sarah	sarah
timelineEvent.article|bib-pat-birth-isaac|664d659251	60	Sarah	sarah
timelineEvent.article|bib-pat-birth-isaac|bb3793c853	260	Abraham	abraham
timelineEvent.article|bib-pat-birth-isaac|bb3793c853	38	Isaac	isaac
timelineEvent.article|bib-pat-birth-isaac|c7f2e797ab	0	Isaac	isaac
timelineEvent.article|bib-pat-birth-isaac|c7f2e797ab	165	Sarah	sarah
timelineEvent.article|bib-pat-birth-isaac|c7f2e797ab	235	Abraham	abraham
timelineEvent.article|bib-pat-birth-isaac|c7f2e797ab	248	Hagar	hagar
timelineEvent.article|bib-pat-birth-isaac|c7f2e797ab	272	Abraham	abraham
timelineEvent.article|bib-pat-birth-isaac|c7f2e797ab	352	Sarah	sarah
timelineEvent.article|bib-pat-birth-jacob-esau|05017108fa	0	Isaac	isaac
timelineEvent.article|bib-pat-birth-jacob-esau|05017108fa	10	Rebekah	rebekah
timelineEvent.article|bib-pat-birth-jacob-esau|05017108fa	98	Rebekah	rebekah
timelineEvent.article|bib-pat-birth-jacob-esau|17286ebdf3	107	Jacob	jacob
timelineEvent.article|bib-pat-birth-jacob-esau|17286ebdf3	251	Esau	esau
timelineEvent.article|bib-pat-birth-jacob-esau|17286ebdf3	334	Jacob	jacob
timelineEvent.article|bib-pat-birth-jacob-esau|17286ebdf3	76	Esau	esau
timelineEvent.article|bib-pat-birth-jacob-esau|1f44ffa1ef	267	Jacob	jacob
timelineEvent.article|bib-pat-birth-jacob-esau|1f44ffa1ef	313	Isaac	isaac
timelineEvent.article|bib-pat-birth-jacob-esau|1f44ffa1ef	353	Joseph	joseph-son-of-jacob
timelineEvent.article|bib-pat-call-of-abram|795d0480bb	165	Abram	abraham
timelineEvent.article|bib-pat-call-of-abram|795d0480bb	200	Abram	abraham
timelineEvent.article|bib-pat-call-of-abram|795d0480bb	300	Sarai	sarah
timelineEvent.article|bib-pat-call-of-abram|b13683b561	163	Abram	abraham
timelineEvent.article|bib-pat-call-of-abram|b13683b561	537	Abram	abraham
timelineEvent.article|bib-pat-call-of-abram|b13683b561	546	Isaac	isaac
timelineEvent.article|bib-pat-call-of-abram|b13683b561	553	Jacob	jacob
timelineEvent.article|bib-pat-call-of-abram|b13683b561	579	David	david
timelineEvent.article|bib-pat-call-of-abram|c9de9dae04	139	Abram	abraham
timelineEvent.article|bib-pat-call-of-abram|c9de9dae04	146	Abram	abraham
timelineEvent.article|bib-pat-call-of-abram|c9de9dae04	159	Sarai	sarah
timelineEvent.article|bib-pat-call-of-abram|c9de9dae04	311	Abram	abraham
timelineEvent.article|bib-pat-call-of-abram|c9de9dae04	529	Abram	abraham
timelineEvent.article|bib-pat-covenant-circumcision|669be93f88	269	Abram	abraham
timelineEvent.article|bib-pat-covenant-circumcision|669be93f88	53	Abram	abraham
timelineEvent.article|bib-pat-covenant-circumcision|af899b56da	104	Sarah	sarah
timelineEvent.article|bib-pat-covenant-circumcision|af899b56da	143	Sarah	sarah
timelineEvent.article|bib-pat-covenant-circumcision|af899b56da	170	Abraham	abraham
timelineEvent.article|bib-pat-covenant-circumcision|af899b56da	22	Abram	abraham
timelineEvent.article|bib-pat-covenant-circumcision|af899b56da	274	Abraham	abraham
timelineEvent.article|bib-pat-covenant-circumcision|af899b56da	55	Abraham	abraham
timelineEvent.article|bib-pat-covenant-circumcision|af899b56da	90	Sarai	sarah
timelineEvent.article|bib-pat-covenant-circumcision|db6bfe7669	159	Isaac	isaac
timelineEvent.article|bib-pat-covenant-circumcision|db6bfe7669	171	Sarah	sarah
timelineEvent.article|bib-pat-death-abraham|307758cadc	135	Sarah	sarah
timelineEvent.article|bib-pat-death-abraham|307758cadc	5	Abraham	abraham
timelineEvent.article|bib-pat-death-abraham|307758cadc	63	Isaac	isaac
timelineEvent.article|bib-pat-death-abraham|86eda1ec2e	134	Isaac	isaac
timelineEvent.article|bib-pat-death-abraham|86eda1ec2e	22	Abraham	abraham
timelineEvent.article|bib-pat-death-abraham|b099a59d00	0	Abraham	abraham
timelineEvent.article|bib-pat-death-abraham|b099a59d00	215	Isaac	isaac
timelineEvent.article|bib-pat-death-abraham|b099a59d00	37	Isaac	isaac
timelineEvent.article|bib-pat-death-jacob|00adc5e8d8	17	Joseph	joseph-son-of-jacob
timelineEvent.article|bib-pat-death-jacob|00adc5e8d8	200	Abraham	abraham
timelineEvent.article|bib-pat-death-jacob|00adc5e8d8	209	Sarah	sarah
timelineEvent.article|bib-pat-death-jacob|00adc5e8d8	216	Isaac	isaac
timelineEvent.article|bib-pat-death-jacob|00adc5e8d8	223	Rebekah	rebekah
timelineEvent.article|bib-pat-death-jacob|00adc5e8d8	236	Leah	leah
timelineEvent.article|bib-pat-death-jacob|00adc5e8d8	366	Jacob	jacob
timelineEvent.article|bib-pat-death-jacob|00adc5e8d8	5	Jacob	jacob
timelineEvent.article|bib-pat-death-jacob|2ed63ec18c	0	Jacob	jacob
timelineEvent.article|bib-pat-death-jacob|2ed63ec18c	150	Joseph	joseph-son-of-jacob
timelineEvent.article|bib-pat-death-jacob|2ed63ec18c	268	Joseph	joseph-son-of-jacob
timelineEvent.article|bib-pat-death-jacob|2ed63ec18c	299	Manasseh	manasseh-king-of-judah
timelineEvent.article|bib-pat-death-jacob|2ed63ec18c	341	Joseph	joseph-son-of-jacob
timelineEvent.article|bib-pat-death-jacob|2ed63ec18c	389	Joseph	joseph-son-of-jacob
timelineEvent.article|bib-pat-death-jacob|a4dc552d65	0	Jacob	jacob
timelineEvent.article|bib-pat-death-joseph|2434e1b89e	0	Joseph	joseph-son-of-jacob
timelineEvent.article|bib-pat-death-joseph|2434e1b89e	377	Abraham	abraham
timelineEvent.article|bib-pat-death-joseph|2434e1b89e	399	Jacob	jacob
timelineEvent.article|bib-pat-death-joseph|b035a3d826	202	Joseph	joseph-son-of-jacob
timelineEvent.article|bib-pat-death-joseph|b035a3d826	288	Joseph	joseph-son-of-jacob
timelineEvent.article|bib-pat-death-joseph|b035a3d826	70	Joseph	joseph-son-of-jacob
timelineEvent.article|bib-pat-death-joseph|f3357aa3ac	0	Joseph	joseph-son-of-jacob
timelineEvent.article|bib-pat-death-joseph|f3357aa3ac	191	Moses	moses
timelineEvent.article|bib-pat-death-sarah|32dba04508	205	Abraham	abraham
timelineEvent.article|bib-pat-death-sarah|32dba04508	319	Abraham	abraham
timelineEvent.article|bib-pat-death-sarah|32dba04508	328	Sarah	sarah
timelineEvent.article|bib-pat-death-sarah|32dba04508	335	Isaac	isaac
timelineEvent.article|bib-pat-death-sarah|32dba04508	342	Rebekah	rebekah
timelineEvent.article|bib-pat-death-sarah|32dba04508	351	Leah	leah
timelineEvent.article|bib-pat-death-sarah|32dba04508	361	Jacob	jacob
timelineEvent.article|bib-pat-death-sarah|b687c14961	192	Abraham	abraham
timelineEvent.article|bib-pat-death-sarah|bcbb118929	0	Sarah	sarah
timelineEvent.article|bib-pat-death-sarah|bcbb118929	175	Abraham	abraham
timelineEvent.article|bib-pat-death-sarah|bcbb118929	328	Abraham	abraham
timelineEvent.article|bib-pat-death-sarah|bcbb118929	69	Abraham	abraham
timelineEvent.article|bib-pat-esau-birthright|6e69c59867	154	Esau	esau
timelineEvent.article|bib-pat-esau-birthright|6e69c59867	225	Jacob	jacob
timelineEvent.article|bib-pat-esau-birthright|6e69c59867	323	Jacob	jacob
timelineEvent.article|bib-pat-esau-birthright|a317f98a22	0	Esau	esau
timelineEvent.article|bib-pat-esau-birthright|a317f98a22	233	Esau	esau
timelineEvent.article|bib-pat-esau-birthright|a317f98a22	288	Jacob	jacob
timelineEvent.article|bib-pat-esau-birthright|a317f98a22	324	Esau	esau
timelineEvent.article|bib-pat-esau-birthright|faf8f96c4f	18	Esau	esau
timelineEvent.article|bib-pat-hagar-ishmael|26777095fc	139	Hagar	hagar
timelineEvent.article|bib-pat-hagar-ishmael|26777095fc	181	Sarai	sarah
timelineEvent.article|bib-pat-hagar-ishmael|26777095fc	197	Abram	abraham
timelineEvent.article|bib-pat-hagar-ishmael|26777095fc	215	Hagar	hagar
timelineEvent.article|bib-pat-hagar-ishmael|26777095fc	274	Hagar	hagar
timelineEvent.article|bib-pat-hagar-ishmael|26777095fc	326	Sarai	sarah
timelineEvent.article|bib-pat-hagar-ishmael|26777095fc	370	Hagar	hagar
timelineEvent.article|bib-pat-hagar-ishmael|26777095fc	59	Sarai	sarah
timelineEvent.article|bib-pat-hagar-ishmael|342e2dcc37	21	Abram	abraham
timelineEvent.article|bib-pat-hagar-ishmael|342e2dcc37	359	Paul	paul-of-tarsus
timelineEvent.article|bib-pat-hagar-ishmael|342e2dcc37	375	Hagar	hagar
timelineEvent.article|bib-pat-hagar-ishmael|342e2dcc37	385	Sarah	sarah
timelineEvent.article|bib-pat-hagar-ishmael|45655b79c7	231	Sarai	sarah
timelineEvent.article|bib-pat-hagar-ishmael|45655b79c7	305	Hagar	hagar
timelineEvent.article|bib-pat-hagar-ishmael|45655b79c7	89	Hagar	hagar
timelineEvent.article|bib-pat-isaac-rebekah|5f7a0a5346	0	Abraham	abraham
timelineEvent.article|bib-pat-isaac-rebekah|5f7a0a5346	132	Isaac	isaac
timelineEvent.article|bib-pat-isaac-rebekah|5f7a0a5346	394	Rebekah	rebekah
timelineEvent.article|bib-pat-isaac-rebekah|5f7a0a5346	98	Isaac	isaac
timelineEvent.article|bib-pat-isaac-rebekah|e3026e9a35	0	Rebekah	rebekah
timelineEvent.article|bib-pat-isaac-rebekah|e3026e9a35	210	Rebekah	rebekah
timelineEvent.article|bib-pat-isaac-rebekah|e3026e9a35	24	Abraham	abraham
timelineEvent.article|bib-pat-isaac-rebekah|e3026e9a35	360	Isaac	isaac
timelineEvent.article|bib-pat-isaac-rebekah|e3026e9a35	403	Rebekah	rebekah
timelineEvent.article|bib-pat-isaac-rebekah|e3026e9a35	476	Isaac	isaac
timelineEvent.article|bib-pat-isaac-rebekah|e3026e9a35	511	Sarah	sarah
timelineEvent.article|bib-pat-isaac-rebekah|e3026e9a35	553	Sarah	sarah
timelineEvent.article|bib-pat-jacob-family-goshen|2f737d0489	118	Abraham	abraham
timelineEvent.article|bib-pat-jacob-family-goshen|2f737d0489	130	Isaac	isaac
timelineEvent.article|bib-pat-jacob-family-goshen|2f737d0489	7	Jacob	jacob
timelineEvent.article|bib-pat-jacob-family-goshen|7e77752dfd	0	Jacob	jacob
timelineEvent.article|bib-pat-jacob-family-goshen|7e77752dfd	333	Abraham	abraham
timelineEvent.article|bib-pat-jacob-family-goshen|8e61f4cf80	0	Jacob	jacob
timelineEvent.article|bib-pat-jacob-family-goshen|8e61f4cf80	188	Joseph	joseph-son-of-jacob
timelineEvent.article|bib-pat-jacob-family-goshen|8e61f4cf80	508	Joseph	joseph-son-of-jacob
timelineEvent.article|bib-pat-jacob-family-goshen|8e61f4cf80	72	Joseph	joseph-son-of-jacob
timelineEvent.article|bib-pat-jacob-flees-bethel|10f7dc0657	178	Esau	esau
timelineEvent.article|bib-pat-jacob-flees-bethel|10f7dc0657	197	Jacob	jacob
timelineEvent.article|bib-pat-jacob-flees-bethel|10f7dc0657	5	Esau	esau
timelineEvent.article|bib-pat-jacob-flees-bethel|25b1b05fbe	115	Jacob	jacob
timelineEvent.article|bib-pat-jacob-flees-bethel|25b1b05fbe	249	Jesus	jesus-of-nazareth
timelineEvent.article|bib-pat-jacob-flees-bethel|25b1b05fbe	297	Nathanael	bartholomew-nathanael
timelineEvent.article|bib-pat-jacob-flees-bethel|25b1b05fbe	415	Jacob	jacob
timelineEvent.article|bib-pat-jacob-flees-bethel|2610bafb0e	228	Jacob	jacob
timelineEvent.article|bib-pat-jacob-flees-bethel|2610bafb0e	301	Abraham	abraham
timelineEvent.article|bib-pat-jacob-flees-bethel|2610bafb0e	313	Isaac	isaac
timelineEvent.article|bib-pat-jacob-flees-bethel|2610bafb0e	420	Jacob	jacob
timelineEvent.article|bib-pat-jacob-flees-bethel|2610bafb0e	58	Jacob	jacob
timelineEvent.article|bib-pat-jacob-flees-bethel|e67ee49fa6	13	Isaac	isaac
timelineEvent.article|bib-pat-jacob-flees-bethel|e67ee49fa6	150	Jacob	jacob
timelineEvent.article|bib-pat-jacob-flees-bethel|e67ee49fa6	159	Esau	esau
timelineEvent.article|bib-pat-jacob-flees-bethel|e67ee49fa6	278	Esau	esau
timelineEvent.article|bib-pat-jacob-flees-bethel|e67ee49fa6	318	Isaac	isaac
timelineEvent.article|bib-pat-jacob-flees-bethel|e67ee49fa6	389	Jacob	jacob
timelineEvent.article|bib-pat-jacob-flees-bethel|e67ee49fa6	59	Esau	esau
timelineEvent.article|bib-pat-jacob-flees-bethel|e67ee49fa6	90	Rebekah	rebekah
timelineEvent.article|bib-pat-jacob-marriages-sons|3566a2f621	190	Leah	leah
timelineEvent.article|bib-pat-jacob-marriages-sons|3566a2f621	212	Rachel	rachel
timelineEvent.article|bib-pat-jacob-marriages-sons|3566a2f621	290	Joseph	joseph-son-of-jacob
timelineEvent.article|bib-pat-jacob-marriages-sons|5d44f80733	0	Jacob	jacob
timelineEvent.article|bib-pat-jacob-marriages-sons|5d44f80733	103	Isaac	isaac
timelineEvent.article|bib-pat-jacob-marriages-sons|5d44f80733	157	Rachel	rachel
timelineEvent.article|bib-pat-jacob-marriages-sons|5d44f80733	237	Leah	leah
timelineEvent.article|bib-pat-jacob-marriages-sons|5d44f80733	369	Jacob	jacob
timelineEvent.article|bib-pat-jacob-marriages-sons|5d44f80733	405	Rachel	rachel
timelineEvent.article|bib-pat-jacob-marriages-sons|a5c2482aa8	128	Rachel	rachel
timelineEvent.article|bib-pat-jacob-marriages-sons|a5c2482aa8	207	Jacob	jacob
timelineEvent.article|bib-pat-jacob-marriages-sons|a5c2482aa8	218	Leah	leah
timelineEvent.article|bib-pat-jacob-marriages-sons|a5c2482aa8	353	Jacob	jacob
timelineEvent.article|bib-pat-jacob-marriages-sons|a5c2482aa8	43	Leah	leah
timelineEvent.article|bib-pat-jacob-marriages-sons|a5c2482aa8	501	Rachel	rachel
timelineEvent.article|bib-pat-jacob-marriages-sons|a5c2482aa8	518	Joseph	joseph-son-of-jacob
timelineEvent.article|bib-pat-jacob-peniel-esau|42218ca96c	129	Jacob	jacob
timelineEvent.article|bib-pat-jacob-peniel-esau|42218ca96c	169	Jacob	jacob
timelineEvent.article|bib-pat-jacob-peniel-esau|42218ca96c	238	Jacob	jacob
timelineEvent.article|bib-pat-jacob-peniel-esau|42218ca96c	324	Jacob	jacob
timelineEvent.article|bib-pat-jacob-peniel-esau|42218ca96c	408	Jacob	jacob
timelineEvent.article|bib-pat-jacob-peniel-esau|42218ca96c	67	Jacob	jacob
timelineEvent.article|bib-pat-jacob-peniel-esau|c3c19c236b	119	Esau	esau
timelineEvent.article|bib-pat-jacob-peniel-esau|c3c19c236b	21	Esau	esau
timelineEvent.article|bib-pat-jacob-peniel-esau|c3c19c236b	210	Esau	esau
timelineEvent.article|bib-pat-jacob-peniel-esau|c3c19c236b	252	Jacob	jacob
timelineEvent.article|bib-pat-jacob-peniel-esau|c3c19c236b	392	Jacob	jacob
timelineEvent.article|bib-pat-jacob-peniel-esau|c3c19c236b	413	Esau	esau
timelineEvent.article|bib-pat-jacob-peniel-esau|eac1d5be9a	182	Esau	esau
timelineEvent.article|bib-pat-jacob-peniel-esau|eac1d5be9a	20	Jacob	jacob
timelineEvent.article|bib-pat-jacob-peniel-esau|eac1d5be9a	236	Jacob	jacob
timelineEvent.article|bib-pat-joseph-reveals-brothers|0e15da7121	6	Joseph	joseph-son-of-jacob
timelineEvent.article|bib-pat-joseph-reveals-brothers|0e15da7121	95	Joseph	joseph-son-of-jacob
timelineEvent.article|bib-pat-joseph-reveals-brothers|0f7b6ec2b9	11	Joseph	joseph-son-of-jacob
timelineEvent.article|bib-pat-joseph-reveals-brothers|0f7b6ec2b9	229	Joseph	joseph-son-of-jacob
timelineEvent.article|bib-pat-joseph-reveals-brothers|0f7b6ec2b9	319	Joseph	joseph-son-of-jacob
timelineEvent.article|bib-pat-joseph-reveals-brothers|0f7b6ec2b9	52	Jacob	jacob
timelineEvent.article|bib-pat-joseph-reveals-brothers|3d116e0ebe	0	Joseph	joseph-son-of-jacob
timelineEvent.article|bib-pat-joseph-reveals-brothers|3d116e0ebe	134	Joseph	joseph-son-of-jacob
timelineEvent.article|bib-pat-joseph-reveals-brothers|3d116e0ebe	222	Jacob	jacob
timelineEvent.article|bib-pat-joseph-reveals-brothers|3d116e0ebe	258	Joseph	joseph-son-of-jacob
timelineEvent.article|bib-pat-joseph-reveals-brothers|3d116e0ebe	86	Jacob	jacob
timelineEvent.article|bib-pat-joseph-reveals-brothers|74164713cc	131	Joseph	joseph-son-of-jacob
timelineEvent.article|bib-pat-joseph-reveals-brothers|74164713cc	202	Joseph	joseph-son-of-jacob
timelineEvent.article|bib-pat-joseph-reveals-brothers|74164713cc	23	Joseph	joseph-son-of-jacob
timelineEvent.article|bib-pat-joseph-reveals-brothers|74164713cc	373	Joseph	joseph-son-of-jacob
timelineEvent.article|bib-pat-joseph-rises-power|7c2859e6f6	302	Joseph	joseph-son-of-jacob
timelineEvent.article|bib-pat-joseph-rises-power|ae1cdf8ec3	144	Manasseh	manasseh-king-of-judah
timelineEvent.article|bib-pat-joseph-rises-power|ae1cdf8ec3	28	Joseph	joseph-son-of-jacob
timelineEvent.article|bib-pat-joseph-rises-power|ae1cdf8ec3	317	Joseph	joseph-son-of-jacob
timelineEvent.article|bib-pat-joseph-rises-power|ae1cdf8ec3	69	Manasseh	manasseh-king-of-judah
timelineEvent.article|bib-pat-joseph-rises-power|c195004119	0	Joseph	joseph-son-of-jacob
timelineEvent.article|bib-pat-joseph-rises-power|c195004119	349	Joseph	joseph-son-of-jacob
timelineEvent.article|bib-pat-joseph-rises-power|c195004119	606	Joseph	joseph-son-of-jacob
timelineEvent.article|bib-pat-joseph-slavery-prison|2b47588a9f	10	Joseph	joseph-son-of-jacob
timelineEvent.article|bib-pat-joseph-slavery-prison|2b47588a9f	153	Joseph	joseph-son-of-jacob
timelineEvent.article|bib-pat-joseph-slavery-prison|2b47588a9f	304	Joseph	joseph-son-of-jacob
timelineEvent.article|bib-pat-joseph-slavery-prison|9f5bdac899	20	Joseph	joseph-son-of-jacob
timelineEvent.article|bib-pat-joseph-slavery-prison|9f5bdac899	264	Joseph	joseph-son-of-jacob
timelineEvent.article|bib-pat-joseph-slavery-prison|bd2506ac23	149	Joseph	joseph-son-of-jacob
timelineEvent.article|bib-pat-joseph-slavery-prison|bd2506ac23	21	Joseph	joseph-son-of-jacob
timelineEvent.article|bib-pat-joseph-slavery-prison|bd2506ac23	638	Joseph	joseph-son-of-jacob
timelineEvent.article|bib-pat-joseph-slavery-prison|bd2506ac23	7	Jacob	jacob
timelineEvent.article|bib-pat-joseph-slavery-prison|bd2506ac23	742	Jacob	jacob
timelineEvent.article|bib-pat-joseph-slavery-prison|c2a4403d5e	93	Joseph	joseph-son-of-jacob
timelineEvent.article|bib-pat-sodom-gomorrah|5201528439	190	Abraham	abraham
timelineEvent.article|bib-pat-sodom-gomorrah|5201528439	274	Abraham	abraham
timelineEvent.article|bib-pat-sodom-gomorrah|5201528439	378	Abraham	abraham
timelineEvent.article|bib-pat-sodom-gomorrah|b6a1cb0bdc	248	Abraham	abraham
timelineEvent.article|bib-pat-sodom-gomorrah|b6a1cb0bdc	466	Abraham	abraham
timelineEvent.article|bib-pat-sodom-gomorrah|b6a1cb0bdc	51	Abraham	abraham
timelineEvent.article|bib-pat-sodom-gomorrah|b6a1cb0bdc	79	Sarah	sarah
timelineEvent.article|bib-prim-cain-abel|3f0b388d68	18	Cain	cain
timelineEvent.article|bib-prim-cain-abel|3f0b388d68	240	Adam	adam
timelineEvent.article|bib-prim-cain-abel|3f0b388d68	249	Eve	eve
timelineEvent.article|bib-prim-cain-abel|3f0b388d68	359	Abel	abel
timelineEvent.article|bib-prim-cain-abel|a49ea3cffc	11	Cain	cain
timelineEvent.article|bib-prim-cain-abel|a49ea3cffc	156	Cain	cain
timelineEvent.article|bib-prim-cain-abel|a49ea3cffc	200	Abel	abel
timelineEvent.article|bib-prim-cain-abel|a49ea3cffc	333	Abel	abel
timelineEvent.article|bib-prim-cain-abel|a49ea3cffc	343	Cain	cain
timelineEvent.article|bib-prim-cain-abel|ee2a19778a	0	Adam	adam
timelineEvent.article|bib-prim-cain-abel|ee2a19778a	167	Abel	abel
timelineEvent.article|bib-prim-cain-abel|ee2a19778a	237	Cain	cain
timelineEvent.article|bib-prim-cain-abel|ee2a19778a	315	Abel	abel
timelineEvent.article|bib-prim-cain-abel|ee2a19778a	342	Cain	cain
timelineEvent.article|bib-prim-cain-abel|ee2a19778a	385	Cain	cain
timelineEvent.article|bib-prim-cain-abel|ee2a19778a	74	Cain	cain
timelineEvent.article|bib-prim-cain-abel|ee2a19778a	9	Eve	eve
timelineEvent.article|bib-prim-cain-abel|ee2a19778a	96	Abel	abel
timelineEvent.article|bib-prim-creation|9549238141	152	Eve	eve
timelineEvent.article|bib-prim-creation|9549238141	161	Adam	adam
timelineEvent.article|bib-prim-creation|9549238141	62	Adam	adam
timelineEvent.article|bib-prim-creation|c51955917e	258	Jesus	jesus-of-nazareth
timelineEvent.article|bib-prim-curse-of-ham|0ae1afc786	0	Noah	noah
timelineEvent.article|bib-prim-curse-of-ham|0ae1afc786	128	Noah	noah
timelineEvent.article|bib-prim-curse-of-ham|0ae1afc786	172	Noah	noah
timelineEvent.article|bib-prim-curse-of-ham|0ae1afc786	419	Noah	noah
timelineEvent.article|bib-prim-curse-of-ham|b5c5543bcc	5	Noah	noah
timelineEvent.article|bib-prim-enoch|378da4faf8	150	Enoch	enoch
timelineEvent.article|bib-prim-enoch|378da4faf8	170	Adam	adam
timelineEvent.article|bib-prim-enoch|378da4faf8	382	Enoch	enoch
timelineEvent.article|bib-prim-enoch|3b6d76750a	130	Enoch	enoch
timelineEvent.article|bib-prim-enoch|3b6d76750a	269	Elijah	elijah
timelineEvent.article|bib-prim-enoch|3b6d76750a	386	Enoch	enoch
timelineEvent.article|bib-prim-enoch|3b6d76750a	486	Enoch	enoch
timelineEvent.article|bib-prim-enoch|937d2455b9	0	Enoch	enoch
timelineEvent.article|bib-prim-enoch|937d2455b9	373	Enoch	enoch
timelineEvent.article|bib-prim-enoch|937d2455b9	93	Abel	abel
timelineEvent.article|bib-prim-fall|3e3cd3fcec	304	Paul	paul-of-tarsus
timelineEvent.article|bib-prim-fall|3e3cd3fcec	384	Adam	adam
timelineEvent.article|bib-prim-fall|a9fd9ffd44	108	Eve	eve
timelineEvent.article|bib-prim-fall|a9fd9ffd44	286	Eve	eve
timelineEvent.article|bib-prim-fall|a9fd9ffd44	296	Adam	adam
timelineEvent.article|bib-prim-fall|c50a510155	418	Adam	adam
timelineEvent.article|bib-prim-fall|c50a510155	427	Eve	eve
timelineEvent.article|bib-prim-fall|c50a510155	69	Adam	adam
timelineEvent.article|bib-prim-fall|c50a510155	78	Eve	eve
timelineEvent.article|bib-prim-flood|09d010ae89	19	Noah	noah
timelineEvent.article|bib-prim-flood|456e688bf4	184	Noah	noah
timelineEvent.article|bib-prim-flood|456e688bf4	316	Noah	noah
timelineEvent.article|bib-prim-flood|456e688bf4	387	Peter	simon-peter
timelineEvent.article|bib-prim-flood|456e688bf4	9	Noah	noah
timelineEvent.article|bib-prim-flood|c94896d6d6	109	Noah	noah
timelineEvent.article|bib-prim-flood|c94896d6d6	19	Noah	noah
timelineEvent.article|bib-prim-flood|c94896d6d6	221	Noah	noah
timelineEvent.article|bib-prim-flood|c94896d6d6	311	Noah	noah
timelineEvent.article|bib-prim-flood|cb9aacb399	123	Noah	noah
timelineEvent.article|bib-prim-flood|cb9aacb399	189	Peter	simon-peter
timelineEvent.article|bib-prim-flood|cb9aacb399	492	Noah	noah
timelineEvent.article|bib-prim-flood|cb9aacb399	87	Jesus	jesus-of-nazareth
timelineEvent.article|bib-prim-nephilim|51d398a2f0	346	Noah	noah
timelineEvent.article|bib-prim-nephilim|51d398a2f0	85	Noah	noah
timelineEvent.article|bib-prim-nephilim|88b2278926	42	Adam	adam
timelineEvent.article|bib-prim-nephilim|88b2278926	51	Eve	eve
timelineEvent.article|bib-prim-nephilim|ded15604a3	302	Cain	cain
timelineEvent.article|bib-prim-nephilim|ded15604a3	490	Moses	moses
timelineEvent.article|bib-prim-noahic-covenant|212f1655c0	130	Noah	noah
timelineEvent.article|bib-prim-noahic-covenant|212f1655c0	186	Noah	noah
timelineEvent.article|bib-prim-noahic-covenant|212f1655c0	319	Noah	noah
timelineEvent.article|bib-prim-noahic-covenant|212f1655c0	357	Adam	adam
timelineEvent.article|bib-prim-noahic-covenant|212f1655c0	38	Noah	noah
timelineEvent.article|bib-prim-noahic-covenant|a8a3e4c30a	126	Abraham	abraham
timelineEvent.article|bib-prim-noahic-covenant|a8a3e4c30a	135	Moses	moses
timelineEvent.article|bib-prim-noahic-covenant|a8a3e4c30a	142	David	david
timelineEvent.article|bib-prim-noahic-covenant|a8a3e4c30a	19	Noah	noah
timelineEvent.article|bib-prim-table-of-nations|3715e2018b	126	Noah	noah
timelineEvent.article|bib-prim-table-of-nations|3715e2018b	447	Abraham	abraham
timelineEvent.article|bib-prim-table-of-nations|55ff8d92f0	221	Noah	noah
timelineEvent.article|bib-prim-table-of-nations|55ff8d92f0	254	Adam	adam
timelineEvent.article|bib-prim-table-of-nations|55ff8d92f0	263	Eve	eve
timelineEvent.article|bib-prim-tower-of-babel|beff0041f3	153	Abram	abraham
timelineEvent.article|bib-um-absaloms-rebellion|6e854cfa10	149	Solomon	solomon
timelineEvent.article|bib-um-absaloms-rebellion|6e854cfa10	178	David	david
timelineEvent.article|bib-um-absaloms-rebellion|7c4ce0862a	0	Nathan	nathan-the-prophet
timelineEvent.article|bib-um-absaloms-rebellion|7c4ce0862a	111	David	david
timelineEvent.article|bib-um-absaloms-rebellion|7c4ce0862a	389	David	david
timelineEvent.article|bib-um-absaloms-rebellion|7c4ce0862a	421	David	david
timelineEvent.article|bib-um-absaloms-rebellion|d844764739	223	David	david
timelineEvent.article|bib-um-absaloms-rebellion|d844764739	376	David	david
timelineEvent.article|bib-um-absaloms-rebellion|d844764739	68	David	david
timelineEvent.article|bib-um-ark-to-jerusalem|429427efc8	169	David	david
timelineEvent.article|bib-um-ark-to-jerusalem|429427efc8	197	David	david
timelineEvent.article|bib-um-ark-to-jerusalem|429427efc8	382	Saul	saul-king-of-israel
timelineEvent.article|bib-um-ark-to-jerusalem|429427efc8	419	David	david
timelineEvent.article|bib-um-ark-to-jerusalem|c056c7b316	281	David	david
timelineEvent.article|bib-um-ark-to-jerusalem|c056c7b316	33	David	david
timelineEvent.article|bib-um-ark-to-jerusalem|d056b5f775	28	David	david
timelineEvent.article|bib-um-ark-to-jerusalem|d056b5f775	507	David	david
timelineEvent.article|bib-um-david-and-goliath|4e1d2f0179	286	Saul	saul-king-of-israel
timelineEvent.article|bib-um-david-and-goliath|4e1d2f0179	400	David	david
timelineEvent.article|bib-um-david-and-goliath|53b75a40f0	110	David	david
timelineEvent.article|bib-um-david-and-goliath|53b75a40f0	139	Samuel	samuel
timelineEvent.article|bib-um-david-and-goliath|53b75a40f0	174	David	david
timelineEvent.article|bib-um-david-and-goliath|53b75a40f0	21	David	david
timelineEvent.article|bib-um-david-and-goliath|53b75a40f0	61	Saul	saul-king-of-israel
timelineEvent.article|bib-um-david-and-goliath|f0969ab0cb	0	David	david
timelineEvent.article|bib-um-david-and-goliath|f0969ab0cb	325	David	david
timelineEvent.article|bib-um-david-and-goliath|f0969ab0cb	62	Saul	saul-king-of-israel
timelineEvent.article|bib-um-david-anointed-bethlehem|482d423285	104	Saul	saul-king-of-israel
timelineEvent.article|bib-um-david-anointed-bethlehem|482d423285	140	Samuel	samuel
timelineEvent.article|bib-um-david-anointed-bethlehem|482d423285	162	Jesse	jesse
timelineEvent.article|bib-um-david-anointed-bethlehem|482d423285	458	David	david
timelineEvent.article|bib-um-david-anointed-bethlehem|93980a399c	166	David	david
timelineEvent.article|bib-um-david-anointed-bethlehem|93980a399c	264	David	david
timelineEvent.article|bib-um-david-anointed-bethlehem|93980a399c	87	Ruth	ruth
timelineEvent.article|bib-um-david-anointed-bethlehem|93980a399c	96	Boaz	boaz
timelineEvent.article|bib-um-david-anointed-bethlehem|a94528b62f	0	Samuel	samuel
timelineEvent.article|bib-um-david-anointed-bethlehem|a94528b62f	132	David	david
timelineEvent.article|bib-um-david-anointed-bethlehem|a94528b62f	16	David	david
timelineEvent.article|bib-um-david-anointed-bethlehem|a94528b62f	224	Saul	saul-king-of-israel
timelineEvent.article|bib-um-david-anointed-bethlehem|a94528b62f	57	Spirit of the LORD	holy-spirit
timelineEvent.article|bib-um-david-anointed-bethlehem|a94528b62f	88	David	david
timelineEvent.article|bib-um-david-bathsheba-uriah|419526b6c0	117	David	david
timelineEvent.article|bib-um-david-bathsheba-uriah|419526b6c0	204	David	david
timelineEvent.article|bib-um-david-bathsheba-uriah|419526b6c0	240	Bathsheba	bathsheba
timelineEvent.article|bib-um-david-bathsheba-uriah|419526b6c0	334	David	david
timelineEvent.article|bib-um-david-bathsheba-uriah|419526b6c0	431	David	david
timelineEvent.article|bib-um-david-bathsheba-uriah|438dedabe2	178	David	david
timelineEvent.article|bib-um-david-bathsheba-uriah|438dedabe2	20	David	david
timelineEvent.article|bib-um-david-bathsheba-uriah|438dedabe2	223	David	david
timelineEvent.article|bib-um-david-bathsheba-uriah|438dedabe2	58	Nathan	nathan-the-prophet
timelineEvent.article|bib-um-david-bathsheba-uriah|e45d50c7d7	178	David	david
timelineEvent.article|bib-um-david-bathsheba-uriah|e45d50c7d7	264	David	david
timelineEvent.article|bib-um-david-bathsheba-uriah|e45d50c7d7	60	Nathan	nathan-the-prophet
timelineEvent.article|bib-um-david-fugitive-years|2976e3230c	0	David	david
timelineEvent.article|bib-um-david-fugitive-years|2976e3230c	172	David	david
timelineEvent.article|bib-um-david-fugitive-years|2976e3230c	200	Saul	saul-king-of-israel
timelineEvent.article|bib-um-david-fugitive-years|2976e3230c	352	David	david
timelineEvent.article|bib-um-david-fugitive-years|2976e3230c	393	Saul	saul-king-of-israel
timelineEvent.article|bib-um-david-fugitive-years|2976e3230c	456	Saul	saul-king-of-israel
timelineEvent.article|bib-um-david-fugitive-years|2976e3230c	84	Saul	saul-king-of-israel
timelineEvent.article|bib-um-david-fugitive-years|6917330627	328	Saul	saul-king-of-israel
timelineEvent.article|bib-um-david-fugitive-years|6917330627	359	David	david
timelineEvent.article|bib-um-david-fugitive-years|6917330627	72	David	david
timelineEvent.article|bib-um-david-fugitive-years|eb020620d6	0	David	david
timelineEvent.article|bib-um-david-fugitive-years|eb020620d6	197	Saul	saul-king-of-israel
timelineEvent.article|bib-um-david-fugitive-years|eb020620d6	235	Saul	saul-king-of-israel
timelineEvent.article|bib-um-david-fugitive-years|eb020620d6	257	David	david
timelineEvent.article|bib-um-david-king-over-israel-jerusalem|119b5541ae	198	David	david
timelineEvent.article|bib-um-david-king-over-israel-jerusalem|119b5541ae	268	David	david
timelineEvent.article|bib-um-david-king-over-israel-jerusalem|119b5541ae	417	David	david
timelineEvent.article|bib-um-david-king-over-israel-jerusalem|4f9de4915a	107	David	david
timelineEvent.article|bib-um-david-king-over-israel-jerusalem|4f9de4915a	52	David	david
timelineEvent.article|bib-um-david-king-over-israel-jerusalem|5abcc612c7	224	David	david
timelineEvent.article|bib-um-david-king-over-israel-jerusalem|5abcc612c7	488	Joshua	joshua
timelineEvent.article|bib-um-david-king-over-israel-jerusalem|5abcc612c7	88	David	david
timelineEvent.article|bib-um-david-king-over-judah|24c63e3d14	134	Abraham	abraham
timelineEvent.article|bib-um-david-king-over-judah|24c63e3d14	16	David	david
timelineEvent.article|bib-um-david-king-over-judah|24c63e3d14	336	Saul	saul-king-of-israel
timelineEvent.article|bib-um-david-king-over-judah|24c63e3d14	408	Saul	saul-king-of-israel
timelineEvent.article|bib-um-david-king-over-judah|24c63e3d14	5	Saul	saul-king-of-israel
timelineEvent.article|bib-um-david-king-over-judah|27b199bb11	109	David	david
timelineEvent.article|bib-um-david-king-over-judah|27b199bb11	188	David	david
timelineEvent.article|bib-um-david-king-over-judah|27b199bb11	207	Saul	saul-king-of-israel
timelineEvent.article|bib-um-david-king-over-judah|27b199bb11	233	David	david
timelineEvent.article|bib-um-david-king-over-judah|27b199bb11	432	David	david
timelineEvent.article|bib-um-david-king-over-judah|27b199bb11	87	Saul	saul-king-of-israel
timelineEvent.article|bib-um-david-king-over-judah|c37a3d5617	126	David	david
timelineEvent.article|bib-um-davidic-covenant|1161bbfcd8	201	David	david
timelineEvent.article|bib-um-davidic-covenant|1161bbfcd8	299	David	david
timelineEvent.article|bib-um-davidic-covenant|1161bbfcd8	355	David	david
timelineEvent.article|bib-um-davidic-covenant|1161bbfcd8	480	Saul	saul-king-of-israel
timelineEvent.article|bib-um-davidic-covenant|1161bbfcd8	98	David	david
timelineEvent.article|bib-um-davidic-covenant|8851487ff3	0	David	david
timelineEvent.article|bib-um-davidic-covenant|8851487ff3	314	Jesus	jesus-of-nazareth
timelineEvent.article|bib-um-davidic-covenant|8851487ff3	384	David	david
timelineEvent.article|bib-um-davidic-covenant|9c4da830b3	212	Nathan	nathan-the-prophet
timelineEvent.article|bib-um-davidic-covenant|9c4da830b3	322	David	david
timelineEvent.article|bib-um-davidic-covenant|9c4da830b3	382	David	david
timelineEvent.article|bib-um-davidic-covenant|9c4da830b3	59	David	david
timelineEvent.article|bib-um-davidic-covenant|9c4da830b3	82	Nathan	nathan-the-prophet
timelineEvent.article|bib-um-death-of-saul-jonathan|75c4eee653	243	Saul	saul-king-of-israel
timelineEvent.article|bib-um-death-of-saul-jonathan|75c4eee653	447	Saul	saul-king-of-israel
timelineEvent.article|bib-um-death-of-saul-jonathan|75c4eee653	491	Saul	saul-king-of-israel
timelineEvent.article|bib-um-death-of-saul-jonathan|adeab1c7f8	115	David	david
timelineEvent.article|bib-um-death-of-saul-jonathan|adeab1c7f8	334	Saul	saul-king-of-israel
timelineEvent.article|bib-um-death-of-saul-jonathan|fd8bb20894	130	David	david
timelineEvent.article|bib-um-death-of-saul-jonathan|fd8bb20894	83	Saul	saul-king-of-israel
timelineEvent.article|bib-um-division-of-kingdom|0c6aa8401f	0	Solomon	solomon
timelineEvent.article|bib-um-division-of-kingdom|0c6aa8401f	274	Solomon	solomon
timelineEvent.article|bib-um-division-of-kingdom|0c6aa8401f	312	Rehoboam	rehoboam
timelineEvent.article|bib-um-division-of-kingdom|0c6aa8401f	392	Solomon	solomon
timelineEvent.article|bib-um-division-of-kingdom|0c6aa8401f	434	Rehoboam	rehoboam
timelineEvent.article|bib-um-division-of-kingdom|0c6aa8401f	58	Rehoboam	rehoboam
timelineEvent.article|bib-um-division-of-kingdom|8451a8f8a1	326	David	david
timelineEvent.article|bib-um-division-of-kingdom|8451a8f8a1	423	David	david
timelineEvent.article|bib-um-division-of-kingdom|8451a8f8a1	444	Solomon	solomon
timelineEvent.article|bib-um-division-of-kingdom|8451a8f8a1	525	David	david
timelineEvent.article|bib-um-division-of-kingdom|dcfc210c03	130	Rehoboam	rehoboam
timelineEvent.article|bib-um-division-of-kingdom|dcfc210c03	182	Rehoboam	rehoboam
timelineEvent.article|bib-um-division-of-kingdom|dcfc210c03	418	Solomon	solomon
timelineEvent.article|bib-um-israel-demands-king|aaaeb84e0d	12	Samuel	samuel
timelineEvent.article|bib-um-israel-demands-king|aaaeb84e0d	169	Samuel	samuel
timelineEvent.article|bib-um-israel-demands-king|aaaeb84e0d	336	Samuel	samuel
timelineEvent.article|bib-um-israel-demands-king|aaaeb84e0d	418	Samuel	samuel
timelineEvent.article|bib-um-israel-demands-king|bde1b0f5ec	0	Samuel	samuel
timelineEvent.article|bib-um-israel-demands-king|cb67cdd84a	70	Samuel	samuel
timelineEvent.article|bib-um-queen-of-sheba-visit|5aff359d27	330	Solomon	solomon
timelineEvent.article|bib-um-queen-of-sheba-visit|5aff359d27	8	Solomon	solomon
timelineEvent.article|bib-um-queen-of-sheba-visit|870518af9e	120	Solomon	solomon
timelineEvent.article|bib-um-queen-of-sheba-visit|870518af9e	366	Solomon	solomon
timelineEvent.article|bib-um-queen-of-sheba-visit|d7f05a3da4	261	Jesus	jesus-of-nazareth
timelineEvent.article|bib-um-queen-of-sheba-visit|d7f05a3da4	29	Solomon	solomon
timelineEvent.article|bib-um-queen-of-sheba-visit|d7f05a3da4	474	Solomon	solomon
timelineEvent.article|bib-um-queen-of-sheba-visit|d7f05a3da4	520	Solomon	solomon
timelineEvent.article|bib-um-samuel-birth-dedication|093b53a157	227	Samuel	samuel
timelineEvent.article|bib-um-samuel-birth-dedication|093b53a157	406	Samuel	samuel
timelineEvent.article|bib-um-samuel-birth-dedication|ded8e4dea1	119	Saul	saul-king-of-israel
timelineEvent.article|bib-um-samuel-birth-dedication|ded8e4dea1	28	Samuel	samuel
timelineEvent.article|bib-um-samuel-birth-dedication|ded8e4dea1	314	Samuel	samuel
timelineEvent.article|bib-um-samuel-birth-dedication|fb9131f042	355	Saul	saul-king-of-israel
timelineEvent.article|bib-um-samuel-birth-dedication|fb9131f042	364	David	david
timelineEvent.article|bib-um-saul-anointed-king|3e8d66f4ea	0	Saul	saul-king-of-israel
timelineEvent.article|bib-um-saul-anointed-king|3e8d66f4ea	242	Samuel	samuel
timelineEvent.article|bib-um-saul-anointed-king|3e8d66f4ea	337	Samuel	samuel
timelineEvent.article|bib-um-saul-anointed-king|8398a2cc8d	0	Saul	saul-king-of-israel
timelineEvent.article|bib-um-saul-anointed-king|8398a2cc8d	131	Samuel	samuel
timelineEvent.article|bib-um-saul-anointed-king|8398a2cc8d	291	Saul	saul-king-of-israel
timelineEvent.article|bib-um-saul-anointed-king|dbf3a96f3b	134	Paul	paul-of-tarsus
timelineEvent.article|bib-um-saul-anointed-king|dbf3a96f3b	332	Saul	saul-king-of-israel
timelineEvent.article|bib-um-saul-anointed-king|dbf3a96f3b	54	Saul	saul-king-of-israel
timelineEvent.article|bib-um-saul-rejected-as-king|32f69c8620	113	Samuel	samuel
timelineEvent.article|bib-um-saul-rejected-as-king|32f69c8620	204	Samuel	samuel
timelineEvent.article|bib-um-saul-rejected-as-king|32f69c8620	227	Saul	saul-king-of-israel
timelineEvent.article|bib-um-saul-rejected-as-king|32f69c8620	29	Saul	saul-king-of-israel
timelineEvent.article|bib-um-saul-rejected-as-king|32f69c8620	349	Samuel	samuel
timelineEvent.article|bib-um-saul-rejected-as-king|32f69c8620	377	Saul	saul-king-of-israel
timelineEvent.article|bib-um-saul-rejected-as-king|756941dd55	175	Saul	saul-king-of-israel
timelineEvent.article|bib-um-saul-rejected-as-king|756941dd55	374	Saul	saul-king-of-israel
timelineEvent.article|bib-um-saul-rejected-as-king|dac71bf915	131	Saul	saul-king-of-israel
timelineEvent.article|bib-um-saul-rejected-as-king|dac71bf915	210	Samuel	samuel
timelineEvent.article|bib-um-saul-rejected-as-king|dac71bf915	346	Samuel	samuel
timelineEvent.article|bib-um-saul-rejected-as-king|dac71bf915	385	Saul	saul-king-of-israel
timelineEvent.article|bib-um-saul-rejected-as-king|dac71bf915	48	Samuel	samuel
timelineEvent.article|bib-um-solomon-succession|42a94ac666	0	David	david
timelineEvent.article|bib-um-solomon-succession|42a94ac666	138	David	david
timelineEvent.article|bib-um-solomon-succession|42a94ac666	42	Solomon	solomon
timelineEvent.article|bib-um-solomon-succession|942e59bd71	0	David	david
timelineEvent.article|bib-um-solomon-succession|942e59bd71	24	Solomon	solomon
timelineEvent.article|bib-um-solomon-succession|942e59bd71	288	David	david
timelineEvent.article|bib-um-solomon-succession|9ce7dfa652	0	David	david
timelineEvent.article|bib-um-solomon-succession|9ce7dfa652	269	David	david
timelineEvent.article|bib-um-solomon-succession|9ce7dfa652	288	Nathan	nathan-the-prophet
timelineEvent.article|bib-um-solomon-succession|9ce7dfa652	311	Bathsheba	bathsheba
timelineEvent.article|bib-um-solomon-succession|9ce7dfa652	346	David	david
timelineEvent.article|bib-um-solomon-succession|9ce7dfa652	380	Bathsheba	bathsheba
timelineEvent.article|bib-um-solomon-succession|9ce7dfa652	396	Solomon	solomon
timelineEvent.article|bib-um-solomon-succession|9ce7dfa652	421	David	david
timelineEvent.article|bib-um-solomon-succession|9ce7dfa652	478	Solomon	solomon
timelineEvent.article|bib-um-solomon-succession|9ce7dfa652	543	David	david
timelineEvent.article|bib-um-solomon-succession|9ce7dfa652	74	Nathan	nathan-the-prophet
timelineEvent.article|bib-um-solomons-apostasy|1b558d46cf	131	Solomon	solomon
timelineEvent.article|bib-um-solomons-apostasy|1b558d46cf	159	David	david
timelineEvent.article|bib-um-solomons-apostasy|1b558d46cf	224	David	david
timelineEvent.article|bib-um-solomons-apostasy|1b558d46cf	347	Solomon	solomon
timelineEvent.article|bib-um-solomons-apostasy|1b558d46cf	37	Solomon	solomon
timelineEvent.article|bib-um-solomons-apostasy|7d69c78dac	128	Solomon	solomon
timelineEvent.article|bib-um-solomons-apostasy|bb6101acae	138	Solomon	solomon
timelineEvent.article|bib-um-solomons-apostasy|bb6101acae	637	David	david
timelineEvent.article|bib-um-solomons-wisdom-gibeon|2e85a98f08	20	Solomon	solomon
timelineEvent.article|bib-um-solomons-wisdom-gibeon|2e85a98f08	261	Solomon	solomon
timelineEvent.article|bib-um-solomons-wisdom-gibeon|b05fae5c77	312	Solomon	solomon
timelineEvent.article|bib-um-solomons-wisdom-gibeon|b05fae5c77	63	Solomon	solomon
timelineEvent.article|bib-um-solomons-wisdom-gibeon|fb32839725	0	Solomon	solomon
timelineEvent.article|bib-um-temple-construction-begins|8ff3756b06	127	David	david
timelineEvent.article|bib-um-temple-construction-begins|8ff3756b06	188	Solomon	solomon
timelineEvent.article|bib-um-temple-construction-begins|8ff3756b06	33	Solomon	solomon
timelineEvent.article|bib-um-temple-construction-begins|ca5e052fb6	232	Solomon	solomon
timelineEvent.article|bib-um-temple-construction-begins|ca5e052fb6	256	Solomon	solomon
timelineEvent.article|bib-um-temple-dedication|9f98e3c154	277	David	david
timelineEvent.article|bib-um-temple-dedication|b5e04960f5	159	Solomon	solomon
timelineEvent.article|bib-um-temple-dedication|b5e04960f5	38	Solomon	solomon
timelineEvent.article|bib-um-temple-dedication|f1e74104a3	0	Solomon	solomon
timelineEvent.article|billy-graham-crusades-1949-1957|3732e1041b	239	Billy Graham	billy-graham
timelineEvent.article|billy-graham-crusades-1949-1957|65edb8623f	0	Billy Graham	billy-graham
timelineEvent.article|billy-graham-crusades-1949-1957|f88e417531	371	Martin Luther King	martin-luther-king-jr
timelineEvent.article|calvin-institutes-1536|3fb263263a	0	John Calvin	john-calvin
timelineEvent.article|charlemagne-crowned-800|348fdf9600	207	Charlemagne	charlemagne
timelineEvent.article|charlemagne-crowned-800|348fdf9600	29	Charlemagne	charlemagne
timelineEvent.article|charlemagne-crowned-800|348fdf9600	67	Peter	simon-peter
timelineEvent.article|charlemagne-crowned-800|5214580d98	17	Charlemagne	charlemagne
timelineEvent.article|charlemagne-crowned-800|9034efdbe5	11	Charlemagne	charlemagne
timelineEvent.article|charlemagne-crowned-800|f7a1b3f4fe	0	Charlemagne	charlemagne
timelineEvent.article|civil-rights-movement-mlk-1963-1968|c83ea23e75	0	Martin Luther King	martin-luther-king-jr
timelineEvent.article|council-of-constantinople-381|1307420ba1	128	the Holy Spirit	holy-spirit
timelineEvent.article|council-of-constantinople-381|ea30ce680f	362	the Holy Spirit	holy-spirit
timelineEvent.article|council-of-ephesus-431|8cf59fed52	278	John	john-the-baptist
timelineEvent.article|council-of-ephesus-431|d433f9b41b	227	Mary	mary-mother-of-jesus
timelineEvent.article|council-of-ephesus-431|d433f9b41b	425	Mary	mary-mother-of-jesus
timelineEvent.article|council-of-trent-1545|54bdc31e28	5	Paul	paul-of-tarsus
timelineEvent.article|dietrich-bonhoeffer-german-church-struggle-1933-1945|8a35d96753	0	Dietrich Bonhoeffer	dietrich-bonhoeffer
timelineEvent.article|dietrich-bonhoeffer-german-church-struggle-1933-1945|b744f39f9d	260	Karl Barth	karl-barth
timelineEvent.article|dietrich-bonhoeffer-german-church-struggle-1933-1945|b744f39f9d	287	Jesus Christ	jesus-of-nazareth
timelineEvent.article|english-reformation-1534|4658d02ce2	0	Henry VIII	henry-viii
timelineEvent.article|english-reformation-1534|8f56d1ddcc	482	Thomas	thomas-apostle
timelineEvent.article|english-reformation-1534|8f56d1ddcc	505	John	john-the-baptist
timelineEvent.article|english-reformation-1534|bd5dc70d89	32	Thomas	thomas-apostle
timelineEvent.article|english-reformation-1534|bd5dc70d89	98	Thomas Cranmer	thomas-cranmer
timelineEvent.article|execution-of-jan-hus-1415|74724d8b88	0	Jan Hus	jan-hus
timelineEvent.article|execution-of-jan-hus-1415|74724d8b88	97	John Wycliffe	john-wycliffe
timelineEvent.article|execution-of-jan-hus-1415|c43370c8dc	347	Martin Luther	martin-luther
timelineEvent.article|fall-of-communism-poland-1989|12fe4bc70f	0	John	john-the-baptist
timelineEvent.article|fall-of-communism-poland-1989|12fe4bc70f	5	Paul	paul-of-tarsus
timelineEvent.article|fall-of-communism-poland-1989|2f8b7e133f	23	Pope John Paul II	pope-john-paul-ii
timelineEvent.article|fall-of-communism-poland-1989|5975c1d3b8	154	John	john-the-baptist
timelineEvent.article|fall-of-communism-poland-1989|5975c1d3b8	159	Paul	paul-of-tarsus
timelineEvent.article|fall-of-communism-poland-1989|62630873e4	521	John	john-the-baptist
timelineEvent.article|fall-of-communism-poland-1989|62630873e4	526	Paul	paul-of-tarsus
timelineEvent.article|first-crusade-1095|f46e71583a	256	Peter	simon-peter
timelineEvent.article|first-great-awakening-c1740|f14fb1e9e2	407	George Whitefield	george-whitefield
timelineEvent.article|first-great-awakening-c1740|f14fb1e9e2	65	Jonathan Edwards	jonathan-edwards
timelineEvent.article|founding-of-franciscans-1209|0e8b62d146	0	Francis of Assisi	francis-of-assisi
timelineEvent.article|great-schism-1054|1df174364a	409	Paul	paul-of-tarsus
timelineEvent.article|great-schism-1054|491d6e1567	303	the Holy Spirit	holy-spirit
timelineEvent.article|great-schism-1054|b5f40a3164	264	Michael	michael-archangel
timelineEvent.article|gregory-mission-to-england-597|09b186fca7	83	Gregory the Great	gregory-the-great
timelineEvent.article|gregory-mission-to-england-597|0ef39cfc40	162	Augustine of Hippo	augustine-of-hippo
timelineEvent.article|gutenberg-bible-1455|bfb1601058	287	Martin Luther	martin-luther
timelineEvent.article|gutenberg-bible-1455|fa9bc7a3c8	0	Johannes Gutenberg	johannes-gutenberg
timelineEvent.article|jerome-vulgate-c405|3bf771b1f3	23	Jerome	jerome
timelineEvent.article|jerome-vulgate-c405|7220c04021	273	Jerome	jerome
timelineEvent.article|jerome-vulgate-c405|e7d6359409	0	Jerome	jerome
timelineEvent.article|jerome-vulgate-c405|e7d6359409	196	Jerome	jerome
timelineEvent.article|luthers-95-theses-1517|18ad030e96	0	Martin Luther	martin-luther
timelineEvent.article|luthers-95-theses-1517|18ad030e96	208	Paul	paul-of-tarsus
timelineEvent.article|luthers-95-theses-1517|652fb51656	107	Philip	philip-the-apostle
timelineEvent.article|luthers-95-theses-1517|7890d916f3	411	Peter	simon-peter
timelineEvent.article|rel-ane-akhenaten-aten-reform|448c3aef50	306	Moses	moses
timelineEvent.article|rel-ane-akhenaten-aten-reform|448c3aef50	69	Abraham	abraham
timelineEvent.article|rel-ane-akhenaten-aten-reform|448c3aef50	78	Isaac	isaac
timelineEvent.article|rel-ane-akhenaten-aten-reform|448c3aef50	89	Jacob	jacob
timelineEvent.article|rel-ane-akhenaten-aten-reform|94e47f248e	150	Moses	moses
timelineEvent.article|rel-ane-akhenaten-aten-reform|94e47f248e	353	Moses	moses
timelineEvent.article|rel-ane-egyptian-pantheon-emerges|8556ddafbc	12	Abram	abraham
timelineEvent.article|rel-ane-elijah-mount-carmel-baal|2c81cf64f0	112	Elijah	elijah
timelineEvent.article|rel-ane-elijah-mount-carmel-baal|2c81cf64f0	189	Jezebel	jezebel
timelineEvent.article|rel-ane-elijah-mount-carmel-baal|2c81cf64f0	396	Elijah	elijah
timelineEvent.article|rel-ane-elijah-mount-carmel-baal|9ee412c6e4	251	Elijah	elijah
timelineEvent.article|rel-ane-elijah-mount-carmel-baal|9ee412c6e4	312	Elijah	elijah
timelineEvent.article|rel-ane-elijah-mount-carmel-baal|9ee412c6e4	500	Elijah	elijah
timelineEvent.article|rel-ane-elijah-mount-carmel-baal|ca7c5e7a41	379	Elijah	elijah
timelineEvent.article|rel-ane-enuma-elish-creation-myth|2dcce2b7fc	90	Daniel	daniel
timelineEvent.article|rel-ane-great-pyramids-solar-theology|3756064854	125	Abram	abraham
timelineEvent.article|rel-ane-great-pyramids-solar-theology|8721167220	369	Abraham	abraham
timelineEvent.article|rel-ane-great-pyramids-solar-theology|8721167220	487	Abram	abraham
timelineEvent.article|rel-ane-great-pyramids-solar-theology|8721167220	556	Joseph	joseph-son-of-jacob
timelineEvent.article|rel-ane-hammurabi-marduk-rise|7270e56543	185	Abram	abraham
timelineEvent.article|rel-ane-hammurabi-marduk-rise|7270e56543	29	Abram	abraham
timelineEvent.article|rel-ane-hammurabi-marduk-rise|ef226ab1e9	121	Abram	abraham
timelineEvent.article|rel-ane-hammurabi-marduk-rise|ef226ab1e9	526	Daniel	daniel
timelineEvent.article|rel-ane-nebuchadnezzar-marduk-cult|85fef379c0	295	Jeremiah	jeremiah
timelineEvent.article|rel-ane-nebuchadnezzar-marduk-cult|85fef379c0	43	Daniel	daniel
timelineEvent.article|rel-ane-nebuchadnezzar-marduk-cult|f1213e01e3	374	Daniel	daniel
timelineEvent.article|rel-ane-persian-zoroastrianism-state-religion|1da646561d	281	Daniel	daniel
timelineEvent.article|rel-ane-persian-zoroastrianism-state-religion|1da646561d	30	Esther	esther
timelineEvent.article|rel-ane-persian-zoroastrianism-state-religion|1da646561d	38	Ezra	ezra
timelineEvent.article|rel-ane-persian-zoroastrianism-state-religion|1da646561d	44	Nehemiah	nehemiah
timelineEvent.article|rel-ane-persian-zoroastrianism-state-religion|1da646561d	80	Daniel	daniel
timelineEvent.article|rel-ane-persian-zoroastrianism-state-religion|838e158252	468	Isaiah	isaiah
timelineEvent.article|rel-ane-sumerian-ziggurats|29c2908de7	637	Abram	abraham
timelineEvent.article|rel-ane-sumerian-ziggurats|39963b519b	51	Abram	abraham
timelineEvent.article|rel-east-analects-compiled|3d84aa720b	444	Jesus	jesus-of-nazareth
timelineEvent.article|rel-east-buddha-birth|09be87033c	205	Jeremiah	jeremiah
timelineEvent.article|rel-east-buddha-birth|09be87033c	215	Ezekiel	ezekiel
timelineEvent.article|rel-east-buddha-birth|09be87033c	228	Daniel	daniel
timelineEvent.article|rel-east-buddha-death|a15b126695	467	Jesus Christ	jesus-of-nazareth
timelineEvent.article|rel-east-confucius-birth|825c57bcef	560	Ezekiel	ezekiel
timelineEvent.article|rel-east-confucius-birth|825c57bcef	572	Daniel	daniel
timelineEvent.article|rel-east-first-buddhist-council|3b2f5c4549	226	Jesus	jesus-of-nazareth
timelineEvent.article|rel-east-first-buddhist-council|3b2f5c4549	614	the Holy Spirit	holy-spirit
timelineEvent.article|society-of-jesus-founded-1540|2f6304dbb2	0	Ignatius of Loyola	ignatius-of-loyola
timelineEvent.article|society-of-jesus-founded-1540|2f6304dbb2	411	Peter	simon-peter
timelineEvent.article|society-of-jesus-founded-1540|e53a6ad843	323	Paul	paul-of-tarsus
timelineEvent.article|society-of-jesus-founded-1540|e53a6ad843	395	Jesus	jesus-of-nazareth
timelineEvent.article|vatican-ii-1962|2ccc9ca657	0	Pope John XXIII	pope-john-xxiii
timelineEvent.article|vatican-ii-1962|70eaee9d98	146	Paul	paul-of-tarsus
timelineEvent.article|vatican-ii-1962|70eaee9d98	30	John	john-the-baptist
timelineEvent.article|william-carey-india-mission-1793|fd518468db	0	William Carey	william-carey
timelineEvent.article|wld-ane-ahmose-expels-hyksos|fbf6b0ccaf	104	Solomon	solomon
timelineEvent.article|wld-ane-akkadian-empire-collapse|9112cb07ec	201	Abraham	abraham
timelineEvent.article|wld-ane-amenhotep-ii|1cba684138	184	Solomon	solomon
timelineEvent.article|wld-ane-code-of-hammurabi|08b8a875a2	357	Moses	moses
timelineEvent.article|wld-ane-egyptian-middle-kingdom|5d53392494	207	Joseph	joseph-son-of-jacob
timelineEvent.article|wld-ane-egyptian-middle-kingdom|5d53392494	533	Jacob	jacob
timelineEvent.article|wld-ane-egyptian-middle-kingdom|6e4c7b21a3	68	Joseph	joseph-son-of-jacob
timelineEvent.article|wld-ane-egyptian-old-kingdom|29358b308f	345	Joseph	joseph-son-of-jacob
timelineEvent.article|wld-ane-egyptian-old-kingdom|a1d2e9aa98	104	Moses	moses
timelineEvent.article|wld-ane-egyptian-old-kingdom|a1d2e9aa98	94	Joseph	joseph-son-of-jacob
timelineEvent.article|wld-ane-great-pyramid-giza|3511f90002	286	Moses	moses
timelineEvent.article|wld-ane-great-pyramid-giza|f478de81ec	315	Abraham	abraham
timelineEvent.article|wld-ane-great-pyramid-giza|f478de81ec	395	Joseph	joseph-son-of-jacob
timelineEvent.article|wld-ane-hammurabi-babylon|e85d9ffc9e	61	Abraham	abraham
timelineEvent.article|wld-ane-hittite-egyptian-rivalry-kadesh|3d90a31a60	396	Abraham	abraham
timelineEvent.article|wld-ane-hittite-empire-collapse|7dd8b4280a	114	Joshua	joshua
timelineEvent.article|wld-ane-hittite-empire-collapse|7dd8b4280a	255	Joshua	joshua
timelineEvent.article|wld-ane-hittite-old-kingdom|c5b7c77b88	215	Abraham	abraham
timelineEvent.article|wld-ane-hittite-old-kingdom|c5b7c77b88	346	Uriah the Hittite	uriah-the-hittite
timelineEvent.article|wld-ane-hittite-old-kingdom|c5b7c77b88	398	David	david
timelineEvent.article|wld-ane-hyksos-egypt|41f0cd12a2	224	Jacob	jacob
timelineEvent.article|wld-ane-hyksos-egypt|41f0cd12a2	552	Joseph	joseph-son-of-jacob
timelineEvent.article|wld-ane-hyksos-egypt|41f0cd12a2	67	Joseph	joseph-son-of-jacob
timelineEvent.article|wld-ane-hyksos-egypt|e3e476da0e	136	Joseph	joseph-son-of-jacob
timelineEvent.article|wld-ane-ramesses-ii|71cb3cddc8	187	Moses	moses
timelineEvent.article|wld-ane-sargon-akkad|47c3df3ebe	101	Moses	moses
timelineEvent.article|wld-ane-sargon-akkad|47c3df3ebe	519	Moses	moses
timelineEvent.article|wld-ane-sargon-akkad|47c3df3ebe	705	Moses	moses
timelineEvent.article|wld-ane-sumerian-city-states|60ac8c0969	12	Abraham	abraham
timelineEvent.article|wld-ane-sumerian-city-states|ab7d0c56f9	472	Abraham	abraham
timelineEvent.article|wld-ane-third-dynasty-ur|0db7d2baec	167	Abraham	abraham
timelineEvent.article|wld-ane-third-dynasty-ur|64228f87f0	195	Abraham	abraham
timelineEvent.article|wld-ane-third-dynasty-ur|64228f87f0	444	Abraham	abraham
timelineEvent.article|wld-ane-third-dynasty-ur|64228f87f0	73	Abram	abraham
timelineEvent.article|wld-ane-third-dynasty-ur|64228f87f0	80	Sarai	sarah
timelineEvent.article|wld-ane-thutmose-iii-empire|905d6b9b62	137	Moses	moses
timelineEvent.article|wld-ane-thutmose-iii-empire|905d6b9b62	420	Moses	moses
timelineEvent.article|wld-ane-thutmose-iii-empire|b55e123d75	433	Abraham	abraham
timelineEvent.article|wld-ane-thutmose-iii-empire|fffbe9a219	53	Moses	moses
timelineEvent.article|wld-fe-confucius|e3d5cb6c0c	265	Paul	paul-of-tarsus
timelineEvent.article|wld-fe-indo-aryan-migration|13710c80dc	91	Joshua	joshua
timelineEvent.article|wld-fe-indo-aryan-migration|c8bb9dd4eb	305	Noah	noah
timelineEvent.article|wld-fe-indus-valley-flourishing|d36da02c2b	463	Abraham	abraham
timelineEvent.article|wld-fe-indus-valley-flourishing|ef1e013ca8	24	Noah	noah
timelineEvent.article|wld-fe-xia-dynasty|1d5a21872a	483	Noah	noah
timelineEvent.article|wld-pg-alexander-becomes-king|4e81f9b138	31	Daniel	daniel
timelineEvent.article|wld-pg-alexander-becomes-king|66287b4fa1	57	Philip	philip-the-apostle
timelineEvent.article|wld-pg-cyrus-decree|0ac034884e	55	Jeremiah	jeremiah
timelineEvent.article|wld-pg-cyrus-decree|68f32b5a1e	34	David	david
timelineEvent.article|wld-pg-cyrus-decree|68f32b5a1e	45	Joshua	joshua
timelineEvent.article|wld-pg-cyrus-decree|68f32b5a1e	6	Zerubbabel	zerubbabel
timelineEvent.article|wld-pg-darius-consolidation|e2c058965f	552	Zechariah	zechariah-father-of-john-baptist
timelineEvent.article|wld-pg-death-of-alexander|7996104898	0	Daniel	daniel
timelineEvent.article|wld-pg-esther-becomes-queen|207ad5920c	12	Esther	esther
timelineEvent.article|wld-pg-esther-becomes-queen|4b4824d97c	143	Esther	esther
timelineEvent.article|wld-pg-esther-becomes-queen|4b4824d97c	163	Hadassah	esther
timelineEvent.article|wld-pg-esther-becomes-queen|4b4824d97c	217	Mordecai	mordecai
timelineEvent.article|wld-pg-esther-becomes-queen|4b4824d97c	288	Esther	esther
timelineEvent.article|wld-pg-esther-saves-her-people|99189d4522	225	Mordecai	mordecai
timelineEvent.article|wld-pg-esther-saves-her-people|99189d4522	246	Esther	esther
timelineEvent.article|wld-pg-esther-saves-her-people|99189d4522	39	Mordecai	mordecai
timelineEvent.article|wld-pg-esther-saves-her-people|c0d4b65a7c	276	Mordecai	mordecai
timelineEvent.article|wld-pg-esther-saves-her-people|c0d4b65a7c	54	Esther	esther
timelineEvent.article|wld-pg-fall-of-babylon|b68be9b7e9	245	Daniel	daniel
timelineEvent.article|wld-pg-fall-of-babylon|b68be9b7e9	722	Daniel	daniel
timelineEvent.article|wld-pg-hellenistic-kingdoms|476db20a80	302	Daniel	daniel
timelineEvent.article|wld-pg-philip-of-macedon|9da038379e	335	Philip	philip-the-apostle
timelineEvent.article|wld-pg-philip-of-macedon|9da038379e	5	Philip	philip-the-apostle
timelineEvent.article|wld-pg-philip-of-macedon|cff5d4d461	184	Philip	philip-the-apostle
timelineEvent.article|wld-pg-philip-of-macedon|cff5d4d461	29	Philip	philip-the-apostle
timelineEvent.article|wld-pg-rise-of-cyrus|0dd1069ed0	177	Isaiah	isaiah
timelineEvent.article|wld-pg-rise-of-cyrus|0f8237b1c8	307	Lydia	lydia-of-thyatira
timelineEvent.article|wld-pg-siege-of-tyre|74667cafb0	33	Ezekiel	ezekiel
timelineEvent.article|wld-pg-xerxes-becomes-king|b59429c07d	427	Esther	esther
timelineEvent.article|wld-pg-xerxes-becomes-king|ffd95d37cf	281	Esther	esther
timelineEvent.article|wld-pg-xerxes-invades-greece|a7534d4da6	216	job	job
timelineEvent.article|wld-pg-xerxes-invades-greece|a7534d4da6	415	Esther	esther
timelineEvent.article|wld-rom-assassination-of-caesar|0788c31815	35	Caesar	tiberius-caesar
timelineEvent.article|wld-rom-assassination-of-caesar|976c6b9028	265	Caesar	tiberius-caesar
timelineEvent.article|wld-rom-assassination-of-caesar|976c6b9028	293	Octavian	caesar-augustus
timelineEvent.article|wld-rom-assassination-of-caesar|976c6b9028	411	Caesar	tiberius-caesar
timelineEvent.article|wld-rom-assassination-of-caesar|976c6b9028	50	Caesar	tiberius-caesar
timelineEvent.article|wld-rom-assassination-of-caesar|976c6b9028	528	Octavian	caesar-augustus
timelineEvent.article|wld-rom-assassination-of-caesar|976c6b9028	549	Augustus	caesar-augustus
timelineEvent.article|wld-rom-assassination-of-caesar|976c6b9028	64	Mark Antony	mark-antony
timelineEvent.article|wld-rom-assassination-of-caesar|976c6b9028	83	Caesar	tiberius-caesar
timelineEvent.article|wld-rom-assassination-of-caesar|ecfc8eec61	111	Caesar	tiberius-caesar
timelineEvent.article|wld-rom-augustus-becomes-emperor|5d9256d1e4	431	Jesus Christ	jesus-of-nazareth
timelineEvent.article|wld-rom-augustus-becomes-emperor|5d9256d1e4	45	Augustus	caesar-augustus
timelineEvent.article|wld-rom-augustus-becomes-emperor|8e6807a954	128	Caesar Augustus	caesar-augustus
timelineEvent.article|wld-rom-augustus-becomes-emperor|8e6807a954	16	Augustus	caesar-augustus
timelineEvent.article|wld-rom-augustus-becomes-emperor|8e6807a954	30	Luke	luke-evangelist
timelineEvent.article|wld-rom-augustus-becomes-emperor|9b3bd17343	29	Octavian	caesar-augustus
timelineEvent.article|wld-rom-augustus-becomes-emperor|9b3bd17343	393	Augustus	caesar-augustus
timelineEvent.article|wld-rom-augustus-becomes-emperor|9b3bd17343	68	Caesar	tiberius-caesar
timelineEvent.article|wld-rom-battle-of-actium|41df80a097	0	Octavian	caesar-augustus
timelineEvent.article|wld-rom-battle-of-actium|41df80a097	389	Octavian	caesar-augustus
timelineEvent.article|wld-rom-battle-of-actium|41df80a097	569	Octavian	caesar-augustus
timelineEvent.article|wld-rom-battle-of-actium|767e6ba3e7	0	Caesar	tiberius-caesar
timelineEvent.article|wld-rom-battle-of-actium|767e6ba3e7	238	Octavian	caesar-augustus
timelineEvent.article|wld-rom-battle-of-actium|767e6ba3e7	248	Caesar	tiberius-caesar
timelineEvent.article|wld-rom-battle-of-actium|767e6ba3e7	303	Mark Antony	mark-antony
timelineEvent.article|wld-rom-battle-of-actium|dfedf88609	215	Augustus	caesar-augustus
timelineEvent.article|wld-rom-battle-of-actium|dfedf88609	403	Joseph	joseph-son-of-jacob
timelineEvent.article|wld-rom-battle-of-actium|dfedf88609	414	Mary	mary-mother-of-jesus
timelineEvent.article|wld-rom-battle-of-actium|dfedf88609	56	Octavian	caesar-augustus
timelineEvent.article|wld-rom-caesar-crosses-rubicon|466cb8cab8	0	Caesar	tiberius-caesar
timelineEvent.article|wld-rom-caesar-crosses-rubicon|466cb8cab8	228	Caesar	tiberius-caesar
timelineEvent.article|wld-rom-caesar-crosses-rubicon|91f9e0a246	232	Caesar	tiberius-caesar
timelineEvent.article|wld-rom-caesar-crosses-rubicon|91f9e0a246	28	Caesar	tiberius-caesar
timelineEvent.article|wld-rom-caesar-crosses-rubicon|af32b85caf	178	Caesar	tiberius-caesar
timelineEvent.article|wld-rom-caesar-crosses-rubicon|af32b85caf	300	Caesar	tiberius-caesar
timelineEvent.article|wld-rom-caesar-crosses-rubicon|af32b85caf	32	Caesar	tiberius-caesar
timelineEvent.article|wld-rom-claudius-emperor|872298ffc1	120	Claudius	claudius-caesar
timelineEvent.article|wld-rom-claudius-emperor|872298ffc1	33	Claudius	claudius-caesar
timelineEvent.article|wld-rom-claudius-emperor|872298ffc1	388	Paul	paul-of-tarsus
timelineEvent.article|wld-rom-claudius-emperor|872298ffc1	441	Aquila	aquila
timelineEvent.article|wld-rom-claudius-emperor|872298ffc1	452	Priscilla	priscilla
timelineEvent.article|wld-rom-claudius-emperor|872298ffc1	471	Claudius	claudius-caesar
timelineEvent.article|wld-rom-claudius-emperor|872298ffc1	614	Paul	paul-of-tarsus
timelineEvent.article|wld-rom-claudius-emperor|908544d5c1	0	Claudius	claudius-caesar
timelineEvent.article|wld-rom-claudius-emperor|908544d5c1	119	Luke	luke-evangelist
timelineEvent.article|wld-rom-claudius-emperor|908544d5c1	160	Claudius	claudius-caesar
timelineEvent.article|wld-rom-claudius-emperor|908544d5c1	299	Claudius	claudius-caesar
timelineEvent.article|wld-rom-claudius-emperor|c17cf023c9	0	Claudius	claudius-caesar
timelineEvent.article|wld-rom-council-of-nicaea|35c781a1a3	313	Arius	arius
timelineEvent.article|wld-rom-council-of-nicaea|35c781a1a3	99	Jesus	jesus-of-nazareth
timelineEvent.article|wld-rom-council-of-nicaea|3614556913	232	Arius	arius
timelineEvent.article|wld-rom-destruction-of-jerusalem|9460ee2644	119	Titus	titus
timelineEvent.article|wld-rom-destruction-of-jerusalem|9460ee2644	217	Titus	titus
timelineEvent.article|wld-rom-destruction-of-jerusalem|9460ee2644	408	Titus	titus
timelineEvent.article|wld-rom-destruction-of-jerusalem|9460ee2644	502	Titus	titus
timelineEvent.article|wld-rom-destruction-of-jerusalem|f14bb2aa3f	107	Titus	titus
timelineEvent.article|wld-rom-destruction-of-jerusalem|fb6546ea63	142	Jesus	jesus-of-nazareth
timelineEvent.article|wld-rom-fall-of-masada|26551b930d	73	Herod the Great	herod-the-great
timelineEvent.article|wld-rom-founding-of-republic|08aaebf928	424	Caesar	tiberius-caesar
timelineEvent.article|wld-rom-founding-of-republic|193cd610aa	209	Caesar	tiberius-caesar
timelineEvent.article|wld-rom-founding-of-rome|d6ff70a032	389	Jesus Christ	jesus-of-nazareth
timelineEvent.article|wld-rom-great-fire-nero-persecution|1c3e7feae7	302	Peter	simon-peter
timelineEvent.article|wld-rom-great-fire-nero-persecution|1c3e7feae7	312	Paul	paul-of-tarsus
timelineEvent.article|wld-rom-great-fire-nero-persecution|1c3e7feae7	399	Jesus	jesus-of-nazareth
timelineEvent.article|wld-rom-great-fire-nero-persecution|500e322c29	108	Nero	nero-caesar
timelineEvent.article|wld-rom-great-fire-nero-persecution|500e322c29	422	Nero	nero-caesar
timelineEvent.article|wld-rom-great-fire-nero-persecution|733675d553	164	Nero	nero-caesar
timelineEvent.article|wld-rom-great-fire-nero-persecution|733675d553	308	Nero	nero-caesar
timelineEvent.article|wld-rom-jewish-revolt-begins|29dc74ec94	262	Titus	titus
timelineEvent.article|wld-rom-jewish-revolt-begins|694ddf4d53	37	Jesus	jesus-of-nazareth
timelineEvent.article|wld-rom-martyrdom-peter-paul|5cedd8c5dd	21	Paul	paul-of-tarsus
timelineEvent.article|wld-rom-martyrdom-peter-paul|5cedd8c5dd	426	Peter	simon-peter
timelineEvent.article|wld-rom-martyrdom-peter-paul|5cedd8c5dd	706	Jesus	jesus-of-nazareth
timelineEvent.article|wld-rom-martyrdom-peter-paul|5cedd8c5dd	737	Peter	simon-peter
timelineEvent.article|wld-rom-martyrdom-peter-paul|5cedd8c5dd	787	Peter	simon-peter
timelineEvent.article|wld-rom-martyrdom-peter-paul|5cedd8c5dd	910	John	john-the-baptist
timelineEvent.article|wld-rom-martyrdom-peter-paul|7a4e920582	395	Nero	nero-caesar
timelineEvent.article|wld-rom-martyrdom-peter-paul|7a4e920582	78	Peter	simon-peter
timelineEvent.article|wld-rom-martyrdom-peter-paul|fbb29b981b	101	Paul	paul-of-tarsus
timelineEvent.article|wld-rom-martyrdom-peter-paul|fbb29b981b	319	Peter	simon-peter
timelineEvent.article|wld-rom-martyrdom-peter-paul|fbb29b981b	329	Paul	paul-of-tarsus
timelineEvent.article|wld-rom-martyrdom-peter-paul|fbb29b981b	627	Nero	nero-caesar
timelineEvent.article|wld-rom-martyrdom-peter-paul|fbb29b981b	92	Peter	simon-peter
timelineEvent.article|wld-rom-nero-emperor|14b2fcc133	0	Nero	nero-caesar
timelineEvent.article|wld-rom-nero-emperor|14b2fcc133	158	Peter	simon-peter
timelineEvent.article|wld-rom-nero-emperor|14b2fcc133	168	Paul	paul-of-tarsus
timelineEvent.article|wld-rom-nero-emperor|14b2fcc133	315	Nero	nero-caesar
timelineEvent.article|wld-rom-nero-emperor|14b2fcc133	404	Augustus	caesar-augustus
timelineEvent.article|wld-rom-nero-emperor|471425fa38	0	Nero	nero-caesar
timelineEvent.article|wld-rom-nero-emperor|4e06f76be6	27	Nero	nero-caesar
timelineEvent.article|wld-rom-pompey-conquers-jerusalem|9e71e8f663	451	Caesar Augustus	caesar-augustus
timelineEvent.article|wld-rom-pompey-conquers-jerusalem|9e71e8f663	606	Pontius Pilate	pontius-pilate
timelineEvent.article|wld-rom-punic-wars|b5ece06a2b	243	Jesus	jesus-of-nazareth
timelineEvent.article|wld-rom-tiberius-emperor|44852e6a34	0	Tiberius	tiberius-caesar
timelineEvent.article|wld-rom-tiberius-emperor|44852e6a34	10	Augustus	caesar-augustus
timelineEvent.article|wld-rom-tiberius-emperor|49e78d24f6	0	Tiberius	tiberius-caesar
timelineEvent.article|wld-rom-tiberius-emperor|49e78d24f6	83	Jesus	jesus-of-nazareth
timelineEvent.article|wld-rom-tiberius-emperor|49e78d24f6	95	John the Baptist	john-the-baptist
timelineEvent.article|wld-rom-tiberius-emperor|b5ca78bd58	162	Tiberius Caesar	tiberius-caesar
timelineEvent.article|wld-rom-tiberius-emperor|b5ca78bd58	205	John	john-the-baptist
timelineEvent.article|wld-rom-tiberius-emperor|b5ca78bd58	28	Luke	luke-evangelist
timelineEvent.article|wld-rom-tiberius-emperor|b5ca78bd58	300	Jesus	jesus-of-nazareth
timelineEvent.article|wld-rom-tiberius-emperor|b5ca78bd58	409	Pontius Pilate	pontius-pilate
timelineEvent.article|wld-rom-tiberius-emperor|b5ca78bd58	449	Jesus	jesus-of-nazareth
timelineEvent.article|wld-rom-tiberius-emperor|b5ca78bd58	487	Caesar	tiberius-caesar
timelineEvent.article|wld-rom-tiberius-emperor|b5ca78bd58	568	Tiberius	tiberius-caesar
timelineEvent.article|wld-rom-tiberius-emperor|b5ca78bd58	6	Tiberius	tiberius-caesar
timelineEvent.article|world-council-of-churches-1948|1d0f3630be	350	Jesus Christ	jesus-of-nazareth
timelineEvent.article|wycliffe-english-bible-c1382|09e6cdd97c	0	John Wycliffe	john-wycliffe
timelineEvent.article|wycliffe-english-bible-c1382|4576820e76	75	John	john-the-baptist
timelineEvent.article|wycliffe-english-bible-c1382|89bb187964	447	Jan Hus	jan-hus
timelineEvent.article|wycliffe-english-bible-c1382|89bb187964	530	Martin Luther	martin-luther
timelineEvent.article|zurich-reformation-1523|dbea2945e2	0	Huldrych Zwingli	huldrych-zwingli
timelineEvent.datingNotes|benedict-rule-c529|c138fa9d08	30	Gregory the Great	gregory-the-great
timelineEvent.datingNotes|bib-ac-antioch-church-founded|1c19c491f6	231	Barnabas	barnabas
timelineEvent.datingNotes|bib-ac-antioch-church-founded|1c19c491f6	267	Saul	paul-of-tarsus
timelineEvent.datingNotes|bib-ac-antioch-church-founded|1c19c491f6	81	Stephen	stephen-the-martyr
timelineEvent.datingNotes|bib-ac-domitian-persecution|5ad0825c27	183	John	john-the-baptist
timelineEvent.datingNotes|bib-ac-gallio-inscription|d8d3750878	109	Paul	paul-of-tarsus
timelineEvent.datingNotes|bib-ac-gallio-inscription|d8d3750878	4	Gallio	gallio
timelineEvent.datingNotes|bib-ac-jerusalem-council|febba500ee	60	Paul	paul-of-tarsus
timelineEvent.datingNotes|bib-ac-john-exile-revelation|e5159fee2a	71	John	john-the-baptist
timelineEvent.datingNotes|bib-ac-nero-fire-persecution|f93db7d539	100	Paul	paul-of-tarsus
timelineEvent.datingNotes|bib-ac-nero-fire-persecution|f93db7d539	111	Peter	simon-peter
timelineEvent.datingNotes|bib-ac-nero-fire-persecution|f93db7d539	13	Nero	nero-caesar
timelineEvent.datingNotes|bib-ac-paul-caesarea-imprisonment|ccb5aa09a5	256	Paul	paul-of-tarsus
timelineEvent.datingNotes|bib-ac-paul-caesarea-imprisonment|ccb5aa09a5	81	Porcius Festus	porcius-festus
timelineEvent.datingNotes|bib-ac-paul-conversion|5b3b38f3b3	67	Paul	paul-of-tarsus
timelineEvent.datingNotes|bib-ac-paul-first-roman-imprisonment|120698f703	34	Paul	paul-of-tarsus
timelineEvent.datingNotes|bib-ac-paul-martyrdom|eb781000c6	186	Nero	nero-caesar
timelineEvent.datingNotes|bib-ac-paul-martyrdom|eb781000c6	70	Paul	paul-of-tarsus
timelineEvent.datingNotes|bib-ac-paul-ministry|e05b01ccd4	344	Paul	paul-of-tarsus
timelineEvent.datingNotes|bib-ac-paul-ministry|e05b01ccd4	530	Gallio	gallio
timelineEvent.datingNotes|bib-ac-paul-ministry|e05b01ccd4	593	Paul	paul-of-tarsus
timelineEvent.datingNotes|bib-ac-paul-ministry|e05b01ccd4	705	Paul	paul-of-tarsus
timelineEvent.datingNotes|bib-ac-paul-ministry|e05b01ccd4	934	Porcius Festus	porcius-festus
timelineEvent.datingNotes|bib-ac-pentecost|b7557edb8d	183	Pilate	pontius-pilate
timelineEvent.datingNotes|bib-ac-pentecost|b7557edb8d	399	Jesus	jesus-of-nazareth
timelineEvent.datingNotes|bib-ac-peter-martyrdom|9470de3d5d	103	Peter	simon-peter
timelineEvent.datingNotes|bib-ac-peter-martyrdom|9470de3d5d	8	Paul	paul-of-tarsus
timelineEvent.datingNotes|bib-ac-stephen-martyrdom|2bc27e5dc1	0	Stephen	stephen-the-martyr
timelineEvent.datingNotes|bib-ac-stephen-martyrdom|2bc27e5dc1	259	Paul	paul-of-tarsus
timelineEvent.datingNotes|bib-ac-stephen-martyrdom|2bc27e5dc1	78	Paul	paul-of-tarsus
timelineEvent.datingNotes|bib-cj-benjamite-war|aac438ac49	266	Joshua	joshua
timelineEvent.datingNotes|bib-cj-benjamite-war|aac438ac49	79	Joshua	joshua
timelineEvent.datingNotes|bib-cj-death-of-joshua|5ca69c79ae	18	Joshua	joshua
timelineEvent.datingNotes|bib-cj-death-of-joshua|5ca69c79ae	241	Joshua	joshua
timelineEvent.datingNotes|bib-cj-deborah-barak-sisera|acee3c850f	178	Deborah	deborah
timelineEvent.datingNotes|bib-cj-deborah-barak-sisera|acee3c850f	581	Joshua	joshua
timelineEvent.datingNotes|bib-cj-jephthah|1314d477b1	871	Samson	samson
timelineEvent.datingNotes|bib-cj-jephthah|1314d477b1	882	Samuel	samuel
timelineEvent.datingNotes|bib-cj-othniel|59bb4a4f53	275	Saul	saul-king-of-israel
timelineEvent.datingNotes|bib-cj-ruth|7529544ff8	167	Ruth	ruth
timelineEvent.datingNotes|bib-cj-ruth|7529544ff8	175	Obed	obed
timelineEvent.datingNotes|bib-cj-ruth|7529544ff8	183	Jesse	jesse
timelineEvent.datingNotes|bib-cj-ruth|7529544ff8	192	David	david
timelineEvent.datingNotes|bib-cj-ruth|7529544ff8	279	Ruth	ruth
timelineEvent.datingNotes|bib-cj-shechem-covenant-renewal|7e7b401797	94	Joshua	joshua
timelineEvent.datingNotes|bib-cj-southern-campaign|a4feba2f83	358	Joshua	joshua
timelineEvent.datingNotes|bib-dki-ahab-jezebel-baal|57a3a3148a	90	Jezebel	jezebel
timelineEvent.datingNotes|bib-dki-elijah-ascension|d48714bbc9	183	Joram	joram-king-of-judah
timelineEvent.datingNotes|bib-dki-elijah-ascension|d48714bbc9	225	Elisha	elisha
timelineEvent.datingNotes|bib-dki-elijah-ascension|d48714bbc9	375	Elijah	elijah
timelineEvent.datingNotes|bib-dki-elijah-ascension|d48714bbc9	394	Jehoram	joram-king-of-judah
timelineEvent.datingNotes|bib-dki-elijah-ascension|d48714bbc9	472	Jehoram	joram-king-of-judah
timelineEvent.datingNotes|bib-dki-elisha-ministry-miracles|7e7b038a31	0	Elisha	elisha
timelineEvent.datingNotes|bib-dki-elisha-ministry-miracles|7e7b038a31	173	Elisha	elisha
timelineEvent.datingNotes|bib-dki-elisha-ministry-miracles|7e7b038a31	262	Joram	joram-king-of-judah
timelineEvent.datingNotes|bib-dki-elisha-ministry-miracles|7e7b038a31	40	Elijah	elijah
timelineEvent.datingNotes|bib-dki-jonah-nineveh|0520ecdc4c	708	Jesus	jesus-of-nazareth
timelineEvent.datingNotes|bib-dkj-ahaz-immanuel|001293fc69	0	Ahaz	ahaz
timelineEvent.datingNotes|bib-dkj-hezekiah-reforms|a6c77f52ca	0	Hezekiah	hezekiah
timelineEvent.datingNotes|bib-dkj-hezekiah-reforms|a6c77f52ca	232	Hezekiah	hezekiah
timelineEvent.datingNotes|bib-dkj-hezekiah-reforms|a6c77f52ca	425	Ahaz	ahaz
timelineEvent.datingNotes|bib-dkj-isaiah-suffering-servant|7306ebae53	108	Isaiah	isaiah
timelineEvent.datingNotes|bib-dkj-isaiah-suffering-servant|7306ebae53	240	Isaiah	isaiah
timelineEvent.datingNotes|bib-dkj-isaiah-suffering-servant|7306ebae53	50	Isaiah	isaiah
timelineEvent.datingNotes|bib-dkj-jehoshaphat-reign|3845ab9eb2	13	Jehoshaphat	jehoshaphat
timelineEvent.datingNotes|bib-dkj-jehoshaphat-reign|3845ab9eb2	42	Asa	asa
timelineEvent.datingNotes|bib-dkj-josiah-law-reforms|d1d4a7ec6d	46	Josiah	josiah
timelineEvent.datingNotes|bib-dkj-manasseh-apostasy|937f771fbf	13	Manasseh	manasseh-king-of-judah
timelineEvent.datingNotes|bib-dkj-manasseh-apostasy|937f771fbf	39	Hezekiah	hezekiah
timelineEvent.datingNotes|bib-dkj-micah-ministry|cca7a1172b	318	Hezekiah	hezekiah
timelineEvent.datingNotes|bib-dkj-micah-ministry|cca7a1172b	36	Jotham	jotham-king-of-judah
timelineEvent.datingNotes|bib-dkj-micah-ministry|cca7a1172b	44	Ahaz	ahaz
timelineEvent.datingNotes|bib-dkj-micah-ministry|cca7a1172b	54	Hezekiah	hezekiah
timelineEvent.datingNotes|bib-dkj-micah-ministry|cca7a1172b	72	Jotham	jotham-king-of-judah
timelineEvent.datingNotes|bib-dkj-nahum-nineveh|b27ea75445	375	Josiah	josiah
timelineEvent.datingNotes|bib-dkj-obadiah-edom|61cd4f70a3	101	Jacob	jacob
timelineEvent.datingNotes|bib-dkj-obadiah-edom|61cd4f70a3	309	Jehoram	joram-king-of-judah
timelineEvent.datingNotes|bib-dkj-rehoboam-shishak|f3c8ad8239	189	Rehoboam	rehoboam
timelineEvent.datingNotes|bib-dkj-uzziah-reign|d80b3e2563	28	Uzziah	uzziah
timelineEvent.datingNotes|bib-er-daniel-lions-den|fd69350f79	208	Daniel	daniel
timelineEvent.datingNotes|bib-er-ezekiel-exiled-and-ministry|90e3cb6cb6	137	Ezekiel	ezekiel
timelineEvent.datingNotes|bib-er-ezekiel-exiled-and-ministry|90e3cb6cb6	212	Jehoiachin	jeconiah
timelineEvent.datingNotes|bib-er-ezekiel-exiled-and-ministry|90e3cb6cb6	544	Ezekiel	ezekiel
timelineEvent.datingNotes|bib-er-ezras-return|bd0244cadb	120	Nehemiah	nehemiah
timelineEvent.datingNotes|bib-er-ezras-return|bd0244cadb	35	Ezra	ezra
timelineEvent.datingNotes|bib-er-ezras-return|bd0244cadb	98	Ezra	ezra
timelineEvent.datingNotes|bib-er-malachis-ministry|8b15ad4960	127	Nehemiah	nehemiah
timelineEvent.datingNotes|bib-er-malachis-ministry|8b15ad4960	257	Nehemiah	nehemiah
timelineEvent.datingNotes|bib-er-nehemiahs-wall|d60407b623	0	Nehemiah	nehemiah
timelineEvent.datingNotes|bib-er-nehemiahs-wall|d60407b623	301	Nehemiah	nehemiah
timelineEvent.datingNotes|bib-exo-birth-of-moses|5e9ebba1fa	251	Moses	moses
timelineEvent.datingNotes|bib-exo-birth-of-moses|5e9ebba1fa	76	Moses	moses
timelineEvent.datingNotes|bib-exo-burning-bush|38b673fac5	240	Moses	moses
timelineEvent.datingNotes|bib-exo-death-of-aaron|ae6565a28f	135	Aaron	aaron
timelineEvent.datingNotes|bib-exo-death-of-aaron|ae6565a28f	20	Aaron	aaron
timelineEvent.datingNotes|bib-exo-death-of-moses|88df8e8dc2	0	Moses	moses
timelineEvent.datingNotes|bib-exo-death-of-moses|88df8e8dc2	286	Moses	moses
timelineEvent.datingNotes|bib-exo-flight-to-midian|e05f5a18a4	17	Moses	moses
timelineEvent.datingNotes|bib-exo-flight-to-midian|e05f5a18a4	299	Moses	moses
timelineEvent.datingNotes|bib-exo-golden-calf|be9215e96e	40	Moses	moses
timelineEvent.datingNotes|bib-exo-the-exodus|c297c145f1	190	Solomon	solomon
timelineEvent.datingNotes|bib-it-antiochus-defiles-temple|a9523deff8	622	Daniel	daniel
timelineEvent.datingNotes|bib-it-antiochus-defiles-temple|a9523deff8	743	Daniel	daniel
timelineEvent.datingNotes|bib-it-antiochus-defiles-temple|a9523deff8	934	Daniel	daniel
timelineEvent.datingNotes|bib-it-hasmonean-dynasty-begins|d40fe1b52b	142	Simon	simon-peter
timelineEvent.datingNotes|bib-it-john-hyrcanus-reign|e4d0b0dc4c	0	John	john-the-baptist
timelineEvent.datingNotes|bib-it-jonathan-maccabeus-high-priest|388f783f7b	242	Simon	simon-peter
timelineEvent.datingNotes|bib-it-judas-maccabeus-campaigns|fc644d0e8f	39	Judas	judas-iscariot
timelineEvent.datingNotes|bib-loc-baptism-of-jesus|e90e367c35	68	John	john-the-baptist
timelineEvent.datingNotes|bib-loc-birth-of-jesus|589d0053ff	131	magi	magi
timelineEvent.datingNotes|bib-loc-birth-of-jesus|589d0053ff	235	Andrew	andrew-apostle
timelineEvent.datingNotes|bib-loc-birth-of-jesus|589d0053ff	37	Herod the Great	herod-the-great
timelineEvent.datingNotes|bib-loc-calling-first-disciples|1ebbef77e9	21	Andrew	andrew-apostle
timelineEvent.datingNotes|bib-loc-calling-first-disciples|1ebbef77e9	29	Peter	simon-peter
timelineEvent.datingNotes|bib-loc-calling-first-disciples|1ebbef77e9	36	Philip	philip-the-apostle
timelineEvent.datingNotes|bib-loc-calling-first-disciples|1ebbef77e9	44	Nathanael	bartholomew-nathanael
timelineEvent.datingNotes|bib-loc-calling-first-disciples|1ebbef77e9	74	Jesus	jesus-of-nazareth
timelineEvent.datingNotes|bib-loc-crucifixion|60996e2b17	290	Jesus	jesus-of-nazareth
timelineEvent.datingNotes|bib-loc-crucifixion|60996e2b17	316	John	john-the-baptist
timelineEvent.datingNotes|bib-loc-crucifixion|60996e2b17	861	John the Baptist	john-the-baptist
timelineEvent.datingNotes|bib-loc-crucifixion|60996e2b17	892	Tiberius	tiberius-caesar
timelineEvent.datingNotes|bib-loc-crucifixion|60996e2b17	980	Tiberius	tiberius-caesar
timelineEvent.datingNotes|bib-loc-jesus-in-temple-age-twelve|fb7d228090	3	Jesus	jesus-of-nazareth
timelineEvent.datingNotes|bib-loc-john-baptist-ministry-begins|af328a0c6d	105	Augustus	caesar-augustus
timelineEvent.datingNotes|bib-loc-john-baptist-ministry-begins|af328a0c6d	256	Augustus	caesar-augustus
timelineEvent.datingNotes|bib-loc-john-baptist-ministry-begins|af328a0c6d	47	Tiberius	tiberius-caesar
timelineEvent.datingNotes|bib-loc-john-baptist-ministry-begins|af328a0c6d	78	Tiberius	tiberius-caesar
timelineEvent.datingNotes|bib-loc-last-supper|e041612e93	142	John	john-the-baptist
timelineEvent.datingNotes|bib-loc-last-supper|e041612e93	171	Jesus	jesus-of-nazareth
timelineEvent.datingNotes|bib-loc-magi-flight-to-egypt|dc1cae5aa4	149	magi	magi
timelineEvent.datingNotes|bib-loc-magi-flight-to-egypt|dc1cae5aa4	176	Jesus	jesus-of-nazareth
timelineEvent.datingNotes|bib-loc-public-ministry|4f2e08a094	406	John	john-the-baptist
timelineEvent.datingNotes|bib-loc-raising-of-lazarus|980e7dc06d	10	John	john-the-baptist
timelineEvent.datingNotes|bib-loc-raising-of-lazarus|980e7dc06d	115	Jesus	jesus-of-nazareth
timelineEvent.datingNotes|bib-loc-return-nazareth-childhood|eba50049e3	66	Jesus	jesus-of-nazareth
timelineEvent.datingNotes|bib-loc-sermon-on-the-mount|ea27023e37	249	Jesus	jesus-of-nazareth
timelineEvent.datingNotes|bib-loc-sermon-on-the-mount|ea27023e37	64	Luke	luke-evangelist
timelineEvent.datingNotes|bib-loc-temple-cleansing-early|c73879e936	161	John	john-the-baptist
timelineEvent.datingNotes|bib-loc-temple-cleansing-early|c73879e936	194	Jesus	jesus-of-nazareth
timelineEvent.datingNotes|bib-loc-temple-cleansing-early|c73879e936	88	Mark	john-mark
timelineEvent.datingNotes|bib-loc-temple-cleansing-early|c73879e936	98	Luke	luke-evangelist
timelineEvent.datingNotes|bib-pat-abrahamic-covenant|6e1b6a4783	39	Hagar	hagar
timelineEvent.datingNotes|bib-pat-abrahamic-covenant|6e1b6a4783	58	Abram	abraham
timelineEvent.datingNotes|bib-pat-abrahamic-covenant|6e1b6a4783	71	Abram	abraham
timelineEvent.datingNotes|bib-pat-abram-rescues-lot|da25047802	70	Abram	abraham
timelineEvent.datingNotes|bib-pat-binding-isaac|633f21ccdc	0	Isaac	isaac
timelineEvent.datingNotes|bib-pat-binding-isaac|633f21ccdc	115	Sarah	sarah
timelineEvent.datingNotes|bib-pat-binding-isaac|633f21ccdc	150	Isaac	isaac
timelineEvent.datingNotes|bib-pat-birth-isaac|88764f246d	0	Abraham	abraham
timelineEvent.datingNotes|bib-pat-birth-isaac|88764f246d	145	Isaac	isaac
timelineEvent.datingNotes|bib-pat-birth-isaac|88764f246d	19	Isaac	isaac
timelineEvent.datingNotes|bib-pat-birth-jacob-esau|abf3a74b0d	0	Isaac	isaac
timelineEvent.datingNotes|bib-pat-call-of-abram|263b8812cb	20	Abram	abraham
timelineEvent.datingNotes|bib-pat-call-of-abram|263b8812cb	390	Paul	paul-of-tarsus
timelineEvent.datingNotes|bib-pat-covenant-circumcision|10779b245e	0	Abraham	abraham
timelineEvent.datingNotes|bib-pat-covenant-circumcision|10779b245e	126	Isaac	isaac
timelineEvent.datingNotes|bib-pat-death-abraham|4deb91a835	9	Abraham	abraham
timelineEvent.datingNotes|bib-pat-death-jacob|7f7b595138	9	Jacob	jacob
timelineEvent.datingNotes|bib-pat-death-joseph|dcc80cf832	9	Joseph	joseph-son-of-jacob
timelineEvent.datingNotes|bib-pat-death-sarah|a46ce049fc	120	Abraham	abraham
timelineEvent.datingNotes|bib-pat-death-sarah|a46ce049fc	16	Sarah	sarah
timelineEvent.datingNotes|bib-pat-esau-birthright|a533ef478b	107	Jacob	jacob
timelineEvent.datingNotes|bib-pat-hagar-ishmael|90c6e1b3c8	0	Abram	abraham
timelineEvent.datingNotes|bib-pat-hagar-ishmael|90c6e1b3c8	107	Abram	abraham
timelineEvent.datingNotes|bib-pat-hagar-ishmael|90c6e1b3c8	88	Hagar	hagar
timelineEvent.datingNotes|bib-pat-isaac-rebekah|6ef2b6e132	0	Isaac	isaac
timelineEvent.datingNotes|bib-pat-isaac-rebekah|6ef2b6e132	29	Rebekah	rebekah
timelineEvent.datingNotes|bib-pat-jacob-family-goshen|23c535db03	0	Jacob	jacob
timelineEvent.datingNotes|bib-pat-jacob-flees-bethel|82193aacd0	0	Jacob	jacob
timelineEvent.datingNotes|bib-pat-jacob-flees-bethel|82193aacd0	218	Joseph	joseph-son-of-jacob
timelineEvent.datingNotes|bib-pat-jacob-marriages-sons|3086b9037e	116	Joseph	joseph-son-of-jacob
timelineEvent.datingNotes|bib-pat-jacob-marriages-sons|3086b9037e	14	Jacob	jacob
timelineEvent.datingNotes|bib-pat-jacob-peniel-esau|dac92c1109	21	Jacob	jacob
timelineEvent.datingNotes|bib-pat-joseph-reveals-brothers|494eb051cd	108	Joseph	joseph-son-of-jacob
timelineEvent.datingNotes|bib-pat-joseph-rises-power|8decc01f7b	0	Joseph	joseph-son-of-jacob
timelineEvent.datingNotes|bib-pat-joseph-slavery-prison|f555c6f2f5	0	Joseph	joseph-son-of-jacob
timelineEvent.datingNotes|bib-pat-sodom-gomorrah|6be6489af6	100	Isaac	isaac
timelineEvent.datingNotes|bib-pat-sodom-gomorrah|6be6489af6	48	Sarah	sarah
timelineEvent.datingNotes|bib-prim-cain-abel|ae14d2d942	204	Abel	abel
timelineEvent.datingNotes|bib-prim-cain-abel|ae14d2d942	343	Adam	adam
timelineEvent.datingNotes|bib-prim-creation|223ef20806	36	James	james-son-of-zebedee
timelineEvent.datingNotes|bib-prim-curse-of-ham|c7074b0710	55	Noah	noah
timelineEvent.datingNotes|bib-prim-enoch|2d85fef242	112	Enoch	enoch
timelineEvent.datingNotes|bib-prim-fall|91c12d97d0	87	Adam	adam
timelineEvent.datingNotes|bib-prim-fall|91c12d97d0	96	Eve	eve
timelineEvent.datingNotes|bib-prim-flood|9035c69902	99	Noah	noah
timelineEvent.datingNotes|bib-prim-nephilim|ebe13be173	859	Cain	cain
timelineEvent.datingNotes|bib-prim-noahic-covenant|03da9c7532	107	Noah	noah
timelineEvent.datingNotes|bib-prim-tower-of-babel|57e382ae1c	264	Abraham	abraham
timelineEvent.datingNotes|bib-um-absaloms-rebellion|736ba1f7a2	134	David	david
timelineEvent.datingNotes|bib-um-absaloms-rebellion|736ba1f7a2	15	David	david
timelineEvent.datingNotes|bib-um-david-king-over-israel-jerusalem|98cec63010	136	David	david
timelineEvent.datingNotes|bib-um-david-king-over-israel-jerusalem|98cec63010	297	David	david
timelineEvent.datingNotes|bib-um-david-king-over-israel-jerusalem|98cec63010	348	Samuel	samuel
timelineEvent.datingNotes|bib-um-david-king-over-israel-jerusalem|98cec63010	79	David	david
timelineEvent.datingNotes|bib-um-david-king-over-judah|55e505800f	20	Saul	saul-king-of-israel
timelineEvent.datingNotes|bib-um-david-king-over-judah|55e505800f	210	David	david
timelineEvent.datingNotes|bib-um-death-of-saul-jonathan|66770536e9	23	David	david
timelineEvent.datingNotes|bib-um-death-of-saul-jonathan|66770536e9	89	Solomon	solomon
timelineEvent.datingNotes|bib-um-division-of-kingdom|393220000b	142	Solomon	solomon
timelineEvent.datingNotes|bib-um-samuel-birth-dedication|1839306e5f	91	Samuel	samuel
timelineEvent.datingNotes|bib-um-saul-anointed-king|7e51df592d	256	Saul	saul-king-of-israel
timelineEvent.datingNotes|bib-um-saul-rejected-as-king|426b17ee21	117	Samuel	samuel
timelineEvent.datingNotes|bib-um-saul-rejected-as-king|426b17ee21	139	David	david
timelineEvent.datingNotes|bib-um-saul-rejected-as-king|426b17ee21	30	Saul	saul-king-of-israel
timelineEvent.datingNotes|bib-um-saul-rejected-as-king|426b17ee21	327	Saul	saul-king-of-israel
timelineEvent.datingNotes|bib-um-solomon-succession|54d119b999	21	Solomon	solomon
timelineEvent.datingNotes|bib-um-solomon-succession|54d119b999	286	Solomon	solomon
timelineEvent.datingNotes|bib-um-solomon-succession|54d119b999	394	Solomon	solomon
timelineEvent.datingNotes|bib-um-solomon-succession|54d119b999	446	David	david
timelineEvent.datingNotes|bib-um-solomon-succession|54d119b999	493	David	david
timelineEvent.datingNotes|bib-um-temple-construction-begins|e70c6afa02	124	Solomon	solomon
timelineEvent.datingNotes|bib-um-temple-construction-begins|e70c6afa02	486	Solomon	solomon
timelineEvent.datingNotes|bib-um-temple-dedication|18e5bbeffa	48	Solomon	solomon
timelineEvent.datingNotes|jerome-vulgate-c405|ed3aa42937	0	Jerome	jerome
timelineEvent.datingNotes|luthers-95-theses-1517|918b9dba3a	128	Philip	philip-the-apostle
timelineEvent.datingNotes|rel-ane-akhenaten-aten-reform|09f994c5fc	502	Moses	moses
timelineEvent.datingNotes|rel-ane-hammurabi-marduk-rise|7d065a9edf	281	Moses	moses
timelineEvent.datingNotes|rel-ane-sumerian-ziggurats|fe431e3721	204	Abram	abraham
timelineEvent.datingNotes|rel-ane-zoroaster-disputed-dates|c62aaff4ef	437	Lydia	lydia-of-thyatira
timelineEvent.datingNotes|rel-ane-zoroaster-disputed-dates|c62aaff4ef	732	Mary	mary-mother-of-jesus
timelineEvent.datingNotes|wld-ane-egyptian-middle-kingdom|3d43d5fed3	227	Joseph	joseph-son-of-jacob
timelineEvent.datingNotes|wld-ane-hyksos-egypt|610d9d2038	141	Jacob	jacob
timelineEvent.datingNotes|wld-ane-thutmose-iii-empire|04f4f2f174	246	Moses	moses
timelineEvent.datingNotes|wld-pg-cyrus-decree|6281773678	0	Ezra	ezra
timelineEvent.datingNotes|wld-pg-rise-of-cyrus|f2fcf34120	188	Lydia	lydia-of-thyatira
timelineEvent.datingNotes|wld-rom-bar-kokhba-revolt|31bc819606	106	Simon	simon-peter
timelineEvent.datingNotes|wld-rom-claudius-emperor|9067ebbf87	0	Claudius	claudius-caesar
timelineEvent.datingNotes|wld-rom-claudius-emperor|9067ebbf87	151	Priscilla	priscilla
timelineEvent.datingNotes|wld-rom-claudius-emperor|9067ebbf87	165	Aquila	aquila
timelineEvent.datingNotes|wld-rom-claudius-emperor|9067ebbf87	234	Claudius	claudius-caesar
timelineEvent.datingNotes|wld-rom-claudius-emperor|9067ebbf87	340	Claudius	claudius-caesar
timelineEvent.datingNotes|wld-rom-claudius-emperor|9067ebbf87	406	Paul	paul-of-tarsus
timelineEvent.datingNotes|wld-rom-claudius-emperor|9067ebbf87	577	Claudius	claudius-caesar
timelineEvent.datingNotes|wld-rom-martyrdom-peter-paul|3ec6ed9441	152	Nero	nero-caesar
timelineEvent.datingNotes|wld-rom-martyrdom-peter-paul|3ec6ed9441	216	Peter	simon-peter
topic.section|amarna-letters|14ea18c114	418	Joshua	joshua
topic.section|angels|1acfcbaf96	164	Jacob	jacob
topic.section|angels|1acfcbaf96	279	Jesus	jesus-of-nazareth
topic.section|angels|1acfcbaf96	368	Jesus	jesus-of-nazareth
topic.section|angels|1acfcbaf96	564	Peter	simon-peter
topic.section|angels|1acfcbaf96	598	Jesus	jesus-of-nazareth
topic.section|angels|499c7fc618	669	Luke	luke-evangelist
topic.section|angels|f4995caf86	115	John	john-the-baptist
topic.section|angels|f4995caf86	513	Satan	satan
topic.section|babylonian-chronicles|1d479420e3	209	Jehoiachin	jeconiah
topic.section|babylonian-chronicles|1d479420e3	89	Jehoiachin	jeconiah
topic.section|babylonian-chronicles|a253bd2a76	445	Jehoiachin	jeconiah
topic.section|babylonians|03b08ed2ee	220	Solomon	solomon
topic.section|babylonians|03b08ed2ee	350	Jeremiah	jeremiah
topic.section|babylonians|03b08ed2ee	440	Jeremiah	jeremiah
topic.section|babylonians|dcbf19bd59	12	Daniel	daniel
topic.section|babylonians|dcbf19bd59	439	Daniel	daniel
topic.section|babylonians|dcbf19bd59	94	Daniel	daniel
topic.section|behistun-inscription|8d9f718cd6	299	Zechariah	zechariah-father-of-john-baptist
topic.section|canaanites|590b3c00fc	17	Abraham	abraham
topic.section|canaanites|590b3c00fc	222	Abraham	abraham
topic.section|canaanites|590b3c00fc	377	Joshua	joshua
topic.section|canaanites|67333c884f	0	Joshua	joshua
topic.section|casting-lots|3bca883602	6	Judas	judas-iscariot
topic.section|casting-lots|5f4ceebb7b	148	Aaron	aaron
topic.section|casting-lots|5f4ceebb7b	460	Joshua	joshua
topic.section|casting-lots|6f50ca8cb5	287	John	john-the-baptist
topic.section|casting-lots|6f50ca8cb5	62	Jesus	jesus-of-nazareth
topic.section|cherubim|44960bc801	40	Adam	adam
topic.section|cherubim|44960bc801	466	Ezekiel	ezekiel
topic.section|cherubim|44960bc801	49	Eve	eve
topic.section|cherubim|6e23bea895	0	Ezekiel	ezekiel
topic.section|cherubim|6e23bea895	398	Ezekiel	ezekiel
topic.section|cherubim|f99c2b95de	272	Moses	moses
topic.section|chester-beatty-papyri|50bfa12c00	152	Paul	paul-of-tarsus
topic.section|chester-beatty-papyri|50bfa12c00	46	Timothy	timothy
topic.section|chester-beatty-papyri|50bfa12c00	57	Titus	titus
topic.section|chester-beatty-papyri|bce8add8bd	114	Paul	paul-of-tarsus
topic.section|chester-beatty-papyri|bce8add8bd	298	Isaiah	isaiah
topic.section|chester-beatty-papyri|bce8add8bd	306	Jeremiah	jeremiah
topic.section|chester-beatty-papyri|bce8add8bd	316	Ezekiel	ezekiel
topic.section|chester-beatty-papyri|bce8add8bd	325	Daniel	daniel
topic.section|chester-beatty-papyri|bce8add8bd	337	Esther	esther
topic.section|chester-beatty-papyri|c53f378519	91	Paul	paul-of-tarsus
topic.section|code-of-hammurabi|0d5c5d6ea2	539	Jesus	jesus-of-nazareth
topic.section|code-of-hammurabi|85f43700a7	125	Moses	moses
topic.section|codex-sinaiticus|511f8c0648	201	Barnabas	barnabas
topic.section|codex-sinaiticus|da0fc044b7	388	Mark	john-mark
topic.section|codex-sinaiticus|da0fc044b7	70	Mark	john-mark
topic.section|codex-vaticanus|2fabe61acc	281	James	james-son-of-zebedee
topic.section|codex-vaticanus|3a0172ddbd	200	Timothy	timothy
topic.section|codex-vaticanus|3a0172ddbd	209	Titus	titus
topic.section|codex-vaticanus|3a0172ddbd	216	Philemon	philemon
topic.section|codex-vaticanus|85654c3a8c	144	Luke	luke-evangelist
topic.section|codex-vaticanus|85654c3a8c	52	Mark	john-mark
topic.section|cyrus-cylinder|ccab31afbd	363	Ezra	ezra
topic.section|day-of-preparation|0af0977bbe	0	John	john-the-baptist
topic.section|day-of-preparation|0af0977bbe	188	John	john-the-baptist
topic.section|day-of-preparation|16217b4f2e	291	Mark	john-mark
topic.section|day-of-preparation|16217b4f2e	430	Luke	luke-evangelist
topic.section|day-of-preparation|20af95a228	157	Joseph of Arimathea	joseph-of-arimathea
topic.section|day-of-preparation|20af95a228	23	Jesus	jesus-of-nazareth
topic.section|day-of-preparation|20af95a228	356	John	john-the-baptist
topic.section|day-of-preparation|20af95a228	700	Jesus	jesus-of-nazareth
topic.section|day-of-preparation|20af95a228	765	John	john-the-baptist
topic.section|dead-sea-scrolls|0a7e4ed26d	128	Jeremiah	jeremiah
topic.section|dead-sea-scrolls|0a7e4ed26d	515	Mark	john-mark
topic.section|dead-sea-scrolls|7f915080c3	276	Enoch	enoch
topic.section|dead-sea-scrolls|7f915080c3	349	Isaiah	isaiah
topic.section|dead-sea-scrolls|7f915080c3	75	Esther	esther
topic.section|dead-sea-scrolls|815e68b358	52	Jesus	jesus-of-nazareth
topic.section|demons|01eff4b956	0	Paul	paul-of-tarsus
topic.section|demons|01eff4b956	414	Satan	satan
topic.section|demons|2c6cd0dcdd	1031	Jesus	jesus-of-nazareth
topic.section|demons|2c6cd0dcdd	428	Jesus	jesus-of-nazareth
topic.section|demons|2c6cd0dcdd	510	Spirit of God	holy-spirit
topic.section|demons|2c6cd0dcdd	66	Jesus	jesus-of-nazareth
topic.section|demons|2c6cd0dcdd	854	Paul	paul-of-tarsus
topic.section|demons|ff47c964be	117	Satan	satan
topic.section|demons|ff47c964be	396	Jesus	jesus-of-nazareth
topic.section|demons|ff47c964be	542	James	james-son-of-zebedee
topic.section|edomites|1128678f84	27	Esau	esau
topic.section|edomites|1128678f84	33	Jacob	jacob
topic.section|egyptians|1de2d60e66	112	Joseph	joseph-son-of-jacob
topic.section|egyptians|1de2d60e66	163	Jacob	jacob
topic.section|egyptians|1de2d60e66	313	Joseph	joseph-son-of-jacob
topic.section|egyptians|1de2d60e66	396	Moses	moses
topic.section|egyptians|dda53a59e4	158	Jacob	jacob
topic.section|egyptians|dda53a59e4	257	Joseph	joseph-son-of-jacob
topic.section|egyptians|dda53a59e4	274	Mary	mary-mother-of-jesus
topic.section|egyptians|dda53a59e4	294	Jesus	jesus-of-nazareth
topic.section|egyptians|dda53a59e4	92	Abraham	abraham
topic.section|epic-of-gilgamesh|de015d5350	255	Abraham	abraham
topic.section|gehenna|2ebd373e2c	911	Jesus	jesus-of-nazareth
topic.section|gehenna|4c4c505230	0	Josiah	josiah
topic.section|gehenna|4c4c505230	8	Manasseh	manasseh-king-of-judah
topic.section|gehenna|4c91358720	0	Jeremiah	jeremiah
topic.section|gehenna|4c91358720	26	Josiah	josiah
topic.section|gehenna|56cd0b8521	204	Jesus	jesus-of-nazareth
topic.section|gehenna|56cd0b8521	267	Jesus	jesus-of-nazareth
topic.section|gehenna|56cd0b8521	330	Isaiah	isaiah
topic.section|gehenna|6aee764d50	504	Jeremiah	jeremiah
topic.section|gehenna|6aee764d50	694	Jesus	jesus-of-nazareth
topic.section|gehenna|6aee764d50	85	Jesus	jesus-of-nazareth
topic.section|gehenna|a5a458d389	329	Manasseh	manasseh-king-of-judah
topic.section|gehenna|a5a458d389	69	Ahaz	ahaz
topic.section|gehenna|c864c104b4	154	Enoch	enoch
topic.section|gehenna|c864c104b4	407	Jesus	jesus-of-nazareth
topic.section|gehenna|ec82c83ac9	242	Jacob	jacob
topic.section|gehenna|ec82c83ac9	264	Joseph	joseph-son-of-jacob
topic.section|gehenna|ec82c83ac9	575	James	james-son-of-zebedee
topic.section|gehenna|f37316688c	164	Jesus	jesus-of-nazareth
topic.section|gehenna|f37316688c	85	Jesus	jesus-of-nazareth
topic.section|gentiles|2588b15238	0	Paul	paul-of-tarsus
topic.section|gentiles|2588b15238	330	Paul	paul-of-tarsus
topic.section|gentiles|2588b15238	484	Paul	paul-of-tarsus
topic.section|gentiles|6857f372f3	152	James	james-son-of-zebedee
topic.section|gentiles|6857f372f3	440	Paul	paul-of-tarsus
topic.section|gentiles|6857f372f3	79	Peter	simon-peter
topic.section|gentiles|6857f372f3	86	Paul	paul-of-tarsus
topic.section|gentiles|6857f372f3	96	Barnabas	barnabas
topic.section|gentiles|71d843460c	112	Peter	simon-peter
topic.section|gentiles|71d843460c	151	Cornelius	cornelius-the-centurion
topic.section|gentiles|71d843460c	211	the Holy Spirit	holy-spirit
topic.section|gentiles|71d843460c	349	the Holy Spirit	holy-spirit
topic.section|gentiles|a763e7237a	386	Abram	abraham
topic.section|greeks|9918be58bc	331	Stephen	stephen-the-martyr
topic.section|greeks|9918be58bc	343	Philip	philip-the-apostle
topic.section|greeks|9918be58bc	392	Paul	paul-of-tarsus
topic.section|greeks|afe7bda811	328	Paul	paul-of-tarsus
topic.section|holy-of-holies|50aa8d0846	248	the Holy Spirit	holy-spirit
topic.section|holy-of-holies|50aa8d0846	895	Jesus	jesus-of-nazareth
topic.section|holy-of-holies|900c0772b5	14	Jesus	jesus-of-nazareth
topic.section|holy-of-holies|f9f3326a99	239	Solomon	solomon
topic.section|israelites|822c3c377b	0	Jesus	jesus-of-nazareth
topic.section|israelites|822c3c377b	238	Paul	paul-of-tarsus
topic.section|israelites|822c3c377b	282	Abraham	abraham
topic.section|israelites|822c3c377b	539	Peter	simon-peter
topic.section|israelites|822c3c377b	65	David	david
topic.section|israelites|b97ccf9408	28	Jacob	jacob
topic.section|israelites|b97ccf9408	346	Abraham	abraham
topic.section|israelites|b97ccf9408	407	Moses	moses
topic.section|israelites|b97ccf9408	47	Abraham	abraham
topic.section|jews|acac5dd447	33	Jacob	jacob
topic.section|jews|acac5dd447	78	David	david
topic.section|jews|c919196e95	214	Paul	paul-of-tarsus
topic.section|jews|c919196e95	551	Jesus	jesus-of-nazareth
topic.section|jews|c919196e95	72	Jesus	jesus-of-nazareth
topic.section|jews|c919196e95	739	Jesus	jesus-of-nazareth
topic.section|kurkh-monolith|decb4f5ef8	0	John	john-the-baptist
topic.section|levites|0e2fc278d4	403	Aaron	aaron
topic.section|levites|e1e8d99182	0	Jesus	jesus-of-nazareth
topic.section|levites|e1e8d99182	280	Barnabas	barnabas
topic.section|levites|e1e8d99182	290	Paul	paul-of-tarsus
topic.section|masoretic-text|d98167a410	57	Aaron	aaron
topic.section|mesha-stele|9361481b52	37	Augustus	caesar-augustus
topic.section|mesha-stele|a4d684c2a7	120	David	david
topic.section|mesha-stele|a4d684c2a7	195	David	david
topic.section|moabites-and-ammonites|2fb7abb40c	135	Naomi	naomi
topic.section|moabites-and-ammonites|2fb7abb40c	148	Naomi	naomi
topic.section|moabites-and-ammonites|2fb7abb40c	253	Boaz	boaz
topic.section|moabites-and-ammonites|2fb7abb40c	297	David	david
topic.section|moabites-and-ammonites|2fb7abb40c	349	Jesus	jesus-of-nazareth
topic.section|moabites-and-ammonites|2fb7abb40c	430	David	david
topic.section|moabites-and-ammonites|2fb7abb40c	46	Ruth	ruth
topic.section|moabites-and-ammonites|84d1a6e657	360	Balaam	balaam
topic.section|muratorian-fragment|31b5ff58f1	109	John	john-the-baptist
topic.section|muratorian-fragment|31b5ff58f1	155	Mark	john-mark
topic.section|muratorian-fragment|31b5ff58f1	225	Paul	paul-of-tarsus
topic.section|muratorian-fragment|31b5ff58f1	252	John	john-the-baptist
topic.section|muratorian-fragment|31b5ff58f1	288	Solomon	solomon
topic.section|muratorian-fragment|31b5ff58f1	318	Paul	paul-of-tarsus
topic.section|muratorian-fragment|31b5ff58f1	404	Paul	paul-of-tarsus
topic.section|muratorian-fragment|31b5ff58f1	71	Luke	luke-evangelist
topic.section|muratorian-fragment|5462c1dba0	132	Peter	simon-peter
topic.section|muratorian-fragment|5462c1dba0	62	James	james-son-of-zebedee
topic.section|muratorian-fragment|5462c1dba0	77	Peter	simon-peter
topic.section|muratorian-fragment|d694d7e9c9	415	Paul	paul-of-tarsus
topic.section|nabonidus-cylinder|197b129cb3	39	Daniel	daniel
topic.section|nabonidus-cylinder|2743d09e14	193	Daniel	daniel
topic.section|nabonidus-cylinder|8d680ee658	394	Daniel	daniel
topic.section|nabonidus-cylinder|8d680ee658	427	Daniel	daniel
topic.section|new-covenant|6a9ae31b13	51	Jeremiah	jeremiah
topic.section|new-covenant|d1edaa9d57	27	Jeremiah	jeremiah
topic.section|new-covenant|d1edaa9d57	435	Jesus	jesus-of-nazareth
topic.section|new-covenant|d98047c38f	182	Jeremiah	jeremiah
topic.section|new-covenant|d98047c38f	301	Paul	paul-of-tarsus
topic.section|new-covenant|d98047c38f	44	Jesus	jesus-of-nazareth
topic.section|new-covenant|d98047c38f	558	Jeremiah	jeremiah
topic.section|nicene-creed|69f69783de	658	Arius	arius
topic.section|nicene-creed|69f69783de	668	Athanasius of Alexandria	athanasius-of-alexandria
topic.section|nicene-creed|6f7707f9cc	97	the Holy Spirit	holy-spirit
topic.section|nicene-creed|71235a68c3	166	Athanasius of Alexandria	athanasius-of-alexandria
topic.section|nicene-creed|7a624672b3	389	Arius	arius
topic.section|nicene-creed|7a624672b3	51	Constantine the Great	constantine-the-great
topic.section|nicene-creed|89f7bcb457	60	Arius	arius
topic.section|nicene-creed|a2d2c1c9c2	108	Paul	paul-of-tarsus
topic.section|nicene-creed|a2d2c1c9c2	53	Jesus	jesus-of-nazareth
topic.section|nicene-creed|aa7a298fbc	352	the Holy Spirit	holy-spirit
topic.section|nicene-creed|aa7a298fbc	382	Mary	mary-mother-of-jesus
topic.section|nicene-creed|aa7a298fbc	442	Pontius Pilate	pontius-pilate
topic.section|nicene-creed|aa7a298fbc	45	Jesus Christ	jesus-of-nazareth
topic.section|nicene-creed|aa7a298fbc	888	Pontius Pilate	pontius-pilate
topic.section|nicene-creed|b92d0e52a2	340	Charlemagne	charlemagne
topic.section|nicene-creed|d3e247f741	764	Photius of Constantinople	photius
topic.section|nuzi-tablets|2208d5b2f1	103	Thomas	thomas-apostle
topic.section|nuzi-tablets|2208d5b2f1	123	John	john-the-baptist
topic.section|nuzi-tablets|e02d8be473	119	Abraham	abraham
topic.section|nuzi-tablets|e02d8be473	285	Sarah	sarah
topic.section|nuzi-tablets|e02d8be473	306	Hagar	hagar
topic.section|nuzi-tablets|e02d8be473	315	Abraham	abraham
topic.section|nuzi-tablets|e02d8be473	615	Rachel	rachel
topic.section|passover|0bb46fba6b	18	Jesus	jesus-of-nazareth
topic.section|passover|0bb46fba6b	371	John	john-the-baptist
topic.section|passover|0bb46fba6b	421	Jesus	jesus-of-nazareth
topic.section|passover|0bb46fba6b	527	John	john-the-baptist
topic.section|passover|0bb46fba6b	684	John the Baptist	john-the-baptist
topic.section|passover|0bb46fba6b	754	Jesus	jesus-of-nazareth
topic.section|passover|1e4c6bcc4a	375	Hezekiah	hezekiah
topic.section|passover|1e4c6bcc4a	422	Josiah	josiah
topic.section|passover|1e4c6bcc4a	581	Samuel	samuel
topic.section|passover|787b7adf16	0	Paul	paul-of-tarsus
topic.section|passover|c647d8ce77	101	Moses	moses
topic.section|passover|c647d8ce77	111	Aaron	aaron
topic.section|persians|0110c5e618	322	Isaiah	isaiah
topic.section|persians|0110c5e618	510	Jeremiah	jeremiah
topic.section|persians|0110c5e618	591	Ezra	ezra
topic.section|persians|0110c5e618	600	Nehemiah	nehemiah
topic.section|persians|32032b9fd6	12	Esther	esther
topic.section|persians|32032b9fd6	209	Mordecai	mordecai
topic.section|persians|32032b9fd6	359	Nehemiah	nehemiah
topic.section|philistines|d684aafc59	0	Samson	samson
topic.section|philistines|d684aafc59	377	David	david
topic.section|philistines|d684aafc59	514	David	david
topic.section|pilate-stone|05a44d050f	220	Tiberius	tiberius-caesar
topic.section|pilate-stone|05a44d050f	266	job	job
topic.section|pilate-stone|05a44d050f	394	Pilate	pontius-pilate
topic.section|pilate-stone|17b931f856	134	Herod the Great	herod-the-great
topic.section|pilate-stone|69dc9ce4a3	109	John	john-the-baptist
topic.section|pilate-stone|69dc9ce4a3	23	Pilate	pontius-pilate
topic.section|pilate-stone|69dc9ce4a3	385	Claudius	claudius-caesar
topic.section|pilate-stone|69dc9ce4a3	425	Pilate	pontius-pilate
topic.section|pilate-stone|69dc9ce4a3	52	Luke	luke-evangelist
topic.section|pilate-stone|e2be0f8e61	147	Pontius Pilate	pontius-pilate
topic.section|pilate-stone|e2be0f8e61	282	Tiberius	tiberius-caesar
topic.section|romans|1a0b26f70d	106	Herod the Great	herod-the-great
topic.section|romans|1a0b26f70d	175	Pontius Pilate	pontius-pilate
topic.section|romans|1a0b26f70d	265	Caesar Augustus	caesar-augustus
topic.section|romans|1a0b26f70d	297	Joseph	joseph-son-of-jacob
topic.section|romans|1a0b26f70d	308	Mary	mary-mother-of-jesus
topic.section|romans|1a0b26f70d	376	Jesus	jesus-of-nazareth
topic.section|romans|1a0b26f70d	479	Pilate	pontius-pilate
topic.section|romans|1a0b26f70d	48	Jesus	jesus-of-nazareth
topic.section|romans|1a0b26f70d	546	Tiberius	tiberius-caesar
topic.section|romans|1a0b26f70d	644	Luke	luke-evangelist
topic.section|romans|270e0831a9	0	Paul	paul-of-tarsus
topic.section|romans|270e0831a9	317	Caesar	tiberius-caesar
topic.section|romans|270e0831a9	439	Paul	paul-of-tarsus
topic.section|rylands-papyrus-p52|55b6dfad36	137	John	john-the-baptist
topic.section|rylands-papyrus-p52|55b6dfad36	423	John	john-the-baptist
topic.section|rylands-papyrus-p52|95937004c5	318	Pilate	pontius-pilate
topic.section|rylands-papyrus-p52|95937004c5	67	John	john-the-baptist
topic.section|rylands-papyrus-p52|c38d4a721f	242	John	john-the-baptist
topic.section|rylands-papyrus-p52|c38d4a721f	393	John	john-the-baptist
topic.section|rylands-papyrus-p52|df147c7d54	114	John	john-the-baptist
topic.section|samaritans|b14363ccaa	0	Jesus	jesus-of-nazareth
topic.section|samaritans|b14363ccaa	606	Jesus	jesus-of-nazareth
topic.section|samaritans|b14363ccaa	719	Jesus	jesus-of-nazareth
topic.section|samaritans|b14363ccaa	807	Philip the Evangelist	philip-the-evangelist
topic.section|samaritans|b14363ccaa	97	Jacob	jacob
topic.section|sennacherib-prism|1bb12f288a	149	Hezekiah	hezekiah
topic.section|sennacherib-prism|560562abbc	244	Hezekiah	hezekiah
topic.section|sennacherib-prism|560562abbc	315	Hezekiah	hezekiah
topic.section|sennacherib-prism|560562abbc	447	Hezekiah	hezekiah
topic.section|sennacherib-prism|6b586a258c	182	Hezekiah	hezekiah
topic.section|septuagint|0adc661a23	156	Esther	esther
topic.section|septuagint|0adc661a23	167	Daniel	daniel
topic.section|septuagint|95977a2c7a	326	Jeremiah	jeremiah
topic.section|septuagint|f8b64d96b0	259	Moses	moses
topic.section|septuagint|f8b64d96b0	551	Job	job
topic.section|siloam-inscription|3f6e3bad37	126	Hezekiah	hezekiah
topic.section|siloam-inscription|3f6e3bad37	26	Philip	philip-the-apostle
topic.section|siloam-inscription|3f6e3bad37	8	John	john-the-baptist
topic.section|siloam-inscription|42865f7ecf	79	job	job
topic.section|siloam-inscription|4a9ae734bf	236	Hezekiah	hezekiah
topic.section|siloam-inscription|751fc2bb82	19	Hezekiah	hezekiah
topic.section|siloam-inscription|7e4416d1e6	0	Hezekiah	hezekiah
topic.section|siloam-inscription|7e4416d1e6	238	Jacob	jacob
topic.section|synagogue|b1fc7c8260	18	Jesus	jesus-of-nazareth
topic.section|synagogue|b1fc7c8260	379	Isaiah	isaiah
topic.section|synagogue|b1fc7c8260	44	Luke	luke-evangelist
topic.section|synagogue|b1fc7c8260	557	Mark	john-mark
topic.section|synagogue|b1fc7c8260	570	Jesus	jesus-of-nazareth
topic.section|synagogue|d480301d61	11	Paul	paul-of-tarsus
topic.section|synagogue|d480301d61	259	Paul	paul-of-tarsus
topic.section|synagogue|d480301d61	398	Jesus	jesus-of-nazareth
topic.section|synagogue|d480301d61	558	Paul	paul-of-tarsus
topic.section|synagogue|d480301d61	567	Barnabas	barnabas
topic.section|synagogue|d480301d61	656	James	james-son-of-zebedee
topic.section|synagogue|edb61e5f58	402	Jesus	jesus-of-nazareth
topic.section|synagogue|ef884e0083	247	Jesus	jesus-of-nazareth
topic.section|synagogue|ef884e0083	292	Paul	paul-of-tarsus
topic.section|tabernacle|4117845278	136	Moses	moses
topic.section|tabernacle|b1d6a861c9	9	Moses	moses
topic.section|tabernacle|f1241cf863	0	John	john-the-baptist
topic.section|tabernacle|f1241cf863	226	John	john-the-baptist
topic.section|tabernacle|f1241cf863	245	Jesus	jesus-of-nazareth
topic.section|tabernacle|fdbff73168	195	David	david
topic.section|tabernacle|fdbff73168	240	Solomon	solomon
topic.section|tel-dan-stele|03833a1bc5	139	David	david
topic.section|tel-dan-stele|03833a1bc5	240	David	david
topic.section|tel-dan-stele|03833a1bc5	298	David	david
topic.section|tel-dan-stele|03833a1bc5	390	David	david
topic.section|tel-dan-stele|17b72b5b68	33	David	david
topic.section|tel-dan-stele|836d35b34a	278	David	david
topic.section|tel-dan-stele|836d35b34a	295	David	david
topic.section|tel-dan-stele|836d35b34a	576	David	david
topic.section|tel-dan-stele|836d35b34a	628	David	david
topic.section|tel-dan-stele|9cf69ffa5f	323	David	david
topic.section|tel-dan-stele|e74454778c	28	Philip	philip-the-apostle
topic.section|the-temple|034dce22c7	0	David	david
topic.section|the-temple|034dce22c7	246	Solomon	solomon
topic.section|the-temple|034dce22c7	314	Solomon	solomon
topic.section|the-temple|034dce22c7	88	Solomon	solomon
topic.section|the-temple|36d0904654	0	Jesus	jesus-of-nazareth
topic.section|the-temple|36d0904654	293	John	john-the-baptist
topic.section|the-temple|36d0904654	374	Jesus	jesus-of-nazareth
topic.section|the-temple|36d0904654	521	Paul	paul-of-tarsus
topic.section|the-temple|9496fc2ad8	0	Herod the Great	herod-the-great
topic.section|the-temple|9496fc2ad8	212	Jesus	jesus-of-nazareth
topic.section|the-temple|9496fc2ad8	377	Jesus	jesus-of-nazareth
topic.section|the-temple|9496fc2ad8	564	Titus	titus
topic.section|the-temple|bee120915b	171	Ezra	ezra
topic.section|the-temple|bee120915b	254	Solomon	solomon
topic.section|the-trinity|207cbd3ff8	616	Isaiah	isaiah
topic.section|the-trinity|207cbd3ff8	888	David	david
topic.section|the-trinity|25b634fa2f	336	the Holy Spirit	holy-spirit
topic.section|the-trinity|782967cd59	47	the Holy Spirit	holy-spirit
topic.section|the-trinity|a0a01afe32	362	Arius	arius
topic.section|the-trinity|ff6cc0af03	1129	the Holy Spirit	holy-spirit
topic.section|the-trinity|ff6cc0af03	141	Jesus	jesus-of-nazareth
topic.section|the-trinity|ff6cc0af03	355	John	john-the-baptist
topic.section|the-trinity|ff6cc0af03	390	Jesus	jesus-of-nazareth
topic.section|the-trinity|ff6cc0af03	551	Jesus	jesus-of-nazareth
topic.section|the-trinity|ff6cc0af03	583	Counselor	holy-spirit
topic.section|the-trinity|ff6cc0af03	617	Spirit of truth	holy-spirit
topic.section|the-trinity|ff6cc0af03	693	Jesus	jesus-of-nazareth
topic.section|the-trinity|ff6cc0af03	730	Paul	paul-of-tarsus
topic.section|the-trinity|ff6cc0af03	867	Jesus Christ	jesus-of-nazareth
topic.section|the-trinity|ff6cc0af03	915	the Holy Spirit	holy-spirit
topic.section|the-trinity|ff6cc0af03	976	Jesus	jesus-of-nazareth
topic.section|topic-pharisees|36409cb33f	125	Jesus	jesus-of-nazareth
topic.section|topic-pharisees|36409cb33f	187	Jesus	jesus-of-nazareth
topic.section|topic-pharisees|36409cb33f	45	Jesus	jesus-of-nazareth
topic.section|topic-pharisees|36409cb33f	501	Nicodemus	nicodemus
topic.section|topic-pharisees|36409cb33f	557	Jesus	jesus-of-nazareth
topic.section|topic-pharisees|36409cb33f	665	Gamaliel	gamaliel
topic.section|topic-pharisees|36409cb33f	775	Paul	paul-of-tarsus
topic.section|topic-pharisees|36409cb33f	852	Gamaliel	gamaliel
topic.section|topic-sadducees|09ebea211f	107	Jesus	jesus-of-nazareth
topic.section|topic-sadducees|09ebea211f	236	Jesus	jesus-of-nazareth
topic.section|topic-sadducees|09ebea211f	446	Jesus	jesus-of-nazareth
topic.section|topic-sadducees|09ebea211f	651	Paul	paul-of-tarsus
topic.section|topic-sadducees|8b675a8887	254	Jesus	jesus-of-nazareth
topic.section|topic-sadducees|8b675a8887	520	Moses	moses
topic.section|torah|7aa97ba59e	137	Moses	moses
topic.section|torah|7aa97ba59e	269	Moses	moses
topic.section|torah|8c75a55fa9	120	Paul	paul-of-tarsus
topic.section|torah|d85165b97c	14	Jesus	jesus-of-nazareth
topic.section|torah|fba21c9ca1	0	Jesus	jesus-of-nazareth
topic.section|torah|fba21c9ca1	480	Luke	luke-evangelist
topic.section|torah|fba21c9ca1	503	Jesus	jesus-of-nazareth
topic.section|young-earth-old-earth-creationism|0ad470a689	1067	Adam	adam
topic.section|young-earth-old-earth-creationism|0ad470a689	935	Adam	adam
topic.section|young-earth-old-earth-creationism|4413b94443	191	Adam	adam
topic.section|young-earth-old-earth-creationism|4413b94443	200	Eve	eve
topic.section|young-earth-old-earth-creationism|ac98541095	338	Adam	adam
topic.section|young-earth-old-earth-creationism|ac98541095	347	Eve	eve
