seo:location.ruler.name	ammon	0	20	Ammonites	topic	moabites-and-ammonites
seo:location.ruler.name	ammon	1	33	David	person	david
seo:location.ruler.name	ammon	2	21	Assyrian	topic	assyrians
seo:location.ruler.name	ammon	2	36	Babylonian	topic	babylonians
seo:location.ruler.name	ammon	2	51	Persian	topic	persians
seo:location.ruler.name	antioch-pisidia	0	0	Roman	topic	romans
seo:location.ruler.name	antioch-pisidia	0	57	Augustus	person	caesar-augustus
seo:location.ruler.name	antioch-pisidia	0	108	Galatia	location	galatia
seo:location.ruler.name	antioch-syria	1	0	Roman	topic	romans
seo:location.ruler.name	ashdod	0	0	Philistine	topic	philistines
seo:location.ruler.name	ashdod	1	0	Assyrian	topic	assyrians
seo:location.ruler.name	ashkelon	0	0	Philistine	topic	philistines
seo:location.ruler.name	ashkelon	1	4	Babylonian	topic	babylonians
seo:location.ruler.name	athens	0	18	Roman	topic	romans
seo:location.ruler.name	babylon	3	17	Persian	topic	persians
seo:location.ruler.name	bethel	0	0	Canaanite	topic	canaanites
seo:location.ruler.name	bethlehem	0	0	Herod the Great	person	herod-the-great
seo:location.ruler.name	capernaum	0	0	Herod Antipas	person	herod-antipas
seo:location.ruler.name	capernaum	0	27	Galilee	location	galilee
seo:location.ruler.name	corinth	0	0	Roman	topic	romans
seo:location.ruler.name	corinth	0	42	Achaia	location	achaia
seo:location.ruler.name	corinth	0	80	Gallio	person	gallio
seo:location.ruler.name	cyprus	0	0	Roman	topic	romans
seo:location.ruler.name	cyprus	0	57	Sergius Paulus	person	sergius-paulus
seo:location.ruler.name	damascus	1	0	Roman	topic	romans
seo:location.ruler.name	edom	1	36	David	person	david
seo:location.ruler.name	edom	1	46	Solomon	person	solomon
seo:location.ruler.name	edom	2	12	Edomite	topic	edomites
seo:location.ruler.name	edom	2	35	Assyrian	topic	assyrians
seo:location.ruler.name	edom	2	48	Babylonian	topic	babylonians
seo:location.ruler.name	ekron	0	0	Philistine	topic	philistines
seo:location.ruler.name	ekron	1	18	Assyrian	topic	assyrians
seo:location.ruler.name	ephesus	0	15	Roman province of Asia	location	asia-province
seo:location.ruler.name	galilee	0	0	Herod Antipas	person	herod-antipas
seo:location.ruler.name	gath	0	0	Philistine	topic	philistines
seo:location.ruler.name	gath	1	15	Damascus	location	damascus
seo:location.ruler.name	gaza	0	0	Philistine	topic	philistines
seo:location.ruler.name	gaza	1	0	Egyptian	topic	egyptians
seo:location.ruler.name	haran	0	0	Assyrian	topic	assyrians
seo:location.ruler.name	haran	1	5	Assyrian	topic	assyrians
seo:location.ruler.name	hebron	0	0	David	person	david
seo:location.ruler.name	jerusalem	0	0	Herod the Great	person	herod-the-great
seo:location.ruler.name	jerusalem	1	0	Herod Archelaus	person	herod-archelaus
seo:location.ruler.name	jerusalem	2	0	Roman	topic	romans
seo:location.ruler.name	jerusalem	2	22	Pontius Pilate	person	pontius-pilate
seo:location.ruler.name	jerusalem	3	0	Herod Agrippa I	person	herod-agrippa-i
seo:location.ruler.name	jerusalem	4	0	Roman	topic	romans
seo:location.ruler.name	jezreel	0	9	Jezebel	person	jezebel
seo:location.ruler.name	judea	0	0	Herod the Great	person	herod-the-great
seo:location.ruler.name	judea	1	0	Herod Archelaus	person	herod-archelaus
seo:location.ruler.name	judea	2	0	Roman	topic	romans
seo:location.ruler.name	judea	2	22	Pontius Pilate	person	pontius-pilate
seo:location.ruler.name	lachish	0	0	Canaanite	topic	canaanites
seo:location.ruler.name	megiddo	0	0	Canaanite	topic	canaanites
seo:location.ruler.name	megiddo	1	0	Egyptian	topic	egyptians
seo:location.ruler.name	megiddo	2	19	Solomon	person	solomon
seo:location.ruler.name	megiddo	3	0	Assyrian	topic	assyrians
seo:location.ruler.name	moab	1	27	Balaam	person	balaam
seo:location.ruler.name	moab	2	60	Mesha Stele	topic	mesha-stele
seo:location.ruler.name	mount-moriah	0	5	Solomon	person	solomon
seo:location.ruler.name	mount-moriah	1	0	Herod the Great	person	herod-the-great
seo:location.ruler.name	nazareth	0	0	Herod Antipas	person	herod-antipas
seo:location.ruler.name	nazareth	0	27	Galilee	location	galilee
seo:location.ruler.name	patmos	0	12	Roman province of Asia	location	asia-province
seo:location.ruler.name	peniel	0	111	the Jordan	location	jordan-river
seo:location.ruler.name	peniel	0	139	Shechem	poi	shechem
seo:location.ruler.name	philippi	0	0	Roman	topic	romans
seo:location.ruler.name	rabbah	0	0	Ammonite	topic	moabites-and-ammonites
seo:location.ruler.name	rabbah	1	28	David	person	david
seo:location.ruler.name	rome	0	8	Nero	person	nero-caesar
seo:location.ruler.name	samaria	0	0	Herod the Great	person	herod-the-great
seo:location.ruler.name	sea-of-galilee	0	0	Herod Antipas	person	herod-antipas
seo:location.ruler.name	sea-of-galilee	0	23	Tiberias	location	tiberias
seo:location.ruler.name	shechem	0	0	Canaanite	topic	canaanites
seo:location.ruler.name	shechem	0	58	Amarna letters	topic	amarna-letters
seo:location.ruler.name	susa	1	35	Persian	topic	persians
seo:location.ruler.name	tarsus	0	33	Roman	topic	romans
seo:location.ruler.name	tekoa	0	34	Rehoboam	person	rehoboam
seo:location.ruler.name	thessalonica	0	15	Roman	topic	romans
seo:location.ruler.name	thessalonica	0	33	Macedonia	location	macedonia
seo:location.ruler.name	tiberias	0	0	Herod Antipas	person	herod-antipas
seo:location.ruler.name	tiberias	0	27	Galilee	location	galilee
seo:location.ruler.name	ziklag	0	16	Gath	location	gath
seo:person.occupation	adam	0	29	Garden of Eden	location	eden
seo:person.occupation	ambrose-of-milan	0	0	Roman	topic	romans
seo:person.occupation	antonius-felix	0	0	Roman	topic	romans
seo:person.occupation	antonius-felix	0	31	Judea	location	judea
seo:person.occupation	bathsheba	0	8	Uriah the Hittite	person	uriah-the-hittite
seo:person.occupation	bathsheba	0	41	David	person	david
seo:person.occupation	bathsheba	0	70	Solomon	person	solomon
seo:person.occupation	boaz	0	43	Bethlehem	location	bethlehem
seo:person.occupation	caesar-augustus	0	6	Roman	topic	romans
seo:person.occupation	caiaphas	0	19	Jewish	topic	jews
seo:person.occupation	claudius-caesar	0	7	Roman	topic	romans
seo:person.occupation	constantine-the-great	0	0	Roman	topic	romans
seo:person.occupation	cornelius-the-centurion	0	17	Roman	topic	romans
seo:person.occupation	crispus	0	13	synagogue	topic	synagogue
seo:person.occupation	crispus	0	26	Corinth	location	corinth
seo:person.occupation	daniel	0	40	Babylonian	topic	babylonians
seo:person.occupation	daniel	0	55	Persian	topic	persians
seo:person.occupation	drusilla	0	0	Jewish	topic	jews
seo:person.occupation	drusilla	0	29	Roman	topic	romans
seo:person.occupation	drusilla	0	44	Felix	person	antonius-felix
seo:person.occupation	epaphroditus	0	28	Philippi	location	philippi
seo:person.occupation	epaphroditus	0	52	Paul	person	paul-of-tarsus
seo:person.occupation	erastus-of-corinth	0	48	Corinth	location	corinth
seo:person.occupation	esau	0	43	Seir	location	edom
seo:person.occupation	ethiopian-eunuch	0	52	Ethiopia	location	ethiopia
seo:person.occupation	gallio	0	0	Roman	topic	romans
seo:person.occupation	gallio	0	57	Achaia	location	achaia
seo:person.occupation	gamaliel	0	0	Pharisee	topic	topic-pharisees
seo:person.occupation	gregory-the-great	0	0	Roman	topic	romans
seo:person.occupation	hagar	0	44	Sarah	person	sarah
seo:person.occupation	hagar	0	54	Abraham	person	abraham
seo:person.occupation	herod-agrippa-i	0	8	Judea	location	judea
seo:person.occupation	herod-agrippa-i	0	27	Herod the Great	person	herod-the-great
seo:person.occupation	herod-agrippa-ii	0	61	Jerusalem	location	jerusalem
seo:person.occupation	herod-antipas	0	29	Galilee	location	galilee
seo:person.occupation	herod-antipas	0	53	Rome	location	rome
seo:person.occupation	herod-archelaus	0	20	Judea	location	judea
seo:person.occupation	herod-archelaus	0	27	Samaria	location	samaria
seo:person.occupation	herod-archelaus	0	40	Idumea	location	edom
seo:person.occupation	herod-the-great	0	8	Judea	location	judea
seo:person.occupation	herod-the-great	0	20	Roman	topic	romans
seo:person.occupation	isaac	0	48	Abraham	person	abraham
seo:person.occupation	james-brother-of-jesus	0	35	Jesus	person	jesus-of-nazareth
seo:person.occupation	james-brother-of-jesus	0	96	Jerusalem	location	jerusalem
seo:person.occupation	jesus-of-nazareth	0	64	Greek	topic	greeks
seo:person.occupation	joseph-of-arimathea	0	38	Jewish	topic	jews
seo:person.occupation	joseph-son-of-jacob	0	34	Egypt	location	egypt
seo:person.occupation	joseph-son-of-jacob	0	83	Egypt	location	egypt
seo:person.occupation	judas-iscariot	0	23	Jesus	person	jesus-of-nazareth
seo:person.occupation	leah	0	13	Jacob	person	jacob
seo:person.occupation	lysanias	0	52	Damascus	location	damascus
seo:person.occupation	lysanias	0	82	Tiberius	person	tiberius-caesar
seo:person.occupation	mark-antony	0	0	Roman	topic	romans
seo:person.occupation	martha-of-bethany	0	23	Bethany	location	bethany
seo:person.occupation	mary-magdalene	0	46	Jesus	person	jesus-of-nazareth
seo:person.occupation	mordecai	0	16	Persian	topic	persians
seo:person.occupation	mordecai	0	39	Susa	location	susa
seo:person.occupation	nathan-the-prophet	0	22	David	person	david
seo:person.occupation	nathan-the-prophet	0	47	Solomon	person	solomon
seo:person.occupation	nehemiah	0	65	Persian	topic	persians
seo:person.occupation	nero-caesar	0	6	Roman	topic	romans
seo:person.occupation	nicodemus	0	0	Pharisee	topic	topic-pharisees
seo:person.occupation	paul-of-tarsus	0	32	Pharisee	topic	topic-pharisees
seo:person.occupation	pharisees	0	10	scribes	topic	scribes
seo:person.occupation	philip-the-evangelist	0	37	Jerusalem	location	jerusalem
seo:person.occupation	phoebe	0	37	Cenchreae	location	cenchreae
seo:person.occupation	pontius-pilate	0	0	Roman	topic	romans
seo:person.occupation	pontius-pilate	0	39	Judea	location	judea
seo:person.occupation	porcius-festus	0	0	Roman	topic	romans
seo:person.occupation	porcius-festus	0	31	Judea	location	judea
seo:person.occupation	publius-of-malta	0	48	Malta	location	malta
seo:person.occupation	quirinius	0	0	Roman	topic	romans
seo:person.occupation	ruth	0	17	Bethlehem	location	bethlehem
seo:person.occupation	ruth	0	50	Boaz	person	boaz
seo:person.occupation	sadducees	0	43	the Temple	topic	the-temple
seo:person.occupation	sadducees	0	147	Judea	location	judea
seo:person.occupation	sergius-paulus	0	0	Roman	topic	romans
seo:person.occupation	sergius-paulus	0	30	Cyprus	location	cyprus
seo:person.occupation	simon-of-cyrene	0	22	Cyrene	location	cyrene
seo:person.occupation	sosthenes	0	13	synagogue	topic	synagogue
seo:person.occupation	sosthenes	0	26	Corinth	location	corinth
seo:person.occupation	stephen-the-martyr	0	70	Jerusalem	location	jerusalem
seo:person.occupation	tiberius-caesar	0	7	Roman	topic	romans
seo:person.occupation	uriah-the-hittite	0	19	David	person	david
seo:person.occupation	zacchaeus	0	54	Roman	topic	romans
seo:person.occupation	zerubbabel	0	16	Persian	topic	persians
seo:person.summary	aaron	0	0	Moses	person	moses
seo:person.summary	aaron	0	201	the golden calf	timeline	bib-exo-golden-calf
seo:person.summary	abel	0	18	Adam	person	adam
seo:person.summary	abel	0	27	Eve	person	eve
seo:person.summary	abel	0	90	Cain	person	cain
seo:person.summary	abijah-king-of-judah	0	0	Rehoboam	person	rehoboam
seo:person.summary	abiud	0	9	Zerubbabel	person	zerubbabel
seo:person.summary	abiud	0	57	Jesus	person	jesus-of-nazareth
seo:person.summary	abiud	0	119	Zerubbabel	person	zerubbabel
seo:person.summary	abraham	0	163	Paul	person	paul-of-tarsus
seo:person.summary	achim	0	25	Jesus	person	jesus-of-nazareth
seo:person.summary	adam	0	57	Garden of Eden	location	eden
seo:person.summary	ahaz	0	161	the temple	topic	the-temple
seo:person.summary	ahaz	0	204	Damascus	location	damascus
seo:person.summary	ahaz	0	230	the temple	topic	the-temple
seo:person.summary	ambrose-of-milan	0	2	Roman	topic	romans
seo:person.summary	amminadab	0	67	Nahshon	person	nahshon
seo:person.summary	amminadab	0	153	Aaron	person	aaron
seo:person.summary	amon-king-of-judah	0	0	Manasseh	person	manasseh-king-of-judah
seo:person.summary	ananias-and-sapphira	0	22	the early Jerusalem church	timeline	bib-ac-jerusalem-church-community
seo:person.summary	ananias-and-sapphira	0	188	Peter	person	simon-peter
seo:person.summary	ananias-of-damascus	0	21	Damascus	location	damascus
seo:person.summary	ananias-of-damascus	0	133	Saul of Tarsus	person	paul-of-tarsus
seo:person.summary	ananias-the-high-priest	0	4	Jewish	topic	jews
seo:person.summary	ananias-the-high-priest	0	31	Paul	person	paul-of-tarsus
seo:person.summary	ananias-the-high-priest	0	116	Caesarea	poi	caesarea-maritima
seo:person.summary	ananias-the-high-priest	0	165	Roman	topic	romans
seo:person.summary	ananias-the-high-priest	0	180	Felix	person	antonius-felix
seo:person.summary	andrew-apostle	0	44	John the Baptist	person	john-the-baptist
seo:person.summary	andrew-apostle	0	114	Jesus	person	jesus-of-nazareth
seo:person.summary	andrew-apostle	0	155	Simon Peter	person	simon-peter
seo:person.summary	anna-the-prophetess	0	46	the temple	topic	the-temple
seo:person.summary	anna-the-prophetess	0	171	Jesus	person	jesus-of-nazareth
seo:person.summary	anna-the-prophetess	0	198	Jerusalem	location	jerusalem
seo:person.summary	antonius-felix	0	34	Roman	topic	romans
seo:person.summary	antonius-felix	0	54	Judea	location	judea
seo:person.summary	antonius-felix	0	74	Paul	person	paul-of-tarsus
seo:person.summary	antonius-felix	0	93	Caesarea	poi	caesarea-maritima
seo:person.summary	antonius-felix	0	152	Roman	topic	romans
seo:person.summary	apollos	0	31	Jewish	topic	jews
seo:person.summary	apollos	0	51	Alexandria	location	alexandria
seo:person.summary	apollos	0	108	Priscilla	person	priscilla
seo:person.summary	apollos	0	122	Aquila	person	aquila
seo:person.summary	apollos	0	170	Corinth	location	corinth
seo:person.summary	apollos	0	244	Paul	person	paul-of-tarsus
seo:person.summary	aquila	0	2	Jewish	topic	jews
seo:person.summary	aquila	0	24	Pontus	location	pontus
seo:person.summary	aquila	0	46	Rome	location	rome
seo:person.summary	aquila	0	68	Jews	topic	jews
seo:person.summary	aquila	0	103	Claudius	person	claudius-caesar
seo:person.summary	aquila	0	128	Corinth	location	corinth
seo:person.summary	aquila	0	150	Priscilla	person	priscilla
seo:person.summary	aquila	0	176	Paul	person	paul-of-tarsus
seo:person.summary	aquila	0	214	Apollos	person	apollos
seo:person.summary	arius	0	143	the Council of Nicaea	timeline	bib-ac-council-of-nicaea
seo:person.summary	azor	0	25	Jesus	person	jesus-of-nazareth
seo:person.summary	balaam	0	36	Moabite	topic	moabites-and-ammonites
seo:person.summary	balaam	0	77	Israelites	topic	israelites
seo:person.summary	barnabas	0	19	Levite	topic	levites
seo:person.summary	barnabas	0	65	Saul of Tarsus	person	paul-of-tarsus
seo:person.summary	barnabas	0	150	Paul	person	paul-of-tarsus
seo:person.summary	bartholomew-nathanael	0	163	Jesus	person	jesus-of-nazareth
seo:person.summary	bartholomew-nathanael	0	173	Jesus	person	jesus-of-nazareth
seo:person.summary	bathsheba	0	8	David	person	david
seo:person.summary	bathsheba	0	171	David	person	david
seo:person.summary	bathsheba	0	217	Solomon	person	solomon
seo:person.summary	bernard-of-clairvaux	0	171	Mary	person	mary-mother-of-jesus
seo:person.summary	bernice	0	34	Paul	person	paul-of-tarsus
seo:person.summary	bernice	0	68	Agrippa II	person	herod-agrippa-ii
seo:person.summary	bernice	0	82	Caesarea	poi	caesarea-maritima
seo:person.summary	bernice	0	150	Roman	topic	romans
seo:person.summary	boaz	0	49	Moabite	topic	moabites-and-ammonites
seo:person.summary	boaz	0	63	Ruth	person	ruth
seo:person.summary	boaz	0	143	David	person	david
seo:person.summary	boaz	0	174	Jesus	person	jesus-of-nazareth
seo:person.summary	caesar-augustus	0	10	Roman	topic	romans
seo:person.summary	caesar-augustus	0	103	Joseph	person	joseph-husband-of-mary
seo:person.summary	caesar-augustus	0	114	Mary	person	mary-mother-of-jesus
seo:person.summary	caesar-augustus	0	131	Bethlehem	location	bethlehem
seo:person.summary	caesar-augustus	0	148	Jesus	person	jesus-of-nazareth
seo:person.summary	caiaphas	0	4	Jewish	topic	jews
seo:person.summary	caiaphas	0	30	Jesus	person	jesus-of-nazareth
seo:person.summary	caiaphas	0	124	Jerusalem	location	jerusalem
seo:person.summary	cain	0	21	Adam	person	adam
seo:person.summary	cain	0	30	Eve	person	eve
seo:person.summary	cain	0	117	Abel	person	abel
seo:person.summary	caleb	0	27	Joshua	person	joshua
seo:person.summary	charles-spurgeon	0	76	Tabernacle	topic	tabernacle
seo:person.summary	charles-wesley	0	11	John Wesley	person	john-wesley
seo:person.summary	charles-wesley	0	118	Angels	topic	angels
seo:person.summary	chloe	0	50	Paul	person	paul-of-tarsus
seo:person.summary	claudius-caesar	0	4	Roman	topic	romans
seo:person.summary	claudius-caesar	0	60	Judea	location	judea
seo:person.summary	claudius-caesar	0	118	Jews	topic	jews
seo:person.summary	claudius-caesar	0	137	Rome	location	rome
seo:person.summary	claudius-caesar	0	155	Paul	person	paul-of-tarsus
seo:person.summary	claudius-caesar	0	172	Aquila	person	aquila
seo:person.summary	claudius-caesar	0	183	Priscilla	person	priscilla
seo:person.summary	claudius-caesar	0	201	Corinth	location	corinth
seo:person.summary	cleopas	0	47	Emmaus	poi	emmaus
seo:person.summary	cleopas	0	68	the resurrection	timeline	bib-loc-resurrection
seo:person.summary	cleopas	0	111	Jesus	person	jesus-of-nazareth
seo:person.summary	constantine-the-great	0	10	Roman	topic	romans
seo:person.summary	constantine-the-great	0	125	the Council of Nicaea	timeline	bib-ac-council-of-nicaea
seo:person.summary	cornelius-the-centurion	0	9	Roman	topic	romans
seo:person.summary	cornelius-the-centurion	0	38	Caesarea	poi	caesarea-maritima
seo:person.summary	cornelius-the-centurion	0	73	Peter	person	simon-peter
seo:person.summary	cornelius-the-centurion	0	122	Gentile	topic	gentiles
seo:person.summary	crispus	0	29	synagogue	topic	synagogue
seo:person.summary	crispus	0	55	Jesus	person	jesus-of-nazareth
seo:person.summary	crispus	0	124	Paul	person	paul-of-tarsus
seo:person.summary	daniel	0	33	Babylon	location	babylon
seo:person.summary	daniel	0	82	Babylonian	topic	babylonians
seo:person.summary	daniel	0	97	Persian	topic	persians
seo:person.summary	daniel	0	196	the fiery furnace	timeline	bib-er-fiery-furnace
seo:person.summary	daniel	0	272	Jesus	person	jesus-of-nazareth
seo:person.summary	david	0	213	Jesus	person	jesus-of-nazareth
seo:person.summary	deborah	0	150	Canaanite	topic	canaanites
seo:person.summary	delilah	0	50	Philistine	topic	philistines
seo:person.summary	delilah	0	87	Samson	person	samson
seo:person.summary	demas	0	7	Paul	person	paul-of-tarsus
seo:person.summary	demas	0	126	Paul	person	paul-of-tarsus
seo:person.summary	dorcas-tabitha	0	14	Joppa	location	joppa
seo:person.summary	dorcas-tabitha	0	135	Peter	person	simon-peter
seo:person.summary	drusilla	0	2	Jewish	topic	jews
seo:person.summary	drusilla	0	40	Herod Agrippa I	person	herod-agrippa-i
seo:person.summary	drusilla	0	97	Roman	topic	romans
seo:person.summary	drusilla	0	112	Felix	person	antonius-felix
seo:person.summary	drusilla	0	139	Paul	person	paul-of-tarsus
seo:person.summary	drusilla	0	153	Felix	person	antonius-felix
seo:person.summary	eleazar-in-jesus-genealogy	0	25	Jesus	person	jesus-of-nazareth
seo:person.summary	eleazar-in-jesus-genealogy	0	112	Aaron	person	aaron
seo:person.summary	eliakim-son-of-abiud	0	9	Abiud	person	abiud
seo:person.summary	eliakim-son-of-abiud	0	52	Jesus	person	jesus-of-nazareth
seo:person.summary	eliakim-son-of-abiud	0	133	Hezekiah	person	hezekiah
seo:person.summary	eliakim-son-of-abiud	0	174	Josiah	person	josiah
seo:person.summary	elijah	0	60	Jezebel	person	jezebel
seo:person.summary	elijah	0	126	Mount Carmel	location	mount-carmel
seo:person.summary	elisha	0	0	Elijah	person	elijah
seo:person.summary	eliud	0	25	Jesus	person	jesus-of-nazareth
seo:person.summary	elizabeth-mother-of-john-baptist	0	39	John the Baptist	person	john-the-baptist
seo:person.summary	elizabeth-mother-of-john-baptist	0	141	Mary	person	mary-mother-of-jesus
seo:person.summary	epaphroditus	0	61	Paul	person	paul-of-tarsus
seo:person.summary	epaphroditus	0	125	Paul	person	paul-of-tarsus
seo:person.summary	erastus-of-corinth	0	19	Corinth	location	corinth
seo:person.summary	erastus-of-corinth	0	48	Paul	person	paul-of-tarsus
seo:person.summary	erastus-of-corinth	0	194	Corinth	location	corinth
seo:person.summary	esau	0	13	Isaac	person	isaac
seo:person.summary	esau	0	109	Jacob	person	jacob
seo:person.summary	esau	0	255	Edom	location	edom
seo:person.summary	esther	0	2	Jewish	topic	jews
seo:person.summary	esther	0	37	Mordecai	person	mordecai
seo:person.summary	esther	0	128	Jewish	topic	jews
seo:person.summary	esther	0	196	Jewish	topic	jews
seo:person.summary	ethiopian-eunuch	0	110	Philip the Evangelist	person	philip-the-evangelist
seo:person.summary	ethiopian-eunuch	0	138	Philip	person	philip-the-evangelist
seo:person.summary	ethiopian-eunuch	0	190	Isaiah	person	isaiah
seo:person.summary	eusebius-of-caesarea	0	10	Caesarea	poi	caesarea-maritima
seo:person.summary	eve	0	44	Adam	person	adam
seo:person.summary	ezekiel	0	44	Babylon	location	babylon
seo:person.summary	ezra	0	32	the Law of Moses	topic	torah
seo:person.summary	ezra	0	84	Jerusalem	location	jerusalem
seo:person.summary	ezra	0	99	Babylon	location	babylon
seo:person.summary	ezra	0	176	Nehemiah	person	nehemiah
seo:person.summary	ezra	0	230	Torah	topic	torah
seo:person.summary	gabriel-archangel	0	0	The angel	topic	angels
seo:person.summary	gabriel-archangel	0	24	Daniel	person	daniel
seo:person.summary	gabriel-archangel	0	55	Messiah	topic	the-christ
seo:person.summary	gabriel-archangel	0	125	John the Baptist	person	john-the-baptist
seo:person.summary	gabriel-archangel	0	146	Jesus	person	jesus-of-nazareth
seo:person.summary	gallio	0	4	Roman	topic	romans
seo:person.summary	gallio	0	32	Jews	topic	jews
seo:person.summary	gallio	0	40	Corinth	location	corinth
seo:person.summary	gallio	0	56	Paul	person	paul-of-tarsus
seo:person.summary	gallio	0	236	Paul	person	paul-of-tarsus
seo:person.summary	gamaliel	0	19	Pharisee	topic	topic-pharisees
seo:person.summary	gamaliel	0	118	Paul	person	paul-of-tarsus
seo:person.summary	george-whitefield	0	110	the First Great Awakening	timeline	first-great-awakening-c1740
seo:person.summary	god-the-father	0	20	the Trinity	topic	the-trinity
seo:person.summary	god-the-father	0	38	Jesus	person	jesus-of-nazareth
seo:person.summary	gregory-the-great	0	9	Roman	topic	romans
seo:person.summary	hagar	0	0	Sarah	person	sarah
seo:person.summary	hagar	0	8	Egyptian	topic	egyptians
seo:person.summary	hagar	0	35	Abraham	person	abraham
seo:person.summary	hagar	0	98	Sarah	person	sarah
seo:person.summary	henry-viii	0	96	Rome	location	rome
seo:person.summary	herod-agrippa-i	0	14	Herod the Great	person	herod-the-great
seo:person.summary	herod-agrippa-i	0	55	James	person	james-son-of-zebedee
seo:person.summary	herod-agrippa-i	0	73	Peter	person	simon-peter
seo:person.summary	herod-agrippa-i	0	128	Jewish	topic	jews
seo:person.summary	herod-agrippa-ii	0	52	Paul	person	paul-of-tarsus
seo:person.summary	herod-agrippa-ii	0	161	Paul	person	paul-of-tarsus
seo:person.summary	herod-antipas	0	9	Herod the Great	person	herod-the-great
seo:person.summary	herod-antipas	0	35	Galilee	location	galilee
seo:person.summary	herod-antipas	0	70	John the Baptist	person	john-the-baptist
seo:person.summary	herod-antipas	0	139	Jesus	person	jesus-of-nazareth
seo:person.summary	herod-archelaus	0	7	Herod the Great	person	herod-the-great
seo:person.summary	herod-archelaus	0	58	Judea	location	judea
seo:person.summary	herod-archelaus	0	96	Joseph	person	joseph-husband-of-mary
seo:person.summary	herod-archelaus	0	132	Mary	person	mary-mother-of-jesus
seo:person.summary	herod-archelaus	0	141	Jesus	person	jesus-of-nazareth
seo:person.summary	herod-archelaus	0	157	Nazareth	location	nazareth
seo:person.summary	herod-archelaus	0	169	Galilee	location	galilee
seo:person.summary	herod-the-great	0	22	Roman	topic	romans
seo:person.summary	herod-the-great	0	56	Judea	location	judea
seo:person.summary	herod-the-great	0	118	Jerusalem	location	jerusalem
seo:person.summary	herod-the-great	0	264	Bethlehem	location	bethlehem
seo:person.summary	hezekiah	0	145	Jerusalem	location	jerusalem
seo:person.summary	hezron-son-of-perez	0	74	Perez	person	perez
seo:person.summary	hezron-son-of-perez	0	100	David	person	david
seo:person.summary	hezron-son-of-perez	0	135	Jesus	person	jesus-of-nazareth
seo:person.summary	holy-spirit	0	173	Jesus	person	jesus-of-nazareth
seo:person.summary	hoshea-king-of-israel	0	116	Egypt	location	egypt
seo:person.summary	hoshea-king-of-israel	0	133	Samaria	location	samaria
seo:person.summary	ignatius-of-loyola	0	105	Jesus	person	jesus-of-nazareth
seo:person.summary	isaac	0	16	Abraham	person	abraham
seo:person.summary	isaac	0	28	Sarah	person	sarah
seo:person.summary	isaac	0	130	Mount Moriah	location	mount-moriah
seo:person.summary	isaac	0	173	Jacob	person	jacob
seo:person.summary	isaac	0	183	Esau	person	esau
seo:person.summary	isaiah	0	20	Jerusalem	location	jerusalem
seo:person.summary	isaiah	0	177	Jesus	person	jesus-of-nazareth
seo:person.summary	jacob	0	20	Isaac	person	isaac
seo:person.summary	jacob-father-of-joseph	0	14	Joseph	person	joseph-husband-of-mary
seo:person.summary	jacob-father-of-joseph	0	37	Mary	person	mary-mother-of-jesus
seo:person.summary	jacob-father-of-joseph	0	80	Jesus	person	jesus-of-nazareth
seo:person.summary	jacob-father-of-joseph	0	124	Jacob	person	jacob
seo:person.summary	jacob-father-of-joseph	0	147	Isaac	person	isaac
seo:person.summary	james-brother-of-jesus	0	23	Jesus	person	jesus-of-nazareth
seo:person.summary	james-brother-of-jesus	0	67	the resurrection	timeline	bib-loc-resurrection
seo:person.summary	james-brother-of-jesus	0	114	Jerusalem	location	jerusalem
seo:person.summary	james-son-of-zebedee	0	48	John	person	john-the-apostle
seo:person.summary	james-son-of-zebedee	0	69	Jesus	person	jesus-of-nazareth
seo:person.summary	jeconiah	0	74	Jerusalem	location	jerusalem
seo:person.summary	jeconiah	0	102	Babylon	location	babylon
seo:person.summary	jeconiah	0	117	Babylonian	topic	babylonians
seo:person.summary	jeremiah	0	134	Babylonian	topic	babylonians
seo:person.summary	jeremiah	0	177	Jerusalem	location	jerusalem
seo:person.summary	jeremiah	0	242	Babylonian Chronicles	topic	babylonian-chronicles
seo:person.summary	jesse	0	18	Bethlehem	location	bethlehem
seo:person.summary	jesse	0	80	David	person	david
seo:person.summary	jesse	0	139	Samuel	person	samuel
seo:person.summary	jesse	0	258	Isaiah	person	isaiah
seo:person.summary	joanna-follower-of-jesus	0	12	Herod Antipas	person	herod-antipas
seo:person.summary	joanna-follower-of-jesus	0	78	Jesus	person	jesus-of-nazareth
seo:person.summary	john-mark	0	23	Paul	person	paul-of-tarsus
seo:person.summary	john-mark	0	32	Barnabas	person	barnabas
seo:person.summary	john-mark	0	160	Paul	person	paul-of-tarsus
seo:person.summary	john-mark	0	231	Peter	person	simon-peter
seo:person.summary	john-of-the-cross	0	45	Teresa of Ávila	person	teresa-of-avila
seo:person.summary	john-the-apostle	0	32	Jesus	person	jesus-of-nazareth
seo:person.summary	john-the-baptist	0	66	Jesus	person	jesus-of-nazareth
seo:person.summary	john-the-baptist	0	184	Jesus	person	jesus-of-nazareth
seo:person.summary	jonah	0	84	Nineveh	location	nineveh
seo:person.summary	joram-king-of-judah	0	0	Jehoshaphat	person	jehoshaphat
seo:person.summary	joseph-husband-of-mary	0	27	David	person	david
seo:person.summary	joseph-husband-of-mary	0	45	Mary	person	mary-mother-of-jesus
seo:person.summary	joseph-husband-of-mary	0	90	an angel	topic	angels
seo:person.summary	joseph-husband-of-mary	0	184	Jesus	person	jesus-of-nazareth
seo:person.summary	joseph-of-arimathea	0	32	Jewish	topic	jews
seo:person.summary	joseph-of-arimathea	0	74	Jesus	person	jesus-of-nazareth
seo:person.summary	joseph-of-arimathea	0	112	the crucifixion	timeline	bib-loc-crucifixion
seo:person.summary	joseph-of-arimathea	0	138	Pilate	person	pontius-pilate
seo:person.summary	joseph-son-of-jacob	0	0	Jacob	person	jacob
seo:person.summary	joseph-son-of-jacob	0	86	Egyptian	topic	egyptians
seo:person.summary	joshua	0	0	Moses	person	moses
seo:person.summary	joshua	0	41	the Jordan	location	jordan-river
seo:person.summary	josiah	0	244	Egypt	location	egypt
seo:person.summary	josiah	0	253	Megiddo	poi	megiddo
seo:person.summary	jotham-king-of-judah	0	0	Uzziah	person	uzziah
seo:person.summary	jotham-king-of-judah	0	136	Ammonites	topic	moabites-and-ammonites
seo:person.summary	judah-son-of-jacob	0	0	Jacob	person	jacob
seo:person.summary	judah-son-of-jacob	0	75	Joseph	person	joseph-son-of-jacob
seo:person.summary	judah-son-of-jacob	0	256	Jesus	person	jesus-of-nazareth
seo:person.summary	judas-iscariot	0	7	Jesus	person	jesus-of-nazareth
seo:person.summary	judas-iscariot	0	140	Jesus	person	jesus-of-nazareth
seo:person.summary	junia	0	8	Paul	person	paul-of-tarsus
seo:person.summary	karl-barth	0	35	Romans	topic	romans
seo:person.summary	lazarus-of-bethany	0	15	Martha	person	martha-of-bethany
seo:person.summary	lazarus-of-bethany	0	26	Mary	person	mary-of-bethany
seo:person.summary	lazarus-of-bethany	0	176	Jesus	person	jesus-of-nazareth
seo:person.summary	leah	0	0	Jacob	person	jacob
seo:person.summary	leah	0	124	Rachel	person	rachel
seo:person.summary	leah	0	165	Jacob	person	jacob
seo:person.summary	luke-evangelist	0	2	Gentile	topic	gentiles
seo:person.summary	luke-evangelist	0	53	Paul	person	paul-of-tarsus
seo:person.summary	lydia-of-thyatira	0	21	Thyatira	location	thyatira
seo:person.summary	lydia-of-thyatira	0	90	Philippi	location	philippi
seo:person.summary	lydia-of-thyatira	0	147	Paul	person	paul-of-tarsus
seo:person.summary	lysanias	0	238	Luke	person	luke-evangelist
seo:person.summary	magi	0	105	Jerusalem	location	jerusalem
seo:person.summary	magi	0	124	Bethlehem	location	bethlehem
seo:person.summary	magi	0	172	the Jews	topic	jews
seo:person.summary	magi	0	297	Bethlehem	location	bethlehem
seo:person.summary	magi	0	487	Greek	topic	greeks
seo:person.summary	magi	0	497	Roman	topic	romans
seo:person.summary	malchus	0	36	Peter	person	simon-peter
seo:person.summary	malchus	0	57	Jesus	person	jesus-of-nazareth
seo:person.summary	malchus	0	79	Jesus	person	jesus-of-nazareth
seo:person.summary	mark-antony	0	68	Roman	topic	romans
seo:person.summary	mark-antony	0	103	Roman	topic	romans
seo:person.summary	mark-antony	0	123	Herod the Great	person	herod-the-great
seo:person.summary	mark-antony	0	152	Judea	location	judea
seo:person.summary	mark-antony	0	199	Octavian	person	caesar-augustus
seo:person.summary	martha-of-bethany	0	35	Bethany	location	bethany
seo:person.summary	mary-magdalene	0	22	Jesus	person	jesus-of-nazareth
seo:person.summary	mary-magdalene	0	149	Jesus	person	jesus-of-nazareth
seo:person.summary	mary-mother-of-james-the-less	0	30	Jesus	person	jesus-of-nazareth
seo:person.summary	mary-mother-of-james-the-less	0	41	Galilee	location	galilee
seo:person.summary	mary-mother-of-james-the-less	0	58	the crucifixion	timeline	bib-loc-crucifixion
seo:person.summary	mary-mother-of-jesus	0	8	Jewish	topic	jews
seo:person.summary	mary-mother-of-jesus	0	26	Nazareth	location	nazareth
seo:person.summary	mary-mother-of-jesus	0	91	Jesus	person	jesus-of-nazareth
seo:person.summary	mary-of-bethany	0	14	Jesus	person	jesus-of-nazareth
seo:person.summary	mary-of-bethany	0	29	Bethany	location	bethany
seo:person.summary	mary-of-bethany	0	50	Martha	person	martha-of-bethany
seo:person.summary	mary-of-bethany	0	61	Lazarus	person	lazarus-of-bethany
seo:person.summary	mary-of-bethany	0	96	Jesus	person	jesus-of-nazareth
seo:person.summary	matthan	0	25	Jesus	person	jesus-of-nazareth
seo:person.summary	matthan	0	82	Jacob	person	jacob-father-of-joseph
seo:person.summary	matthan	0	89	Joseph	person	joseph-husband-of-mary
seo:person.summary	matthan	0	202	Luke	person	luke-evangelist
seo:person.summary	matthew-levi	0	2	Jewish	topic	jews
seo:person.summary	matthew-levi	0	35	Rome	location	rome
seo:person.summary	matthew-levi	0	43	Capernaum	location	capernaum
seo:person.summary	matthew-levi	0	111	Jesus	person	jesus-of-nazareth
seo:person.summary	melchizedek	0	37	Abram	person	abraham
seo:person.summary	michael-archangel	0	9	angel	topic	angels
seo:person.summary	michael-archangel	0	101	Daniel	person	daniel
seo:person.summary	michael-archangel	0	150	Satan	person	satan
seo:person.summary	miriam	0	20	Moses	person	moses
seo:person.summary	miriam	0	30	Aaron	person	aaron
seo:person.summary	miriam	0	118	Red Sea	location	red-sea
seo:person.summary	miriam	0	165	Moses	person	moses
seo:person.summary	mordecai	0	2	Jewish	topic	jews
seo:person.summary	mordecai	0	25	Susa	location	susa
seo:person.summary	mordecai	0	61	Esther	person	esther
seo:person.summary	moses	0	81	Egypt	location	egypt
seo:person.summary	moses	0	97	Israelites	topic	israelites
seo:person.summary	moses	0	135	Red Sea	location	red-sea
seo:person.summary	moses	0	276	Torah	topic	torah
seo:person.summary	moses	0	293	Jesus	person	jesus-of-nazareth
seo:person.summary	nahshon	0	158	tabernacle	topic	tabernacle
seo:person.summary	nahshon	0	189	David	person	david
seo:person.summary	nahshon	0	216	Jesus	person	jesus-of-nazareth
seo:person.summary	naomi	0	57	Moab	location	moab
seo:person.summary	naomi	0	75	Bethlehem	location	bethlehem
seo:person.summary	naomi	0	114	Moabite	topic	moabites-and-ammonites
seo:person.summary	naomi	0	138	Ruth	person	ruth
seo:person.summary	naomi	0	157	Boaz	person	boaz
seo:person.summary	nathan-the-prophet	0	13	David	person	david
seo:person.summary	nathan-the-prophet	0	53	the Davidic covenant	timeline	bib-um-davidic-covenant
seo:person.summary	nathan-the-prophet	0	94	David	person	david
seo:person.summary	nathan-the-prophet	0	109	Bathsheba	person	bathsheba
seo:person.summary	nathan-the-prophet	0	172	Solomon	person	solomon
seo:person.summary	nehemiah	0	2	Jewish	topic	jews
seo:person.summary	nehemiah	0	43	Persian	topic	persians
seo:person.summary	nehemiah	0	100	Jerusalem	location	jerusalem
seo:person.summary	nero-caesar	0	20	Paul	person	paul-of-tarsus
seo:person.summary	nero-caesar	0	48	Roman	topic	romans
seo:person.summary	nero-caesar	0	124	Paul	person	paul-of-tarsus
seo:person.summary	nero-caesar	0	133	Peter	person	simon-peter
seo:person.summary	nero-caesar	0	156	Rome	location	rome
seo:person.summary	nicodemus	0	12	Pharisee	topic	topic-pharisees
seo:person.summary	nicodemus	0	39	Jewish	topic	jews
seo:person.summary	nicodemus	0	73	Jesus	person	jesus-of-nazareth
seo:person.summary	nicodemus	0	174	Jesus	person	jesus-of-nazareth
seo:person.summary	noah	0	246	Epic of Gilgamesh	topic	epic-of-gilgamesh
seo:person.summary	obed	0	16	Boaz	person	boaz
seo:person.summary	obed	0	29	Moabite	topic	moabites-and-ammonites
seo:person.summary	obed	0	43	Ruth	person	ruth
seo:person.summary	obed	0	76	Bethlehem	location	bethlehem
seo:person.summary	obed	0	103	Naomi	person	naomi
seo:person.summary	obed	0	154	David	person	david
seo:person.summary	obed	0	179	Jesus	person	jesus-of-nazareth
seo:person.summary	onesimus	0	40	Philemon	person	philemon
seo:person.summary	onesimus	0	54	Paul	person	paul-of-tarsus
seo:person.summary	onesimus	0	136	Paul	person	paul-of-tarsus
seo:person.summary	paul-of-tarsus	0	10	Pharisee	topic	topic-pharisees
seo:person.summary	paul-of-tarsus	0	92	Damascus	location	damascus
seo:person.summary	perez	0	121	Zerah	person	zerah-son-of-judah
seo:person.summary	perez	0	193	David	person	david
seo:person.summary	perez	0	231	Jesus	person	jesus-of-nazareth
seo:person.summary	pharisees	0	90	Torah	topic	torah
seo:person.summary	pharisees	0	159	Pharisees	topic	topic-pharisees
seo:person.summary	pharisees	0	216	Jesus	person	jesus-of-nazareth
seo:person.summary	pharisees	0	293	the resurrection	timeline	bib-loc-resurrection
seo:person.summary	pharisees	0	323	angels	topic	angels
seo:person.summary	pharisees	0	365	Sadducees	topic	topic-sadducees
seo:person.summary	pharisees	0	394	the Temple	topic	the-temple
seo:person.summary	pharisees	0	446	Jewish	topic	jews
seo:person.summary	philemon	0	23	Colossae	location	colossae
seo:person.summary	philemon	0	85	Onesimus	person	onesimus
seo:person.summary	philemon	0	100	Paul	person	paul-of-tarsus
seo:person.summary	philip-the-apostle	0	24	Bethsaida	poi	bethsaida
seo:person.summary	philip-the-apostle	0	46	Nathanael	person	bartholomew-nathanael
seo:person.summary	philip-the-apostle	0	59	Jesus	person	jesus-of-nazareth
seo:person.summary	philip-the-apostle	0	143	Jesus	person	jesus-of-nazareth
seo:person.summary	philip-the-evangelist	0	37	the early Jerusalem church	timeline	bib-ac-jerusalem-church-community
seo:person.summary	philip-the-evangelist	0	106	Samaria	location	samaria
seo:person.summary	philip-the-evangelist	0	212	Gaza	location	gaza
seo:person.summary	philip-the-evangelist	0	233	Philip the Apostle	person	philip-the-apostle
seo:person.summary	philip-the-tetrarch	0	9	Herod the Great	person	herod-the-great
seo:person.summary	philip-the-tetrarch	0	64	Galilee	location	galilee
seo:person.summary	philip-the-tetrarch	0	94	Luke	person	luke-evangelist
seo:person.summary	philip-the-tetrarch	0	143	John the Baptist	person	john-the-baptist
seo:person.summary	phoebe	0	8	Paul	person	paul-of-tarsus
seo:person.summary	phoebe	0	45	Cenchreae	location	cenchreae
seo:person.summary	phoebe	0	87	Paul	person	paul-of-tarsus
seo:person.summary	phoebe	0	135	the Romans	topic	romans
seo:person.summary	photius	0	102	Rome	location	rome
seo:person.summary	pontius-pilate	0	4	Roman	topic	romans
seo:person.summary	pontius-pilate	0	22	Judea	location	judea
seo:person.summary	pontius-pilate	0	46	Jesus	person	jesus-of-nazareth
seo:person.summary	pope-john-xxiii	0	105	Second Vatican Council	timeline	vatican-ii-1962
seo:person.summary	porcius-festus	0	4	Roman	topic	romans
seo:person.summary	porcius-festus	0	33	Felix	person	antonius-felix
seo:person.summary	porcius-festus	0	78	Paul	person	paul-of-tarsus
seo:person.summary	porcius-festus	0	96	Paul	person	paul-of-tarsus
seo:person.summary	porcius-festus	0	113	Caesar	person	nero-caesar
seo:person.summary	porcius-festus	0	125	Roman	topic	romans
seo:person.summary	porcius-festus	0	167	Paul	person	paul-of-tarsus
seo:person.summary	porcius-festus	0	185	Rome	location	rome
seo:person.summary	priscilla	0	55	Aquila	person	aquila
seo:person.summary	priscilla	0	109	Paul	person	paul-of-tarsus
seo:person.summary	priscilla	0	178	Apollos	person	apollos
seo:person.summary	publius-of-malta	0	24	Malta	location	malta
seo:person.summary	publius-of-malta	0	68	Paul	person	paul-of-tarsus
seo:person.summary	publius-of-malta	0	111	Paul	person	paul-of-tarsus
seo:person.summary	quirinius	0	4	Roman	topic	romans
seo:person.summary	quirinius	0	37	Luke	person	luke-evangelist
seo:person.summary	quirinius	0	79	Joseph	person	joseph-husband-of-mary
seo:person.summary	quirinius	0	90	Mary	person	mary-mother-of-jesus
seo:person.summary	quirinius	0	98	Bethlehem	location	bethlehem
seo:person.summary	rachel	0	0	Jacob	person	jacob
seo:person.summary	rachel	0	91	Leah	person	leah
seo:person.summary	rachel	0	200	Jeremiah	person	jeremiah
seo:person.summary	rahab	0	2	Canaanite	topic	canaanites
seo:person.summary	rahab	0	21	Jericho	poi	jericho
seo:person.summary	rahab	0	135	Jewish	topic	jews
seo:person.summary	rahab	0	247	David	person	david
seo:person.summary	rahab	0	257	Jesus	person	jesus-of-nazareth
seo:person.summary	ram-son-of-hezron	0	9	Hezron	person	hezron-son-of-perez
seo:person.summary	ram-son-of-hezron	0	30	Amminadab	person	amminadab
seo:person.summary	ram-son-of-hezron	0	96	Perez	person	perez
seo:person.summary	ram-son-of-hezron	0	105	David	person	david
seo:person.summary	ram-son-of-hezron	0	140	Jesus	person	jesus-of-nazareth
seo:person.summary	rebekah	0	52	Isaac	person	isaac
seo:person.summary	rebekah	0	106	Jacob	person	jacob
seo:person.summary	rebekah	0	210	Esau	person	esau
seo:person.summary	rehoboam	0	0	Solomon	person	solomon
seo:person.summary	rhoda	0	38	Peter	person	simon-peter
seo:person.summary	ruth	0	2	Moabite	topic	moabites-and-ammonites
seo:person.summary	ruth	0	100	Naomi	person	naomi
seo:person.summary	ruth	0	186	Boaz	person	boaz
seo:person.summary	ruth	0	236	David	person	david
seo:person.summary	ruth	0	275	Jesus	person	jesus-of-nazareth
seo:person.summary	sadducees	0	93	Judea	location	judea
seo:person.summary	sadducees	0	104	Sadducees	topic	topic-sadducees
seo:person.summary	sadducees	0	157	the Temple	topic	the-temple
seo:person.summary	sadducees	0	185	Jesus	person	jesus-of-nazareth
seo:person.summary	sadducees	0	229	Torah	topic	torah
seo:person.summary	sadducees	0	267	Pharisees	topic	topic-pharisees
seo:person.summary	sadducees	0	319	the resurrection	timeline	bib-loc-resurrection
seo:person.summary	sadducees	0	369	angels	topic	angels
seo:person.summary	sadducees	0	475	the Temple	topic	the-temple
seo:person.summary	sadducees	0	541	Rome	location	rome
seo:person.summary	salmon-father-of-boaz	0	14	Boaz	person	boaz
seo:person.summary	salmon-father-of-boaz	0	57	David	person	david
seo:person.summary	salmon-father-of-boaz	0	104	Rahab	person	rahab
seo:person.summary	salmon-father-of-boaz	0	159	Rahab	person	rahab
seo:person.summary	salmon-father-of-boaz	0	197	Jericho	poi	jericho
seo:person.summary	salome-follower-of-jesus	0	56	Jesus	person	jesus-of-nazareth
seo:person.summary	salome-follower-of-jesus	0	85	the crucifixion	timeline	bib-loc-crucifixion
seo:person.summary	salome-follower-of-jesus	0	179	James	person	james-son-of-zebedee
seo:person.summary	salome-follower-of-jesus	0	189	John	person	john-the-apostle
seo:person.summary	samson	0	82	Philistines	topic	philistines
seo:person.summary	samson	0	134	Delilah	person	delilah
seo:person.summary	samson	0	223	Philistines	topic	philistines
seo:person.summary	samuel	0	124	Saul	person	saul-king-of-israel
seo:person.summary	samuel	0	133	David	person	david
seo:person.summary	sarah	0	0	Abraham	person	abraham
seo:person.summary	sarah	0	124	Isaac	person	isaac
seo:person.summary	saul-king-of-israel	0	51	Samuel	person	samuel
seo:person.summary	saul-king-of-israel	0	189	Mount Gilboa	location	mount-gilboa
seo:person.summary	sergius-paulus	0	4	Roman	topic	romans
seo:person.summary	sergius-paulus	0	23	Cyprus	location	cyprus
seo:person.summary	sergius-paulus	0	58	Paul	person	paul-of-tarsus
seo:person.summary	shealtiel	0	25	Jeconiah	person	jeconiah
seo:person.summary	shealtiel	0	35	Jehoiachin	person	jeconiah
seo:person.summary	shealtiel	0	91	Zerubbabel	person	zerubbabel
seo:person.summary	shealtiel	0	140	Babylon	location	babylon
seo:person.summary	silas	0	24	Jerusalem	location	jerusalem
seo:person.summary	silas	0	58	Paul	person	paul-of-tarsus
seo:person.summary	silas	0	91	Paul	person	paul-of-tarsus
seo:person.summary	silas	0	109	Barnabas	person	barnabas
seo:person.summary	silas	0	151	Paul	person	paul-of-tarsus
seo:person.summary	silas	0	159	Philippi	location	philippi
seo:person.summary	silas	0	196	Paul	person	paul-of-tarsus
seo:person.summary	simeon-at-the-temple	0	77	Messiah	topic	the-christ
seo:person.summary	simeon-at-the-temple	0	113	Jesus	person	jesus-of-nazareth
seo:person.summary	simeon-at-the-temple	0	122	the temple	topic	the-temple
seo:person.summary	simon-magus	0	14	Samaria	location	samaria
seo:person.summary	simon-magus	0	89	Philip	person	philip-the-evangelist
seo:person.summary	simon-magus	0	157	the Holy Spirit	person	holy-spirit
seo:person.summary	simon-of-cyrene	0	55	Roman	topic	romans
seo:person.summary	simon-of-cyrene	0	90	Jesus	person	jesus-of-nazareth
seo:person.summary	simon-of-cyrene	0	107	Golgotha	poi	golgotha
seo:person.summary	simon-peter	0	54	Jesus	person	jesus-of-nazareth
seo:person.summary	simon-peter	0	89	Jesus	person	jesus-of-nazareth
seo:person.summary	simon-peter	0	140	Jerusalem	location	jerusalem
seo:person.summary	simon-the-leper	0	14	Bethany	location	bethany
seo:person.summary	simon-the-leper	0	37	Simon Peter	person	simon-peter
seo:person.summary	simon-the-leper	0	53	Simon the Pharisee	person	simon-the-pharisee
seo:person.summary	simon-the-leper	0	104	Jesus	person	jesus-of-nazareth
seo:person.summary	simon-the-pharisee	0	2	Pharisee	topic	topic-pharisees
seo:person.summary	simon-the-pharisee	0	23	Jesus	person	jesus-of-nazareth
seo:person.summary	simon-the-pharisee	0	119	Jesus	person	jesus-of-nazareth
seo:person.summary	solomon	0	0	David	person	david
seo:person.summary	solomon	0	93	Jerusalem	location	jerusalem
seo:person.summary	sosthenes	0	25	synagogue	topic	synagogue
seo:person.summary	sosthenes	0	79	Roman	topic	romans
seo:person.summary	sosthenes	0	95	Gallio	person	gallio
seo:person.summary	sosthenes	0	159	Paul	person	paul-of-tarsus
seo:person.summary	stephen-the-martyr	0	33	the early Jerusalem church	timeline	bib-ac-jerusalem-church-community
seo:person.summary	stephen-the-martyr	0	170	Saul of Tarsus	person	paul-of-tarsus
seo:person.summary	tamar-daughter-in-law-of-judah	0	2	Canaanite	topic	canaanites
seo:person.summary	tamar-daughter-in-law-of-judah	0	253	Jesus	person	jesus-of-nazareth
seo:person.summary	tamar-daughter-in-law-of-judah	0	289	David	person	david
seo:person.summary	thaddaeus	0	106	Jesus	person	jesus-of-nazareth
seo:person.summary	theophilus	0	53	Luke	person	luke-evangelist
seo:person.summary	thomas-apostle	0	56	the resurrection	timeline	bib-loc-resurrection
seo:person.summary	thomas-apostle	0	94	Jesus	person	jesus-of-nazareth
seo:person.summary	thomas-cranmer	0	31	Henry VIII	person	henry-viii
seo:person.summary	tiberius-caesar	0	11	Roman	topic	romans
seo:person.summary	tiberius-caesar	0	54	Luke	person	luke-evangelist
seo:person.summary	tiberius-caesar	0	89	John the Baptist	person	john-the-baptist
seo:person.summary	tiberius-caesar	0	141	Jesus	person	jesus-of-nazareth
seo:person.summary	tiberius-caesar	0	167	Pontius Pilate	person	pontius-pilate
seo:person.summary	timothy	0	22	Lystra	location	lystra
seo:person.summary	timothy	0	36	Jewish	topic	jews
seo:person.summary	timothy	0	54	Greek	topic	greeks
seo:person.summary	timothy	0	78	Paul	person	paul-of-tarsus
seo:person.summary	timothy	0	191	Paul	person	paul-of-tarsus
seo:person.summary	titus	0	2	Gentile	topic	gentiles
seo:person.summary	titus	0	23	Paul	person	paul-of-tarsus
seo:person.summary	titus	0	67	Jewish	topic	jews
seo:person.summary	titus	0	188	Crete	location	crete
seo:person.summary	uriah-the-hittite	0	19	David	person	david
seo:person.summary	uriah-the-hittite	0	50	Bathsheba	person	bathsheba
seo:person.summary	uriah-the-hittite	0	73	David	person	david
seo:person.summary	uriah-the-hittite	0	180	David	person	david
seo:person.summary	uzziah	0	197	the temple	topic	the-temple
seo:person.summary	william-seymour	0	54	Azusa Street Revival	timeline	azusa-street-revival-1906
seo:person.summary	william-wilberforce	0	115	abolition of the British slave trade	timeline	abolition-slave-trade-1807
seo:person.summary	zacchaeus	0	81	Jesus	person	jesus-of-nazareth
seo:person.summary	zacchaeus	0	121	Jesus	person	jesus-of-nazareth
seo:person.summary	zadok-in-jesus-genealogy	0	25	Jesus	person	jesus-of-nazareth
seo:person.summary	zadok-in-jesus-genealogy	0	158	David	person	david
seo:person.summary	zadok-in-jesus-genealogy	0	177	Solomon	person	solomon
seo:person.summary	zechariah-father-of-john-baptist	0	2	Jerusalem	location	jerusalem
seo:person.summary	zechariah-father-of-john-baptist	0	51	an angel	topic	angels
seo:person.summary	zechariah-father-of-john-baptist	0	119	John	person	john-the-baptist
seo:person.summary	zerah-son-of-judah	0	134	Perez	person	perez
seo:person.summary	zerubbabel	0	16	David	person	david
seo:person.summary	zerubbabel	0	48	Jewish	topic	jews
seo:person.summary	zerubbabel	0	72	Babylon	location	babylon
seo:person.summary	zerubbabel	0	114	Jerusalem	location	jerusalem
seo:timelineEvent.summary	abolition-slave-trade-1807	0	106	William Wilberforce	person	william-wilberforce
seo:timelineEvent.summary	aquinas-summa-theologica-c1265	0	20	Thomas Aquinas	person	thomas-aquinas
seo:timelineEvent.summary	augustine-confessions-397	0	7	Augustine of Hippo	person	augustine-of-hippo
seo:timelineEvent.summary	avignon-papacy-and-western-schism-1309-1417	0	48	Rome	location	rome
seo:timelineEvent.summary	avignon-papacy-and-western-schism-1309-1417	0	108	Rome	location	rome
seo:timelineEvent.summary	azusa-street-revival-1906	0	80	William J. Seymour	person	william-seymour
seo:timelineEvent.summary	benedict-rule-c529	0	0	Benedict of Nursia	person	benedict-of-nursia
seo:timelineEvent.summary	bib-ac-antioch-church-founded	0	43	Antioch	location	antioch-syria
seo:timelineEvent.summary	bib-ac-antioch-church-founded	0	100	Barnabas	person	barnabas
seo:timelineEvent.summary	bib-ac-antioch-church-founded	0	113	Saul	person	paul-of-tarsus
seo:timelineEvent.summary	bib-ac-council-of-nicaea	0	106	Arius	person	arius
seo:timelineEvent.summary	bib-ac-domitian-persecution	0	99	Asia Minor	location	asia-province
seo:timelineEvent.summary	bib-ac-fall-of-jerusalem	0	0	Roman	topic	romans
seo:timelineEvent.summary	bib-ac-fall-of-jerusalem	0	21	Jerusalem	location	jerusalem
seo:timelineEvent.summary	bib-ac-fall-of-jerusalem	0	65	Jesus	person	jesus-of-nazareth
seo:timelineEvent.summary	bib-ac-gallio-inscription	0	0	Paul	person	paul-of-tarsus
seo:timelineEvent.summary	bib-ac-gallio-inscription	0	26	Roman	topic	romans
seo:timelineEvent.summary	bib-ac-gallio-inscription	0	42	Gallio	person	gallio
seo:timelineEvent.summary	bib-ac-gallio-inscription	0	52	Corinth	location	corinth
seo:timelineEvent.summary	bib-ac-herod-agrippa-death	0	5	Herod Agrippa I	person	herod-agrippa-i
seo:timelineEvent.summary	bib-ac-herod-agrippa-death	0	40	Jerusalem	location	jerusalem
seo:timelineEvent.summary	bib-ac-jerusalem-church-community	0	26	Jerusalem	location	jerusalem
seo:timelineEvent.summary	bib-ac-jerusalem-church-community	0	130	Ananias and Sapphira	person	ananias-and-sapphira
seo:timelineEvent.summary	bib-ac-jerusalem-council	0	17	elders	topic	jewish-elders
seo:timelineEvent.summary	bib-ac-jerusalem-council	0	43	Gentile	topic	gentiles
seo:timelineEvent.summary	bib-ac-john-exile-revelation	0	24	Patmos	location	patmos
seo:timelineEvent.summary	bib-ac-john-exile-revelation	0	44	John	person	john-the-apostle
seo:timelineEvent.summary	bib-ac-nero-fire-persecution	0	0	Nero	person	nero-caesar
seo:timelineEvent.summary	bib-ac-nero-fire-persecution	0	27	Rome	location	rome
seo:timelineEvent.summary	bib-ac-paul-arrest-jerusalem	0	47	Paul	person	paul-of-tarsus
seo:timelineEvent.summary	bib-ac-paul-caesarea-imprisonment	0	0	Paul	person	paul-of-tarsus
seo:timelineEvent.summary	bib-ac-paul-caesarea-imprisonment	0	25	Roman	topic	romans
seo:timelineEvent.summary	bib-ac-paul-caesarea-imprisonment	0	42	Caesarea	poi	caesarea-maritima
seo:timelineEvent.summary	bib-ac-paul-caesarea-imprisonment	0	75	Felix	person	antonius-felix
seo:timelineEvent.summary	bib-ac-paul-caesarea-imprisonment	0	82	Festus	person	porcius-festus
seo:timelineEvent.summary	bib-ac-paul-caesarea-imprisonment	0	94	King Agrippa	person	herod-agrippa-ii
seo:timelineEvent.summary	bib-ac-paul-caesarea-imprisonment	0	126	Caesar	person	nero-caesar
seo:timelineEvent.summary	bib-ac-paul-conversion	0	79	Damascus	location	damascus
seo:timelineEvent.summary	bib-ac-paul-first-journey	0	0	Paul	person	paul-of-tarsus
seo:timelineEvent.summary	bib-ac-paul-first-journey	0	9	Barnabas	person	barnabas
seo:timelineEvent.summary	bib-ac-paul-first-journey	0	43	Cyprus	location	cyprus
seo:timelineEvent.summary	bib-ac-paul-first-journey	0	68	Galatia	location	galatia
seo:timelineEvent.summary	bib-ac-paul-first-journey	0	104	Gentile	topic	gentiles
seo:timelineEvent.summary	bib-ac-paul-first-roman-imprisonment	0	22	Rome	location	rome
seo:timelineEvent.summary	bib-ac-paul-first-roman-imprisonment	0	28	Paul	person	paul-of-tarsus
seo:timelineEvent.summary	bib-ac-paul-first-roman-imprisonment	0	115	Caesar	person	nero-caesar
seo:timelineEvent.summary	bib-ac-paul-martyrdom	0	0	The apostle to the Gentiles	person	paul-of-tarsus
seo:timelineEvent.summary	bib-ac-paul-martyrdom	0	43	Rome	location	rome
seo:timelineEvent.summary	bib-ac-paul-martyrdom	0	62	Nero	person	nero-caesar
seo:timelineEvent.summary	bib-ac-paul-ministry	0	9	Damascus	location	damascus
seo:timelineEvent.summary	bib-ac-paul-ministry	0	28	Roman	topic	romans
seo:timelineEvent.summary	bib-ac-paul-ministry	0	51	Paul	person	paul-of-tarsus
seo:timelineEvent.summary	bib-ac-paul-ministry	0	106	Antioch	location	antioch-syria
seo:timelineEvent.summary	bib-ac-paul-ministry	0	117	Corinth	location	corinth
seo:timelineEvent.summary	bib-ac-paul-ministry	0	262	Caesar	person	nero-caesar
seo:timelineEvent.summary	bib-ac-paul-second-journey	0	0	Paul	person	paul-of-tarsus
seo:timelineEvent.summary	bib-ac-paul-second-journey	0	6	Silas	person	silas
seo:timelineEvent.summary	bib-ac-paul-second-journey	0	17	Timothy	person	timothy
seo:timelineEvent.summary	bib-ac-paul-second-journey	0	95	Philippi	location	philippi
seo:timelineEvent.summary	bib-ac-paul-second-journey	0	105	Thessalonica	location	thessalonica
seo:timelineEvent.summary	bib-ac-paul-second-journey	0	123	Corinth	location	corinth
seo:timelineEvent.summary	bib-ac-paul-third-journey	0	40	Ephesus	location	ephesus
seo:timelineEvent.summary	bib-ac-paul-third-journey	0	56	Paul	person	paul-of-tarsus
seo:timelineEvent.summary	bib-ac-paul-third-journey	0	117	Jerusalem	location	jerusalem
seo:timelineEvent.summary	bib-ac-paul-voyage-rome	0	34	Malta	location	malta
seo:timelineEvent.summary	bib-ac-paul-voyage-rome	0	52	Paul	person	paul-of-tarsus
seo:timelineEvent.summary	bib-ac-paul-voyage-rome	0	71	Rome	location	rome
seo:timelineEvent.summary	bib-ac-pentecost	0	0	The Holy Spirit	person	holy-spirit
seo:timelineEvent.summary	bib-ac-pentecost	0	51	Jerusalem	location	jerusalem
seo:timelineEvent.summary	bib-ac-pentecost	0	62	Peter	person	simon-peter
seo:timelineEvent.summary	bib-ac-peter-cornelius	0	12	Peter	person	simon-peter
seo:timelineEvent.summary	bib-ac-peter-cornelius	0	44	Roman	topic	romans
seo:timelineEvent.summary	bib-ac-peter-cornelius	0	86	Gentile	topic	gentiles
seo:timelineEvent.summary	bib-ac-peter-martyrdom	0	0	Peter	person	simon-peter
seo:timelineEvent.summary	bib-ac-peter-martyrdom	0	22	Rome	location	rome
seo:timelineEvent.summary	bib-ac-peter-martyrdom	0	86	Jesus	person	jesus-of-nazareth
seo:timelineEvent.summary	bib-ac-philip-ethiopian-eunuch	0	0	Philip	person	philip-the-evangelist
seo:timelineEvent.summary	bib-ac-philip-ethiopian-eunuch	0	16	Isaiah	person	isaiah
seo:timelineEvent.summary	bib-cj-abimelech	0	0	Gideon	person	gideon
seo:timelineEvent.summary	bib-cj-abimelech	0	70	Shechem	poi	shechem
seo:timelineEvent.summary	bib-cj-achan-ai	0	39	Ai	location	ai
seo:timelineEvent.summary	bib-cj-achan-ai	0	49	Joshua	person	joshua
seo:timelineEvent.summary	bib-cj-battle-of-gibeon	0	27	Gibeon	location	gibeon
seo:timelineEvent.summary	bib-cj-battle-of-gibeon	0	63	Joshua	person	joshua
seo:timelineEvent.summary	bib-cj-benjamite-war	0	15	Gibeah	location	gibeah
seo:timelineEvent.summary	bib-cj-caleb-hebron	0	16	Caleb	person	caleb
seo:timelineEvent.summary	bib-cj-caleb-hebron	0	49	Hebron	poi	hebron
seo:timelineEvent.summary	bib-cj-caleb-hebron	0	151	Kadesh Barnea	location	kadesh-barnea
seo:timelineEvent.summary	bib-cj-death-of-joshua	0	0	Joshua	person	joshua
seo:timelineEvent.summary	bib-cj-deborah-barak-sisera	0	15	Deborah	person	deborah
seo:timelineEvent.summary	bib-cj-division-of-the-land	0	9	tabernacle	topic	tabernacle
seo:timelineEvent.summary	bib-cj-division-of-the-land	0	35	Shiloh	poi	shiloh
seo:timelineEvent.summary	bib-cj-division-of-the-land	0	83	casting lots	topic	casting-lots
seo:timelineEvent.summary	bib-cj-ehud-eglon	0	87	Moab	location	moab
seo:timelineEvent.summary	bib-cj-fall-of-jericho	0	0	Jericho	poi	jericho
seo:timelineEvent.summary	bib-cj-jephthah	0	43	elders	topic	jewish-elders
seo:timelineEvent.summary	bib-cj-jephthah	0	66	Ammon	location	ammon
seo:timelineEvent.summary	bib-cj-jephthah	0	157	the Jordan	location	jordan-river
seo:timelineEvent.summary	bib-cj-jordan-crossing	0	0	The Jordan	location	jordan-river
seo:timelineEvent.summary	bib-cj-jordan-crossing	0	101	Red Sea	location	red-sea
seo:timelineEvent.summary	bib-cj-jordan-crossing	0	133	Joshua	person	joshua
seo:timelineEvent.summary	bib-cj-jordan-crossing	0	143	Moses	person	moses
seo:timelineEvent.summary	bib-cj-northern-campaign-hazor	0	153	Joshua	person	joshua
seo:timelineEvent.summary	bib-cj-othniel	0	9	Caleb	person	caleb
seo:timelineEvent.summary	bib-cj-ruth	0	2	Moabite	topic	moabites-and-ammonites
seo:timelineEvent.summary	bib-cj-ruth	0	90	Bethlehem	location	bethlehem
seo:timelineEvent.summary	bib-cj-ruth	0	164	David	person	david
seo:timelineEvent.summary	bib-cj-samson	0	23	Samson	person	samson
seo:timelineEvent.summary	bib-cj-samson	0	142	Philistine	topic	philistines
seo:timelineEvent.summary	bib-cj-shechem-covenant-renewal	0	9	Joshua	person	joshua
seo:timelineEvent.summary	bib-cj-shechem-covenant-renewal	0	38	Shechem	poi	shechem
seo:timelineEvent.summary	bib-cj-shechem-covenant-renewal	0	80	Abraham	person	abraham
seo:timelineEvent.summary	bib-cj-southern-campaign	0	25	Gibeon	location	gibeon
seo:timelineEvent.summary	bib-cj-southern-campaign	0	33	Joshua	person	joshua
seo:timelineEvent.summary	bib-dki-ahab-death-ramoth-gilead	0	49	Jehoshaphat	person	jehoshaphat
seo:timelineEvent.summary	bib-dki-ahab-death-ramoth-gilead	0	139	Elijah	person	elijah
seo:timelineEvent.summary	bib-dki-ahab-jezebel-baal	0	48	Jezebel	person	jezebel
seo:timelineEvent.summary	bib-dki-ahab-jezebel-baal	0	86	Samaria	location	samaria
seo:timelineEvent.summary	bib-dki-elijah-ascension	0	19	Elijah	person	elijah
seo:timelineEvent.summary	bib-dki-elijah-ascension	0	108	Elisha	person	elisha
seo:timelineEvent.summary	bib-dki-elijah-drought	0	0	Elijah	person	elijah
seo:timelineEvent.summary	bib-dki-elijah-drought	0	110	Canaanite	topic	canaanites
seo:timelineEvent.summary	bib-dki-elijah-mount-carmel	0	3	Mount Carmel	location	mount-carmel
seo:timelineEvent.summary	bib-dki-elijah-mount-carmel	0	17	Elijah	person	elijah
seo:timelineEvent.summary	bib-dki-elijah-still-small-voice	0	8	Jezebel	person	jezebel
seo:timelineEvent.summary	bib-dki-elijah-still-small-voice	0	72	Elijah	person	elijah
seo:timelineEvent.summary	bib-dki-elijah-still-small-voice	0	92	Horeb	location	mount-sinai
seo:timelineEvent.summary	bib-dki-elijah-widow-zarephath	0	49	Sidon	location	sidon
seo:timelineEvent.summary	bib-dki-elijah-widow-zarephath	0	56	Elijah	person	elijah
seo:timelineEvent.summary	bib-dki-elisha-called	0	11	Horeb	location	mount-sinai
seo:timelineEvent.summary	bib-dki-elisha-called	0	18	Elijah	person	elijah
seo:timelineEvent.summary	bib-dki-elisha-called	0	31	Elisha	person	elisha
seo:timelineEvent.summary	bib-dki-elisha-ministry-miracles	0	28	Elisha	person	elisha
seo:timelineEvent.summary	bib-dki-fall-samaria-722	0	11	Hoshea	person	hoshea-king-of-israel
seo:timelineEvent.summary	bib-dki-fall-samaria-722	0	48	Samaria	location	samaria
seo:timelineEvent.summary	bib-dki-jehu-anointed	0	3	Elisha	person	elisha
seo:timelineEvent.summary	bib-dki-jehu-purge	0	46	Joram	person	joram-king-of-israel
seo:timelineEvent.summary	bib-dki-jehu-purge	0	79	Jezebel	person	jezebel
seo:timelineEvent.summary	bib-dki-jehu-purge	0	147	Elijah	person	elijah
seo:timelineEvent.summary	bib-dki-jeroboam-golden-calves	0	43	Jerusalem	location	jerusalem
seo:timelineEvent.summary	bib-dki-jeroboam-golden-calves	0	100	Bethel	poi	bethel
seo:timelineEvent.summary	bib-dki-jeroboam-golden-calves	0	111	Dan	location	dan
seo:timelineEvent.summary	bib-dki-jonah-nineveh	0	53	Jonah	person	jonah
seo:timelineEvent.summary	bib-dki-jonah-nineveh	0	172	Nineveh	location	nineveh
seo:timelineEvent.summary	bib-dki-jonah-nineveh	0	202	Jonah	person	jonah
seo:timelineEvent.summary	bib-dki-naaman-healed	0	71	Elisha	person	elisha
seo:timelineEvent.summary	bib-dki-naaman-healed	0	127	the Jordan	location	jordan-river
seo:timelineEvent.summary	bib-dki-naboth-vineyard	0	52	Jezebel	person	jezebel
seo:timelineEvent.summary	bib-dki-naboth-vineyard	0	95	Elijah	person	elijah
seo:timelineEvent.summary	bib-dki-omri-founds-samaria	0	87	Samaria	location	samaria
seo:timelineEvent.summary	bib-dki-omri-founds-samaria	0	126	Assyrian	topic	assyrians
seo:timelineEvent.summary	bib-dki-siege-samaria-elisha	0	36	Samaria	location	samaria
seo:timelineEvent.summary	bib-dki-siege-samaria-elisha	0	45	Elisha	person	elisha
seo:timelineEvent.summary	bib-dkj-ahaz-immanuel	0	68	Ahaz	person	ahaz
seo:timelineEvent.summary	bib-dkj-ahaz-immanuel	0	149	Isaiah	person	isaiah
seo:timelineEvent.summary	bib-dkj-amos-ministry	0	50	Tekoa	location	tekoa
seo:timelineEvent.summary	bib-dkj-habakkuk-ministry	0	174	Babylonians	topic	babylonians
seo:timelineEvent.summary	bib-dkj-hezekiah-reforms	0	21	Ahaz	person	ahaz
seo:timelineEvent.summary	bib-dkj-hezekiah-reforms	0	41	Hezekiah	person	hezekiah
seo:timelineEvent.summary	bib-dkj-hezekiah-reforms	0	72	the Temple	topic	the-temple
seo:timelineEvent.summary	bib-dkj-hezekiah-reforms	0	93	Passover	topic	passover
seo:timelineEvent.summary	bib-dkj-hezekiah-reforms	0	212	Moses	person	moses
seo:timelineEvent.summary	bib-dkj-isaiah-call	0	17	Uzziah	person	uzziah
seo:timelineEvent.summary	bib-dkj-isaiah-call	0	30	Isaiah	person	isaiah
seo:timelineEvent.summary	bib-dkj-isaiah-call	0	79	the Temple	topic	the-temple
seo:timelineEvent.summary	bib-dkj-isaiah-suffering-servant	0	39	Isaiah	person	isaiah
seo:timelineEvent.summary	bib-dkj-isaiah-suffering-servant	0	240	Jesus Christ	person	jesus-of-nazareth
seo:timelineEvent.summary	bib-dkj-jehoshaphat-reign	0	36	Jehoshaphat	person	jehoshaphat
seo:timelineEvent.summary	bib-dkj-jeremiah-call-fall	0	25	Josiah	person	josiah
seo:timelineEvent.summary	bib-dkj-jeremiah-call-fall	0	51	Jeremiah	person	jeremiah
seo:timelineEvent.summary	bib-dkj-jeremiah-call-fall	0	106	Babylon	location	babylon
seo:timelineEvent.summary	bib-dkj-joel-prophecy	0	166	Peter	person	simon-peter
seo:timelineEvent.summary	bib-dkj-josiah-law-reforms	0	16	the Temple	topic	the-temple
seo:timelineEvent.summary	bib-dkj-josiah-law-reforms	0	109	Josiah	person	josiah
seo:timelineEvent.summary	bib-dkj-manasseh-apostasy	0	65	Hezekiah	person	hezekiah
seo:timelineEvent.summary	bib-dkj-manasseh-apostasy	0	93	Jerusalem	location	jerusalem
seo:timelineEvent.summary	bib-dkj-manasseh-apostasy	0	173	Babylon	location	babylon
seo:timelineEvent.summary	bib-dkj-micah-ministry	0	18	Isaiah	person	isaiah
seo:timelineEvent.summary	bib-dkj-micah-ministry	0	183	Messiah	topic	the-christ
seo:timelineEvent.summary	bib-dkj-nahum-nineveh	0	16	Jonah	person	jonah
seo:timelineEvent.summary	bib-dkj-nahum-nineveh	0	38	Nineveh	location	nineveh
seo:timelineEvent.summary	bib-dkj-nahum-nineveh	0	94	Assyrian	topic	assyrians
seo:timelineEvent.summary	bib-dkj-obadiah-edom	0	75	Edom	location	edom
seo:timelineEvent.summary	bib-dkj-obadiah-edom	0	143	Jerusalem	location	jerusalem
seo:timelineEvent.summary	bib-dkj-rehoboam-shishak	0	0	Solomon	person	solomon
seo:timelineEvent.summary	bib-dkj-rehoboam-shishak	0	14	Rehoboam	person	rehoboam
seo:timelineEvent.summary	bib-dkj-rehoboam-shishak	0	50	elders	topic	jewish-elders
seo:timelineEvent.summary	bib-dkj-rehoboam-shishak	0	120	Jerusalem	location	jerusalem
seo:timelineEvent.summary	bib-dkj-rehoboam-shishak	0	157	Egyptian	topic	egyptians
seo:timelineEvent.summary	bib-dkj-rehoboam-shishak	0	184	the Temple	topic	the-temple
seo:timelineEvent.summary	bib-dkj-sennacherib-siege	0	67	Jerusalem	location	jerusalem
seo:timelineEvent.summary	bib-dkj-sennacherib-siege	0	109	Hezekiah	person	hezekiah
seo:timelineEvent.summary	bib-dkj-sennacherib-siege	0	122	Isaiah	person	isaiah
seo:timelineEvent.summary	bib-dkj-sennacherib-siege	0	181	Assyrian	topic	assyrians
seo:timelineEvent.summary	bib-dkj-uzziah-reign	0	0	Uzziah	person	uzziah
seo:timelineEvent.summary	bib-dkj-uzziah-reign	0	144	the Temple	topic	the-temple
seo:timelineEvent.summary	bib-dkj-zephaniah-ministry	0	21	Hezekiah	person	hezekiah
seo:timelineEvent.summary	bib-dkj-zephaniah-ministry	0	67	Josiah	person	josiah
seo:timelineEvent.summary	bib-er-belshazzar-and-fall-of-babylon	0	38	the Temple	topic	the-temple
seo:timelineEvent.summary	bib-er-belshazzar-and-fall-of-babylon	0	136	Persian	topic	persians
seo:timelineEvent.summary	bib-er-belshazzar-and-fall-of-babylon	0	156	Babylon	location	babylon
seo:timelineEvent.summary	bib-er-belshazzar-and-fall-of-babylon	0	254	Jerusalem	location	jerusalem
seo:timelineEvent.summary	bib-er-cyrus-decree	0	23	Babylon	location	babylon
seo:timelineEvent.summary	bib-er-cyrus-decree	0	76	Jewish	topic	jews
seo:timelineEvent.summary	bib-er-cyrus-decree	0	117	the Temple	topic	the-temple
seo:timelineEvent.summary	bib-er-cyrus-decree	0	131	Jerusalem	location	jerusalem
seo:timelineEvent.summary	bib-er-cyrus-decree	0	169	Cyrus Cylinder	topic	cyrus-cylinder
seo:timelineEvent.summary	bib-er-cyrus-decree	0	198	Ezra	person	ezra
seo:timelineEvent.summary	bib-er-daniel-interprets-dreams	0	34	Babylon	location	babylon
seo:timelineEvent.summary	bib-er-daniel-interprets-dreams	0	43	Daniel	person	daniel
seo:timelineEvent.summary	bib-er-daniel-lions-den	0	68	Daniel	person	daniel
seo:timelineEvent.summary	bib-er-daniel-taken-to-babylon	0	66	Daniel	person	daniel
seo:timelineEvent.summary	bib-er-daniel-taken-to-babylon	0	98	Babylon	location	babylon
seo:timelineEvent.summary	bib-er-esther-and-purim	0	52	the Jews	topic	jews
seo:timelineEvent.summary	bib-er-esther-and-purim	0	80	Esther	person	esther
seo:timelineEvent.summary	bib-er-esther-and-purim	0	192	Jewish	topic	jews
seo:timelineEvent.summary	bib-er-esther-becomes-queen	0	35	Jewish	topic	jews
seo:timelineEvent.summary	bib-er-esther-becomes-queen	0	70	Mordecai	person	mordecai
seo:timelineEvent.summary	bib-er-esther-becomes-queen	0	107	Persian	topic	persians
seo:timelineEvent.summary	bib-er-ezekiel-exiled-and-ministry	0	11	Babylon	location	babylon
seo:timelineEvent.summary	bib-er-ezekiel-exiled-and-ministry	0	61	Jehoiachin	person	jeconiah
seo:timelineEvent.summary	bib-er-ezekiel-exiled-and-ministry	0	84	Ezekiel	person	ezekiel
seo:timelineEvent.summary	bib-er-ezekiel-exiled-and-ministry	0	135	Jerusalem	location	jerusalem
seo:timelineEvent.summary	bib-er-ezras-return	0	49	Zerubbabel	person	zerubbabel
seo:timelineEvent.summary	bib-er-ezras-return	0	79	Ezra	person	ezra
seo:timelineEvent.summary	bib-er-ezras-return	0	122	Jerusalem	location	jerusalem
seo:timelineEvent.summary	bib-er-ezras-return	0	160	the Temple	topic	the-temple
seo:timelineEvent.summary	bib-er-fall-of-jerusalem	0	62	Jerusalem	location	jerusalem
seo:timelineEvent.summary	bib-er-fall-of-jerusalem	0	87	Solomon	person	solomon
seo:timelineEvent.summary	bib-er-nehemiahs-wall	0	17	Persian	topic	persians
seo:timelineEvent.summary	bib-er-nehemiahs-wall	0	31	Nehemiah	person	nehemiah
seo:timelineEvent.summary	bib-er-nehemiahs-wall	0	49	Jerusalem	location	jerusalem
seo:timelineEvent.summary	bib-er-second-temple-completed	0	38	Zechariah	person	zechariah-the-prophet
seo:timelineEvent.summary	bib-er-second-temple-completed	0	87	the Temple	topic	the-temple
seo:timelineEvent.summary	bib-er-second-temple-completed	0	101	Jerusalem	location	jerusalem
seo:timelineEvent.summary	bib-er-second-temple-completed	0	171	Solomon	person	solomon
seo:timelineEvent.summary	bib-er-zerubbabels-return	0	0	Zerubbabel	person	zerubbabel
seo:timelineEvent.summary	bib-er-zerubbabels-return	0	28	David	person	david
seo:timelineEvent.summary	bib-exo-birth-of-moses	0	0	Moses	person	moses
seo:timelineEvent.summary	bib-exo-birth-of-moses	0	19	Levite	topic	levites
seo:timelineEvent.summary	bib-exo-birth-of-moses	0	36	Egypt	location	egypt
seo:timelineEvent.summary	bib-exo-burning-bush	0	3	Horeb	location	mount-sinai
seo:timelineEvent.summary	bib-exo-burning-bush	0	31	Moses	person	moses
seo:timelineEvent.summary	bib-exo-burning-bush	0	137	Egypt	location	egypt
seo:timelineEvent.summary	bib-exo-death-of-aaron	0	38	Aaron	person	aaron
seo:timelineEvent.summary	bib-exo-death-of-moses	0	39	Moses	person	moses
seo:timelineEvent.summary	bib-exo-death-of-moses	0	85	Mount Nebo	location	mount-nebo
seo:timelineEvent.summary	bib-exo-death-of-moses	0	137	Joshua	person	joshua
seo:timelineEvent.summary	bib-exo-first-passover	0	44	Egypt	location	egypt
seo:timelineEvent.summary	bib-exo-first-passover	0	66	the Passover	topic	passover
seo:timelineEvent.summary	bib-exo-flight-to-midian	0	17	Egyptian	topic	egyptians
seo:timelineEvent.summary	bib-exo-flight-to-midian	0	68	Moses	person	moses
seo:timelineEvent.summary	bib-exo-flight-to-midian	0	80	Egypt	location	egypt
seo:timelineEvent.summary	bib-exo-giving-of-the-law	0	27	Egypt	location	egypt
seo:timelineEvent.summary	bib-exo-giving-of-the-law	0	52	Mount Sinai	poi	mount-sinai
seo:timelineEvent.summary	bib-exo-giving-of-the-law	0	81	Moses	person	moses
seo:timelineEvent.summary	bib-exo-golden-calf	0	6	Moses	person	moses
seo:timelineEvent.summary	bib-exo-golden-calf	0	18	Mount Sinai	poi	mount-sinai
seo:timelineEvent.summary	bib-exo-golden-calf	0	49	Aaron	person	aaron
seo:timelineEvent.summary	bib-exo-golden-calf	0	131	Moses	person	moses
seo:timelineEvent.summary	bib-exo-korahs-rebellion	0	4	Levite	topic	levites
seo:timelineEvent.summary	bib-exo-korahs-rebellion	0	102	Moses	person	moses
seo:timelineEvent.summary	bib-exo-korahs-rebellion	0	112	Aaron	person	aaron
seo:timelineEvent.summary	bib-exo-tabernacle-completed	0	70	Tabernacle	topic	tabernacle
seo:timelineEvent.summary	bib-exo-tabernacle-completed	0	206	Egypt	location	egypt
seo:timelineEvent.summary	bib-exo-ten-plagues	0	37	Egypt	location	egypt
seo:timelineEvent.summary	bib-exo-ten-plagues	0	81	Egyptian	topic	egyptians
seo:timelineEvent.summary	bib-exo-the-exodus	0	28	Egypt	location	egypt
seo:timelineEvent.summary	bib-exo-the-exodus	0	68	Moses	person	moses
seo:timelineEvent.summary	bib-exo-twelve-spies-kadesh	0	3	Kadesh Barnea	location	kadesh-barnea
seo:timelineEvent.summary	bib-exo-wilderness-provision-testing	0	23	Red Sea	location	red-sea
seo:timelineEvent.summary	bib-it-alexander-conquers-judea	0	78	Judea	location	judea
seo:timelineEvent.summary	bib-it-alexander-conquers-judea	0	90	Greek	topic	greeks
seo:timelineEvent.summary	bib-it-alexander-conquers-judea	0	126	Persian	topic	persians
seo:timelineEvent.summary	bib-it-antiochus-defiles-temple	0	46	Jewish	topic	jews
seo:timelineEvent.summary	bib-it-antiochus-defiles-temple	0	124	Jerusalem	location	jerusalem
seo:timelineEvent.summary	bib-it-division-of-alexanders-empire	0	98	Judea	location	judea
seo:timelineEvent.summary	bib-it-division-of-alexanders-empire	0	162	Egypt	location	egypt
seo:timelineEvent.summary	bib-it-hasmonean-dynasty-begins	0	59	Judea	location	judea
seo:timelineEvent.summary	bib-it-hasmonean-dynasty-begins	0	197	Jewish	topic	jews
seo:timelineEvent.summary	bib-it-hasmonean-dynasty-begins	0	249	Babylonian	topic	babylonians
seo:timelineEvent.summary	bib-it-herod-the-great-rise	0	60	Roman	topic	romans
seo:timelineEvent.summary	bib-it-herod-the-great-rise	0	95	the Jews	topic	jews
seo:timelineEvent.summary	bib-it-herod-the-great-rise	0	159	Jerusalem	location	jerusalem
seo:timelineEvent.summary	bib-it-john-hyrcanus-reign	0	32	Judea	location	judea
seo:timelineEvent.summary	bib-it-john-hyrcanus-reign	0	167	Idumea	location	edom
seo:timelineEvent.summary	bib-it-john-hyrcanus-reign	0	207	Samaritan	topic	samaritans
seo:timelineEvent.summary	bib-it-judas-maccabeus-campaigns	0	209	Jerusalem	location	jerusalem
seo:timelineEvent.summary	bib-it-pharisees-sadducees-essenes-rise	0	133	Pharisees	topic	topic-pharisees
seo:timelineEvent.summary	bib-it-pharisees-sadducees-essenes-rise	0	157	Sadducees	topic	topic-sadducees
seo:timelineEvent.summary	bib-it-pharisees-sadducees-essenes-rise	0	216	Jesus	person	jesus-of-nazareth
seo:timelineEvent.summary	bib-it-pompey-conquers-jerusalem	0	32	Jewish	topic	jews
seo:timelineEvent.summary	bib-it-pompey-conquers-jerusalem	0	61	Rome	location	rome
seo:timelineEvent.summary	bib-it-pompey-conquers-jerusalem	0	91	Roman	topic	romans
seo:timelineEvent.summary	bib-it-pompey-conquers-jerusalem	0	119	Jerusalem	location	jerusalem
seo:timelineEvent.summary	bib-it-pompey-conquers-jerusalem	0	163	Jewish	topic	jews
seo:timelineEvent.summary	bib-it-pompey-conquers-jerusalem	0	205	Judea	location	judea
seo:timelineEvent.summary	bib-it-pompey-conquers-jerusalem	0	217	Roman	topic	romans
seo:timelineEvent.summary	bib-it-ptolemaic-rule-judea	0	20	Judea	location	judea
seo:timelineEvent.summary	bib-it-ptolemaic-rule-judea	0	81	Alexandria	location	alexandria
seo:timelineEvent.summary	bib-it-ptolemaic-rule-judea	0	152	Jewish	topic	jews
seo:timelineEvent.summary	bib-it-ptolemaic-rule-judea	0	220	Jewish	topic	jews
seo:timelineEvent.summary	bib-it-ptolemaic-rule-judea	0	250	Egypt	location	egypt
seo:timelineEvent.summary	bib-it-seleucid-rule-judea	0	80	Caesarea Philippi	poi	caesarea-philippi
seo:timelineEvent.summary	bib-it-seleucid-rule-judea	0	112	Judea	location	judea
seo:timelineEvent.summary	bib-it-septuagint-translation	0	0	Jewish	topic	jews
seo:timelineEvent.summary	bib-it-septuagint-translation	0	19	Alexandria	location	alexandria
seo:timelineEvent.summary	bib-it-septuagint-translation	0	68	Greek	topic	greeks
seo:timelineEvent.summary	bib-it-septuagint-translation	0	89	Septuagint	topic	septuagint
seo:timelineEvent.summary	bib-it-septuagint-translation	0	233	Greek	topic	greeks
seo:timelineEvent.summary	bib-it-temple-rededication-hanukkah	0	84	Jerusalem	location	jerusalem
seo:timelineEvent.summary	bib-it-temple-rededication-hanukkah	0	212	Jesus	person	jesus-of-nazareth
seo:timelineEvent.summary	bib-loc-ascension	0	17	the resurrection	timeline	bib-loc-resurrection
seo:timelineEvent.summary	bib-loc-ascension	0	35	Jesus	person	jesus-of-nazareth
seo:timelineEvent.summary	bib-loc-ascension	0	72	Mount of Olives	location	mount-of-olives
seo:timelineEvent.summary	bib-loc-ascension	0	93	Bethany	location	bethany
seo:timelineEvent.summary	bib-loc-baptism-of-jesus	0	0	Jesus	person	jesus-of-nazareth
seo:timelineEvent.summary	bib-loc-baptism-of-jesus	0	15	John	person	john-the-baptist
seo:timelineEvent.summary	bib-loc-baptism-of-jesus	0	23	the Jordan	location	jordan-river
seo:timelineEvent.summary	bib-loc-birth-of-jesus	0	63	Mary	person	mary-mother-of-jesus
seo:timelineEvent.summary	bib-loc-birth-of-jesus	0	90	Bethlehem	location	bethlehem
seo:timelineEvent.summary	bib-loc-burial-of-jesus	0	0	Joseph of Arimathea	person	joseph-of-arimathea
seo:timelineEvent.summary	bib-loc-burial-of-jesus	0	76	Jesus	person	jesus-of-nazareth
seo:timelineEvent.summary	bib-loc-burial-of-jesus	0	94	Pilate	person	pontius-pilate
seo:timelineEvent.summary	bib-loc-burial-of-jesus	0	144	Sabbath	topic	sabbath
seo:timelineEvent.summary	bib-loc-calling-first-disciples	0	7	Sea of Galilee	location	sea-of-galilee
seo:timelineEvent.summary	bib-loc-calling-first-disciples	0	23	Jesus	person	jesus-of-nazareth
seo:timelineEvent.summary	bib-loc-calling-first-disciples	0	45	Peter	person	simon-peter
seo:timelineEvent.summary	bib-loc-calling-first-disciples	0	52	Andrew	person	andrew-apostle
seo:timelineEvent.summary	bib-loc-calling-first-disciples	0	60	James	person	james-son-of-zebedee
seo:timelineEvent.summary	bib-loc-calling-first-disciples	0	71	John	person	john-the-apostle
seo:timelineEvent.summary	bib-loc-calming-the-storm	0	13	Sea of Galilee	location	sea-of-galilee
seo:timelineEvent.summary	bib-loc-calming-the-storm	0	37	Jesus	person	jesus-of-nazareth
seo:timelineEvent.summary	bib-loc-confession-caesarea-philippi	0	13	Caesarea Philippi	poi	caesarea-philippi
seo:timelineEvent.summary	bib-loc-confession-caesarea-philippi	0	32	Peter	person	simon-peter
seo:timelineEvent.summary	bib-loc-confession-caesarea-philippi	0	47	Jesus	person	jesus-of-nazareth
seo:timelineEvent.summary	bib-loc-confession-caesarea-philippi	0	60	the Christ	topic	the-christ
seo:timelineEvent.summary	bib-loc-confession-caesarea-philippi	0	129	Jesus	person	jesus-of-nazareth
seo:timelineEvent.summary	bib-loc-crucifixion	0	8	Jerusalem	location	jerusalem
seo:timelineEvent.summary	bib-loc-crucifixion	0	44	Golgotha	poi	golgotha
seo:timelineEvent.summary	bib-loc-crucifixion	0	54	Jesus	person	jesus-of-nazareth
seo:timelineEvent.summary	bib-loc-feeding-five-thousand	0	31	Jesus	person	jesus-of-nazareth
seo:timelineEvent.summary	bib-loc-feeding-five-thousand	0	69	Bethsaida	poi	bethsaida
seo:timelineEvent.summary	bib-loc-gethsemane-arrest	0	25	Gethsemane	poi	gethsemane
seo:timelineEvent.summary	bib-loc-gethsemane-arrest	0	37	Jesus	person	jesus-of-nazareth
seo:timelineEvent.summary	bib-loc-gethsemane-arrest	0	121	Judas Iscariot	person	judas-iscariot
seo:timelineEvent.summary	bib-loc-great-commission	0	17	Galilee	location	galilee
seo:timelineEvent.summary	bib-loc-great-commission	0	36	Jesus	person	jesus-of-nazareth
seo:timelineEvent.summary	bib-loc-jesus-in-temple-age-twelve	0	5	Passover	topic	passover
seo:timelineEvent.summary	bib-loc-jesus-in-temple-age-twelve	0	22	Jerusalem	location	jerusalem
seo:timelineEvent.summary	bib-loc-jesus-in-temple-age-twelve	0	53	Jesus	person	jesus-of-nazareth
seo:timelineEvent.summary	bib-loc-jesus-in-temple-age-twelve	0	75	the Temple	topic	the-temple
seo:timelineEvent.summary	bib-loc-jesus-walks-on-water	0	31	Jesus	person	jesus-of-nazareth
seo:timelineEvent.summary	bib-loc-jesus-walks-on-water	0	88	Sea of Galilee	location	sea-of-galilee
seo:timelineEvent.summary	bib-loc-jesus-walks-on-water	0	114	Peter	person	simon-peter
seo:timelineEvent.summary	bib-loc-john-baptist-ministry-begins	0	0	John	person	john-the-baptist
seo:timelineEvent.summary	bib-loc-john-baptist-ministry-begins	0	104	the Jordan	location	jordan-river
seo:timelineEvent.summary	bib-loc-john-baptist-ministry-begins	0	148	Messiah	topic	the-christ
seo:timelineEvent.summary	bib-loc-last-supper	0	6	upper room	poi	upper-room
seo:timelineEvent.summary	bib-loc-last-supper	0	20	Jerusalem	location	jerusalem
seo:timelineEvent.summary	bib-loc-last-supper	0	31	Jesus	person	jesus-of-nazareth
seo:timelineEvent.summary	bib-loc-last-supper	0	52	Passover	topic	passover
seo:timelineEvent.summary	bib-loc-last-supper	0	120	new covenant	topic	new-covenant
seo:timelineEvent.summary	bib-loc-magi-flight-to-egypt	0	124	Egypt	location	egypt
seo:timelineEvent.summary	bib-loc-olivet-discourse	0	14	Mount of Olives	location	mount-of-olives
seo:timelineEvent.summary	bib-loc-olivet-discourse	0	42	Jerusalem	location	jerusalem
seo:timelineEvent.summary	bib-loc-olivet-discourse	0	53	Jesus	person	jesus-of-nazareth
seo:timelineEvent.summary	bib-loc-olivet-discourse	0	97	the Temple	topic	the-temple
seo:timelineEvent.summary	bib-loc-parable-good-samaritan	0	28	Jesus	person	jesus-of-nazareth
seo:timelineEvent.summary	bib-loc-parable-good-samaritan	0	45	Samaritan	topic	samaritans
seo:timelineEvent.summary	bib-loc-parable-good-samaritan	0	99	Jerusalem	location	jerusalem
seo:timelineEvent.summary	bib-loc-parable-good-samaritan	0	112	Jericho	poi	jericho
seo:timelineEvent.summary	bib-loc-parable-of-the-sower	0	28	Sea of Galilee	location	sea-of-galilee
seo:timelineEvent.summary	bib-loc-parable-of-the-sower	0	44	Jesus	person	jesus-of-nazareth
seo:timelineEvent.summary	bib-loc-parable-prodigal-son	0	0	Jesus	person	jesus-of-nazareth
seo:timelineEvent.summary	bib-loc-post-resurrection-appearances	0	27	Jesus	person	jesus-of-nazareth
seo:timelineEvent.summary	bib-loc-post-resurrection-appearances	0	61	Jerusalem	location	jerusalem
seo:timelineEvent.summary	bib-loc-post-resurrection-appearances	0	87	Emmaus	poi	emmaus
seo:timelineEvent.summary	bib-loc-post-resurrection-appearances	0	106	Sea of Galilee	location	sea-of-galilee
seo:timelineEvent.summary	bib-loc-post-resurrection-appearances	0	165	Peter	person	simon-peter
seo:timelineEvent.summary	bib-loc-public-ministry	0	20	the Jordan	location	jordan-river
seo:timelineEvent.summary	bib-loc-public-ministry	0	57	Mount of Olives	location	mount-of-olives
seo:timelineEvent.summary	bib-loc-public-ministry	0	74	Jesus	person	jesus-of-nazareth
seo:timelineEvent.summary	bib-loc-public-ministry	0	142	Galilee	location	galilee
seo:timelineEvent.summary	bib-loc-public-ministry	0	151	Samaria	location	samaria
seo:timelineEvent.summary	bib-loc-public-ministry	0	163	Judea	location	judea
seo:timelineEvent.summary	bib-loc-raising-of-lazarus	0	3	Bethany	location	bethany
seo:timelineEvent.summary	bib-loc-raising-of-lazarus	0	12	Jesus	person	jesus-of-nazareth
seo:timelineEvent.summary	bib-loc-raising-of-lazarus	0	35	Lazarus	person	lazarus-of-bethany
seo:timelineEvent.summary	bib-loc-raising-of-lazarus	0	132	Jesus	person	jesus-of-nazareth
seo:timelineEvent.summary	bib-loc-raising-of-lazarus	0	145	the resurrection	timeline	bib-loc-resurrection
seo:timelineEvent.summary	bib-loc-resurrection	0	30	Jesus	person	jesus-of-nazareth
seo:timelineEvent.summary	bib-loc-return-nazareth-childhood	0	49	Egypt	location	egypt
seo:timelineEvent.summary	bib-loc-return-nazareth-childhood	0	70	Nazareth	location	nazareth
seo:timelineEvent.summary	bib-loc-return-nazareth-childhood	0	86	Jesus	person	jesus-of-nazareth
seo:timelineEvent.summary	bib-loc-sermon-on-the-mount	0	24	Sea of Galilee	location	sea-of-galilee
seo:timelineEvent.summary	bib-loc-sermon-on-the-mount	0	40	Jesus	person	jesus-of-nazareth
seo:timelineEvent.summary	bib-loc-temple-cleansing-early	0	12	Passover	topic	passover
seo:timelineEvent.summary	bib-loc-temple-cleansing-early	0	24	Jerusalem	location	jerusalem
seo:timelineEvent.summary	bib-loc-temple-cleansing-early	0	35	Jesus	person	jesus-of-nazareth
seo:timelineEvent.summary	bib-loc-temple-cleansing-early	0	90	the Temple	topic	the-temple
seo:timelineEvent.summary	bib-loc-temple-cleansing-passion-week	0	23	Jesus	person	jesus-of-nazareth
seo:timelineEvent.summary	bib-loc-temple-cleansing-passion-week	0	76	the Temple	topic	the-temple
seo:timelineEvent.summary	bib-loc-temptation-wilderness	0	24	Jesus	person	jesus-of-nazareth
seo:timelineEvent.summary	bib-loc-temptation-wilderness	0	108	the devil	person	satan
seo:timelineEvent.summary	bib-loc-transfiguration	0	15	Jesus	person	jesus-of-nazareth
seo:timelineEvent.summary	bib-loc-transfiguration	0	44	Peter	person	simon-peter
seo:timelineEvent.summary	bib-loc-transfiguration	0	51	James	person	james-son-of-zebedee
seo:timelineEvent.summary	bib-loc-transfiguration	0	62	John	person	john-the-apostle
seo:timelineEvent.summary	bib-loc-transfiguration	0	116	Moses	person	moses
seo:timelineEvent.summary	bib-loc-transfiguration	0	126	Elijah	person	elijah
seo:timelineEvent.summary	bib-loc-trials-of-jesus	0	0	Jesus	person	jesus-of-nazareth
seo:timelineEvent.summary	bib-loc-trials-of-jesus	0	80	Caiaphas	person	caiaphas
seo:timelineEvent.summary	bib-loc-trials-of-jesus	0	108	Pilate	person	pontius-pilate
seo:timelineEvent.summary	bib-loc-trials-of-jesus	0	120	Herod Antipas	person	herod-antipas
seo:timelineEvent.summary	bib-loc-triumphal-entry	0	27	Jerusalem	location	jerusalem
seo:timelineEvent.summary	bib-loc-triumphal-entry	0	87	Jesus	person	jesus-of-nazareth
seo:timelineEvent.summary	bib-loc-triumphal-entry	0	113	Zechariah	person	zechariah-the-prophet
seo:timelineEvent.summary	bib-loc-wedding-at-cana	0	16	Cana	location	cana
seo:timelineEvent.summary	bib-loc-wedding-at-cana	0	24	Galilee	location	galilee
seo:timelineEvent.summary	bib-loc-wedding-at-cana	0	33	Jesus	person	jesus-of-nazareth
seo:timelineEvent.summary	bib-pat-abrahamic-covenant	0	30	Abram	person	abraham
seo:timelineEvent.summary	bib-pat-abram-rescues-lot	0	41	Sodom	location	sodom
seo:timelineEvent.summary	bib-pat-abram-rescues-lot	0	68	Abram	person	abraham
seo:timelineEvent.summary	bib-pat-abram-rescues-lot	0	144	Melchizedek	person	melchizedek
seo:timelineEvent.summary	bib-pat-binding-isaac	0	10	Abraham	person	abraham
seo:timelineEvent.summary	bib-pat-binding-isaac	0	148	Jerusalem	location	jerusalem
seo:timelineEvent.summary	bib-pat-birth-isaac	0	53	Sarah	person	sarah
seo:timelineEvent.summary	bib-pat-birth-jacob-esau	0	22	Isaac	person	isaac
seo:timelineEvent.summary	bib-pat-birth-jacob-esau	0	32	Rebekah	person	rebekah
seo:timelineEvent.summary	bib-pat-covenant-circumcision	0	7	Abram	person	abraham
seo:timelineEvent.summary	bib-pat-covenant-circumcision	0	83	Abraham	person	abraham
seo:timelineEvent.summary	bib-pat-covenant-circumcision	0	95	Sarah	person	sarah
seo:timelineEvent.summary	bib-pat-death-abraham	0	0	Abraham	person	abraham
seo:timelineEvent.summary	bib-pat-death-abraham	0	74	Sarah	person	sarah
seo:timelineEvent.summary	bib-pat-death-jacob	0	25	Egypt	location	egypt
seo:timelineEvent.summary	bib-pat-death-jacob	0	32	Jacob	person	jacob
seo:timelineEvent.summary	bib-pat-death-jacob	0	74	Joseph	person	joseph-son-of-jacob
seo:timelineEvent.summary	bib-pat-death-jacob	0	142	Abraham	person	abraham
seo:timelineEvent.summary	bib-pat-death-jacob	0	154	Isaac	person	isaac
seo:timelineEvent.summary	bib-pat-death-joseph	0	0	Joseph	person	joseph-son-of-jacob
seo:timelineEvent.summary	bib-pat-death-joseph	0	15	Egypt	location	egypt
seo:timelineEvent.summary	bib-pat-death-joseph	0	120	Egypt	location	egypt
seo:timelineEvent.summary	bib-pat-death-sarah	0	0	Abraham	person	abraham
seo:timelineEvent.summary	bib-pat-death-sarah	0	32	Hebron	poi	hebron
seo:timelineEvent.summary	bib-pat-esau-birthright	0	35	Esau	person	esau
seo:timelineEvent.summary	bib-pat-hagar-ishmael	0	0	Sarai	person	sarah
seo:timelineEvent.summary	bib-pat-hagar-ishmael	0	60	Hagar	person	hagar
seo:timelineEvent.summary	bib-pat-hagar-ishmael	0	69	Abram	person	abraham
seo:timelineEvent.summary	bib-pat-isaac-rebekah	0	0	Abraham	person	abraham
seo:timelineEvent.summary	bib-pat-isaac-rebekah	0	60	Isaac	person	isaac
seo:timelineEvent.summary	bib-pat-jacob-family-goshen	0	0	Jacob	person	jacob
seo:timelineEvent.summary	bib-pat-jacob-family-goshen	0	60	Egypt	location	egypt
seo:timelineEvent.summary	bib-pat-jacob-family-goshen	0	102	Goshen	location	goshen
seo:timelineEvent.summary	bib-pat-jacob-family-goshen	0	157	Abraham	person	abraham
seo:timelineEvent.summary	bib-pat-jacob-flees-bethel	0	24	Jacob	person	jacob
seo:timelineEvent.summary	bib-pat-jacob-flees-bethel	0	79	Esau	person	esau
seo:timelineEvent.summary	bib-pat-jacob-flees-bethel	0	133	Bethel	poi	bethel
seo:timelineEvent.summary	bib-pat-jacob-marriages-sons	0	27	Jacob	person	jacob
seo:timelineEvent.summary	bib-pat-jacob-marriages-sons	0	65	Leah	person	leah
seo:timelineEvent.summary	bib-pat-jacob-marriages-sons	0	74	Rachel	person	rachel
seo:timelineEvent.summary	bib-pat-jacob-peniel-esau	0	51	Jacob	person	jacob
seo:timelineEvent.summary	bib-pat-joseph-reveals-brothers	0	35	Egypt	location	egypt
seo:timelineEvent.summary	bib-pat-joseph-reveals-brothers	0	52	Joseph	person	joseph-son-of-jacob
seo:timelineEvent.summary	bib-pat-joseph-rises-power	0	59	Joseph	person	joseph-son-of-jacob
seo:timelineEvent.summary	bib-pat-joseph-rises-power	0	116	Egypt	location	egypt
seo:timelineEvent.summary	bib-pat-joseph-slavery-prison	0	0	Jacob	person	jacob
seo:timelineEvent.summary	bib-pat-joseph-slavery-prison	0	54	Egyptian	topic	egyptians
seo:timelineEvent.summary	bib-pat-sodom-gomorrah	0	0	Abraham	person	abraham
seo:timelineEvent.summary	bib-pat-sodom-gomorrah	0	52	Sodom	location	sodom
seo:timelineEvent.summary	bib-pat-sodom-gomorrah	0	62	Gomorrah	location	gomorrah
seo:timelineEvent.summary	bib-prim-cain-abel	0	27	Adam	person	adam
seo:timelineEvent.summary	bib-prim-cain-abel	0	36	Eve	person	eve
seo:timelineEvent.summary	bib-prim-cain-abel	0	98	Cain	person	cain
seo:timelineEvent.summary	bib-prim-cain-abel	0	167	Abel	person	abel
seo:timelineEvent.summary	bib-prim-creation	0	96	Adam	person	adam
seo:timelineEvent.summary	bib-prim-creation	0	105	Eve	person	eve
seo:timelineEvent.summary	bib-prim-curse-of-ham	0	17	Noah	person	noah
seo:timelineEvent.summary	bib-prim-enoch	0	49	Enoch	person	enoch
seo:timelineEvent.summary	bib-prim-fall	0	24	Adam	person	adam
seo:timelineEvent.summary	bib-prim-fall	0	33	Eve	person	eve
seo:timelineEvent.summary	bib-prim-flood	0	58	Noah	person	noah
seo:timelineEvent.summary	bib-prim-nephilim	0	113	Noah	person	noah
seo:timelineEvent.summary	bib-prim-noahic-covenant	0	34	Noah	person	noah
seo:timelineEvent.summary	bib-prim-table-of-nations	0	47	Noah	person	noah
seo:timelineEvent.summary	bib-prim-tower-of-babel	0	56	Babel	location	babylon
seo:timelineEvent.summary	bib-um-absaloms-rebellion	0	0	David	person	david
seo:timelineEvent.summary	bib-um-absaloms-rebellion	0	56	David	person	david
seo:timelineEvent.summary	bib-um-absaloms-rebellion	0	67	Jerusalem	location	jerusalem
seo:timelineEvent.summary	bib-um-ark-to-jerusalem	0	0	David	person	david
seo:timelineEvent.summary	bib-um-ark-to-jerusalem	0	42	Jerusalem	location	jerusalem
seo:timelineEvent.summary	bib-um-david-and-goliath	0	10	David	person	david
seo:timelineEvent.summary	bib-um-david-and-goliath	0	28	Philistine	topic	philistines
seo:timelineEvent.summary	bib-um-david-anointed-bethlehem	0	0	Samuel	person	samuel
seo:timelineEvent.summary	bib-um-david-anointed-bethlehem	0	32	David	person	david
seo:timelineEvent.summary	bib-um-david-anointed-bethlehem	0	55	Jesse	person	jesse
seo:timelineEvent.summary	bib-um-david-anointed-bethlehem	0	125	Saul	person	saul-king-of-israel
seo:timelineEvent.summary	bib-um-david-bathsheba-uriah	0	0	David	person	david
seo:timelineEvent.summary	bib-um-david-bathsheba-uriah	0	28	Bathsheba	person	bathsheba
seo:timelineEvent.summary	bib-um-david-bathsheba-uriah	0	112	Nathan	person	nathan-the-prophet
seo:timelineEvent.summary	bib-um-david-fugitive-years	0	22	David	person	david
seo:timelineEvent.summary	bib-um-david-fugitive-years	0	39	Saul	person	saul-king-of-israel
seo:timelineEvent.summary	bib-um-david-fugitive-years	0	109	Saul	person	saul-king-of-israel
seo:timelineEvent.summary	bib-um-david-fugitive-years	0	159	Saul	person	saul-king-of-israel
seo:timelineEvent.summary	bib-um-david-king-over-israel-jerusalem	0	33	David	person	david
seo:timelineEvent.summary	bib-um-david-king-over-israel-jerusalem	0	91	Jerusalem	location	jerusalem
seo:timelineEvent.summary	bib-um-david-king-over-judah	0	10	Saul	person	saul-king-of-israel
seo:timelineEvent.summary	bib-um-david-king-over-judah	0	51	David	person	david
seo:timelineEvent.summary	bib-um-david-king-over-judah	0	65	Hebron	poi	hebron
seo:timelineEvent.summary	bib-um-david-king-over-judah	0	154	Saul	person	saul-king-of-israel
seo:timelineEvent.summary	bib-um-davidic-covenant	0	5	David	person	david
seo:timelineEvent.summary	bib-um-davidic-covenant	0	69	David	person	david
seo:timelineEvent.summary	bib-um-davidic-covenant	0	129	Nathan	person	nathan-the-prophet
seo:timelineEvent.summary	bib-um-davidic-covenant	0	187	Messiah	topic	the-christ
seo:timelineEvent.summary	bib-um-death-of-saul-jonathan	0	0	Saul	person	saul-king-of-israel
seo:timelineEvent.summary	bib-um-death-of-saul-jonathan	0	52	Philistines	topic	philistines
seo:timelineEvent.summary	bib-um-death-of-saul-jonathan	0	67	Mount Gilboa	location	mount-gilboa
seo:timelineEvent.summary	bib-um-death-of-saul-jonathan	0	88	Saul	person	saul-king-of-israel
seo:timelineEvent.summary	bib-um-death-of-saul-jonathan	0	155	David	person	david
seo:timelineEvent.summary	bib-um-division-of-kingdom	0	0	Rehoboam	person	rehoboam
seo:timelineEvent.summary	bib-um-israel-demands-king	0	9	elders	topic	jewish-elders
seo:timelineEvent.summary	bib-um-israel-demands-king	0	20	Samuel	person	samuel
seo:timelineEvent.summary	bib-um-israel-demands-king	0	88	Samuel	person	samuel
seo:timelineEvent.summary	bib-um-queen-of-sheba-visit	0	30	Jerusalem	location	jerusalem
seo:timelineEvent.summary	bib-um-queen-of-sheba-visit	0	48	Solomon	person	solomon
seo:timelineEvent.summary	bib-um-samuel-birth-dedication	0	63	Samuel	person	samuel
seo:timelineEvent.summary	bib-um-samuel-birth-dedication	0	95	Shiloh	poi	shiloh
seo:timelineEvent.summary	bib-um-saul-anointed-king	0	0	Samuel	person	samuel
seo:timelineEvent.summary	bib-um-saul-anointed-king	0	15	Saul	person	saul-king-of-israel
seo:timelineEvent.summary	bib-um-saul-rejected-as-king	0	114	Samuel	person	samuel
seo:timelineEvent.summary	bib-um-saul-rejected-as-king	0	160	Saul	person	saul-king-of-israel
seo:timelineEvent.summary	bib-um-solomon-succession	0	39	David	person	david
seo:timelineEvent.summary	bib-um-solomon-succession	0	74	Solomon	person	solomon
seo:timelineEvent.summary	bib-um-solomons-apostasy	0	0	Solomon	person	solomon
seo:timelineEvent.summary	bib-um-solomons-wisdom-gibeon	0	42	Solomon	person	solomon
seo:timelineEvent.summary	bib-um-temple-construction-begins	0	3	Solomon	person	solomon
seo:timelineEvent.summary	bib-um-temple-construction-begins	0	53	Jerusalem	location	jerusalem
seo:timelineEvent.summary	bib-um-temple-dedication	0	38	Solomon	person	solomon
seo:timelineEvent.summary	billy-graham-crusades-1949-1957	0	17	Billy Graham	person	billy-graham
seo:timelineEvent.summary	calvin-institutes-1536	0	16	John Calvin	person	john-calvin
seo:timelineEvent.summary	charlemagne-crowned-800	0	39	Charlemagne	person	charlemagne
seo:timelineEvent.summary	charlemagne-crowned-800	0	65	Rome	location	rome
seo:timelineEvent.summary	charlemagne-crowned-800	0	93	Roman	topic	romans
seo:timelineEvent.summary	civil-rights-movement-mlk-1963-1968	0	17	Martin Luther King	person	martin-luther-king-jr
seo:timelineEvent.summary	council-of-constantinople-381	0	58	Nicene Creed	topic	nicene-creed
seo:timelineEvent.summary	council-of-constantinople-381	0	111	Trinitarian	topic	the-trinity
seo:timelineEvent.summary	council-of-ephesus-431	0	147	Mary	person	mary-mother-of-jesus
seo:timelineEvent.summary	diet-of-worms-1521	0	48	Martin Luther	person	martin-luther
seo:timelineEvent.summary	dietrich-bonhoeffer-german-church-struggle-1933-1945	0	147	Dietrich Bonhoeffer	person	dietrich-bonhoeffer
seo:timelineEvent.summary	english-reformation-1534	0	5	Henry VIII	person	henry-viii
seo:timelineEvent.summary	execution-of-jan-hus-1415	0	22	Jan Hus	person	jan-hus
seo:timelineEvent.summary	fall-of-communism-poland-1989	0	190	Pope John Paul II	person	pope-john-paul-ii
seo:timelineEvent.summary	fall-of-constantinople-1453	0	195	Greek	topic	greeks
seo:timelineEvent.summary	fall-of-western-rome-476	0	54	Roman	topic	romans
seo:timelineEvent.summary	fall-of-western-rome-476	0	143	Roman	topic	romans
seo:timelineEvent.summary	first-crusade-1095	0	84	Jerusalem	location	jerusalem
seo:timelineEvent.summary	first-great-awakening-c1740	0	109	Jonathan Edwards	person	jonathan-edwards
seo:timelineEvent.summary	first-great-awakening-c1740	0	130	George Whitefield	person	george-whitefield
seo:timelineEvent.summary	founding-of-franciscans-1209	0	0	Francis of Assisi	person	francis-of-assisi
seo:timelineEvent.summary	great-schism-1054	0	177	Greek	topic	greeks
seo:timelineEvent.summary	gregory-mission-to-england-597	0	5	Gregory the Great	person	gregory-the-great
seo:timelineEvent.summary	gutenberg-bible-1455	0	0	Johannes Gutenberg	person	johannes-gutenberg
seo:timelineEvent.summary	jerome-vulgate-c405	0	11	Bethlehem	location	bethlehem
seo:timelineEvent.summary	jerome-vulgate-c405	0	34	Jerome	person	jerome
seo:timelineEvent.summary	jerome-vulgate-c405	0	125	Greek	topic	greeks
seo:timelineEvent.summary	peace-of-westphalia-1648	0	173	Roman	topic	romans
seo:timelineEvent.summary	rel-ane-akhenaten-aten-reform	0	59	Egypt	location	egypt
seo:timelineEvent.summary	rel-ane-egyptian-pantheon-emerges	0	12	Egypt	location	egypt
seo:timelineEvent.summary	rel-ane-elijah-mount-carmel-baal	0	3	Mount Carmel	location	mount-carmel
seo:timelineEvent.summary	rel-ane-elijah-mount-carmel-baal	0	17	Elijah	person	elijah
seo:timelineEvent.summary	rel-ane-elijah-mount-carmel-baal	0	51	Canaanite	topic	canaanites
seo:timelineEvent.summary	rel-ane-enuma-elish-creation-myth	0	0	Babylon	location	babylon
seo:timelineEvent.summary	rel-ane-enuma-elish-creation-myth	0	10	Enuma Elish	topic	enuma-elish
seo:timelineEvent.summary	rel-ane-great-pyramids-solar-theology	0	71	Egypt	location	egypt
seo:timelineEvent.summary	rel-ane-hammurabi-marduk-rise	0	12	Babylon	location	babylon
seo:timelineEvent.summary	rel-ane-hammurabi-marduk-rise	0	142	Babylon	location	babylon
seo:timelineEvent.summary	rel-ane-nebuchadnezzar-marduk-cult	0	32	Jerusalem	location	jerusalem
seo:timelineEvent.summary	rel-ane-persian-zoroastrianism-state-religion	0	15	Persian	topic	persians
seo:timelineEvent.summary	rel-ane-persian-zoroastrianism-state-religion	0	43	Jewish	topic	jews
seo:timelineEvent.summary	rel-ane-sumerian-ziggurats	0	13	Babylonian	topic	babylonians
seo:timelineEvent.summary	rel-ane-sumerian-ziggurats	0	133	the tower of Babel	timeline	bib-prim-tower-of-babel
seo:timelineEvent.summary	rel-ane-sumerian-ziggurats	0	159	Abram	person	abraham
seo:timelineEvent.summary	rel-ane-sumerian-ziggurats	0	179	Ur	location	ur
seo:timelineEvent.summary	rise-of-islam-conquest-jerusalem-637	0	97	Jerusalem	location	jerusalem
seo:timelineEvent.summary	society-of-jesus-founded-1540	0	47	Jesus	person	jesus-of-nazareth
seo:timelineEvent.summary	society-of-jesus-founded-1540	0	65	Ignatius of Loyola	person	ignatius-of-loyola
seo:timelineEvent.summary	vatican-ii-1962	0	12	Pope John XXIII	person	pope-john-xxiii
seo:timelineEvent.summary	william-carey-india-mission-1793	0	40	William Carey	person	william-carey
seo:timelineEvent.summary	wld-ane-ahmose-expels-hyksos	0	33	Egypt	location	egypt
seo:timelineEvent.summary	wld-ane-ahmose-expels-hyksos	0	169	Egypt	location	egypt
seo:timelineEvent.summary	wld-ane-amenhotep-ii	0	101	Egypt	location	egypt
seo:timelineEvent.summary	wld-ane-code-of-hammurabi	0	137	Moses	person	moses
seo:timelineEvent.summary	wld-ane-cuneiform-writing	0	9	scribes	topic	scribes
seo:timelineEvent.summary	wld-ane-egyptian-middle-kingdom	0	29	Egypt	location	egypt
seo:timelineEvent.summary	wld-ane-egyptian-middle-kingdom	0	138	Egypt	location	egypt
seo:timelineEvent.summary	wld-ane-egyptian-middle-kingdom	0	181	Joseph	person	joseph-son-of-jacob
seo:timelineEvent.summary	wld-ane-egyptian-old-kingdom	0	41	Egypt	location	egypt
seo:timelineEvent.summary	wld-ane-great-pyramid-giza	0	182	Egypt	location	egypt
seo:timelineEvent.summary	wld-ane-great-pyramid-giza	0	193	Abraham	person	abraham
seo:timelineEvent.summary	wld-ane-great-pyramid-giza	0	202	Joseph	person	joseph-son-of-jacob
seo:timelineEvent.summary	wld-ane-great-pyramid-giza	0	214	Moses	person	moses
seo:timelineEvent.summary	wld-ane-hammurabi-babylon	0	22	Babylon	location	babylon
seo:timelineEvent.summary	wld-ane-hammurabi-babylon	0	111	Babylonian	topic	babylonians
seo:timelineEvent.summary	wld-ane-hittite-egyptian-rivalry-kadesh	0	15	Egypt	location	egypt
seo:timelineEvent.summary	wld-ane-hittite-egyptian-rivalry-kadesh	0	65	Kadesh	location	kadesh-barnea
seo:timelineEvent.summary	wld-ane-hittite-old-kingdom	0	140	Egypt	location	egypt
seo:timelineEvent.summary	wld-ane-hyksos-egypt	0	67	Egyptians	topic	egyptians
seo:timelineEvent.summary	wld-ane-hyksos-egypt	0	113	Egypt	location	egypt
seo:timelineEvent.summary	wld-ane-hyksos-egypt	0	214	Goshen	location	goshen
seo:timelineEvent.summary	wld-ane-hyksos-egypt	0	300	Joseph	person	joseph-son-of-jacob
seo:timelineEvent.summary	wld-ane-sargon-akkad	0	143	Persian	topic	persians
seo:timelineEvent.summary	wld-ane-sumerian-city-states	0	95	Ur	location	ur
seo:timelineEvent.summary	wld-ane-sumerian-city-states	0	200	Abraham	person	abraham
seo:timelineEvent.summary	wld-ane-third-dynasty-ur	0	79	Ur	location	ur
seo:timelineEvent.summary	wld-ane-third-dynasty-ur	0	199	Abraham	person	abraham
seo:timelineEvent.summary	wld-ane-thutmose-iii-empire	0	0	Egypt	location	egypt
seo:timelineEvent.summary	wld-ane-thutmose-iii-empire	0	57	Egyptian	topic	egyptians
seo:timelineEvent.summary	wld-ane-thutmose-iii-empire	0	216	Moses	person	moses
seo:timelineEvent.summary	wld-fe-silk-road-opens	0	55	Asia	location	asia-province
seo:timelineEvent.summary	wld-fe-silk-road-opens	0	152	Roman	topic	romans
seo:timelineEvent.summary	wld-pg-alexander-becomes-king	0	113	Daniel	person	daniel
seo:timelineEvent.summary	wld-pg-alexander-in-egypt	0	0	Egypt	location	egypt
seo:timelineEvent.summary	wld-pg-alexander-in-egypt	0	45	Persian	topic	persians
seo:timelineEvent.summary	wld-pg-alexander-in-egypt	0	89	Alexandria	location	alexandria
seo:timelineEvent.summary	wld-pg-alexander-in-egypt	0	130	Septuagint	topic	septuagint
seo:timelineEvent.summary	wld-pg-athenian-golden-age	0	16	Athens	location	athens
seo:timelineEvent.summary	wld-pg-athenian-golden-age	0	125	Greek	topic	greeks
seo:timelineEvent.summary	wld-pg-battle-of-gaugamela	0	94	Persian	topic	persians
seo:timelineEvent.summary	wld-pg-battle-of-issus	0	20	Persian	topic	persians
seo:timelineEvent.summary	wld-pg-battle-of-issus	0	106	Egypt	location	egypt
seo:timelineEvent.summary	wld-pg-battle-of-marathon	0	108	Greek	topic	greeks
seo:timelineEvent.summary	wld-pg-cambyses-egypt	0	75	Egypt	location	egypt
seo:timelineEvent.summary	wld-pg-cambyses-egypt	0	90	Persian	topic	persians
seo:timelineEvent.summary	wld-pg-cyrus-decree	0	23	Babylon	location	babylon
seo:timelineEvent.summary	wld-pg-cyrus-decree	0	66	Jewish	topic	jews
seo:timelineEvent.summary	wld-pg-cyrus-decree	0	107	the Temple	topic	the-temple
seo:timelineEvent.summary	wld-pg-cyrus-decree	0	133	Jerusalem	location	jerusalem
seo:timelineEvent.summary	wld-pg-darius-consolidation	0	25	Persian	topic	persians
seo:timelineEvent.summary	wld-pg-darius-consolidation	0	124	Jerusalem	location	jerusalem
seo:timelineEvent.summary	wld-pg-death-of-alexander	0	27	Babylon	location	babylon
seo:timelineEvent.summary	wld-pg-death-of-alexander	0	61	Daniel	person	daniel
seo:timelineEvent.summary	wld-pg-esther-becomes-queen	0	2	Jewish	topic	jews
seo:timelineEvent.summary	wld-pg-esther-becomes-queen	0	22	Esther	person	esther
seo:timelineEvent.summary	wld-pg-esther-becomes-queen	0	40	Susa	location	susa
seo:timelineEvent.summary	wld-pg-esther-becomes-queen	0	59	Mordecai	person	mordecai
seo:timelineEvent.summary	wld-pg-esther-saves-her-people	0	6	Esther	person	esther
seo:timelineEvent.summary	wld-pg-esther-saves-her-people	0	65	the Jews	topic	jews
seo:timelineEvent.summary	wld-pg-fall-of-babylon	0	20	Babylon	location	babylon
seo:timelineEvent.summary	wld-pg-fall-of-babylon	0	98	Daniel	person	daniel
seo:timelineEvent.summary	wld-pg-hellenistic-kingdoms	0	120	Judea	location	judea
seo:timelineEvent.summary	wld-pg-hellenistic-kingdoms	0	160	Daniel	person	daniel
seo:timelineEvent.summary	wld-pg-ionian-revolt	0	0	Greek	topic	greeks
seo:timelineEvent.summary	wld-pg-ionian-revolt	0	16	Asia Minor	location	asia-province
seo:timelineEvent.summary	wld-pg-ionian-revolt	0	41	Persian	topic	persians
seo:timelineEvent.summary	wld-pg-peloponnesian-war	0	30	Athens	location	athens
seo:timelineEvent.summary	wld-pg-peloponnesian-war	0	61	Greek	topic	greeks
seo:timelineEvent.summary	wld-pg-philip-of-macedon	0	61	Greek	topic	greeks
seo:timelineEvent.summary	wld-pg-rise-of-cyrus	0	88	Persian	topic	persians
seo:timelineEvent.summary	wld-pg-rise-of-cyrus	0	144	Isaiah	person	isaiah
seo:timelineEvent.summary	wld-pg-siege-of-tyre	0	42	Tyre	location	tyre
seo:timelineEvent.summary	wld-pg-siege-of-tyre	0	150	Ezekiel	person	ezekiel
seo:timelineEvent.summary	wld-pg-siege-of-tyre	0	185	Tyre	location	tyre
seo:timelineEvent.summary	wld-pg-xerxes-becomes-king	0	83	Persian	topic	persians
seo:timelineEvent.summary	wld-pg-xerxes-invades-greece	0	92	Salamis	poi	salamis
seo:timelineEvent.summary	wld-rom-augustus-becomes-emperor	0	13	Roman	topic	romans
seo:timelineEvent.summary	wld-rom-augustus-becomes-emperor	0	34	Octavian	person	caesar-augustus
seo:timelineEvent.summary	wld-rom-augustus-becomes-emperor	0	54	Augustus	person	caesar-augustus
seo:timelineEvent.summary	wld-rom-augustus-becomes-emperor	0	93	Roman	topic	romans
seo:timelineEvent.summary	wld-rom-augustus-becomes-emperor	0	187	Caesar Augustus	person	caesar-augustus
seo:timelineEvent.summary	wld-rom-augustus-becomes-emperor	0	256	Joseph	person	joseph-husband-of-mary
seo:timelineEvent.summary	wld-rom-augustus-becomes-emperor	0	267	Mary	person	mary-mother-of-jesus
seo:timelineEvent.summary	wld-rom-augustus-becomes-emperor	0	275	Bethlehem	location	bethlehem
seo:timelineEvent.summary	wld-rom-augustus-becomes-emperor	0	302	Jesus	person	jesus-of-nazareth
seo:timelineEvent.summary	wld-rom-bar-kokhba-revolt	0	38	Jerusalem	location	jerusalem
seo:timelineEvent.summary	wld-rom-bar-kokhba-revolt	0	59	Roman	topic	romans
seo:timelineEvent.summary	wld-rom-bar-kokhba-revolt	0	71	Jewish	topic	jews
seo:timelineEvent.summary	wld-rom-bar-kokhba-revolt	0	133	messiah	topic	the-christ
seo:timelineEvent.summary	wld-rom-bar-kokhba-revolt	0	181	Rome	location	rome
seo:timelineEvent.summary	wld-rom-bar-kokhba-revolt	0	242	Jews	topic	jews
seo:timelineEvent.summary	wld-rom-bar-kokhba-revolt	0	264	Jerusalem	location	jerusalem
seo:timelineEvent.summary	wld-rom-battle-of-actium	0	64	Octavian	person	caesar-augustus
seo:timelineEvent.summary	wld-rom-battle-of-actium	0	112	Mark Antony	person	mark-antony
seo:timelineEvent.summary	wld-rom-battle-of-actium	0	141	Egypt	location	egypt
seo:timelineEvent.summary	wld-rom-battle-of-actium	0	156	Octavian	person	caesar-augustus
seo:timelineEvent.summary	wld-rom-battle-of-actium	0	188	Roman	topic	romans
seo:timelineEvent.summary	wld-rom-battle-of-actium	0	242	Roman	topic	romans
seo:timelineEvent.summary	wld-rom-caesar-crosses-rubicon	0	114	Roman	topic	romans
seo:timelineEvent.summary	wld-rom-claudius-emperor	0	0	Claudius	person	claudius-caesar
seo:timelineEvent.summary	wld-rom-claudius-emperor	0	114	Jewish	topic	jews
seo:timelineEvent.summary	wld-rom-claudius-emperor	0	136	Rome	location	rome
seo:timelineEvent.summary	wld-rom-claudius-emperor	0	201	Aquila	person	aquila
seo:timelineEvent.summary	wld-rom-claudius-emperor	0	212	Priscilla	person	priscilla
seo:timelineEvent.summary	wld-rom-claudius-emperor	0	225	Corinth	location	corinth
seo:timelineEvent.summary	wld-rom-claudius-emperor	0	282	Paul	person	paul-of-tarsus
seo:timelineEvent.summary	wld-rom-destruction-of-jerusalem	0	44	Roman	topic	romans
seo:timelineEvent.summary	wld-rom-destruction-of-jerusalem	0	78	Jerusalem	location	jerusalem
seo:timelineEvent.summary	wld-rom-destruction-of-jerusalem	0	195	Jesus	person	jesus-of-nazareth
seo:timelineEvent.summary	wld-rom-destruction-of-jerusalem	0	241	the Temple	topic	the-temple
seo:timelineEvent.summary	wld-rom-fall-of-masada	0	18	Jerusalem	location	jerusalem
seo:timelineEvent.summary	wld-rom-fall-of-masada	0	53	Jewish	topic	jews
seo:timelineEvent.summary	wld-rom-fall-of-masada	0	108	Masada	poi	masada
seo:timelineEvent.summary	wld-rom-fall-of-masada	0	124	Dead Sea	location	dead-sea
seo:timelineEvent.summary	wld-rom-fall-of-masada	0	153	Roman	topic	romans
seo:timelineEvent.summary	wld-rom-fall-of-masada	0	241	Rome	location	rome
seo:timelineEvent.summary	wld-rom-founding-of-republic	0	21	Rome	location	rome
seo:timelineEvent.summary	wld-rom-founding-of-rome	0	0	Roman	topic	romans
seo:timelineEvent.summary	wld-rom-great-fire-nero-persecution	0	38	Rome	location	rome
seo:timelineEvent.summary	wld-rom-great-fire-nero-persecution	0	91	Nero	person	nero-caesar
seo:timelineEvent.summary	wld-rom-great-fire-nero-persecution	0	225	Roman	topic	romans
seo:timelineEvent.summary	wld-rom-jewish-revolt-begins	0	17	Roman	topic	romans
seo:timelineEvent.summary	wld-rom-jewish-revolt-begins	0	50	Jewish	topic	jews
seo:timelineEvent.summary	wld-rom-jewish-revolt-begins	0	177	Jerusalem	location	jerusalem
seo:timelineEvent.summary	wld-rom-jewish-revolt-begins	0	220	Jesus	person	jesus-of-nazareth
seo:timelineEvent.summary	wld-rom-martyrdom-peter-paul	0	52	Peter	person	simon-peter
seo:timelineEvent.summary	wld-rom-martyrdom-peter-paul	0	62	Paul	person	paul-of-tarsus
seo:timelineEvent.summary	wld-rom-martyrdom-peter-paul	0	84	Rome	location	rome
seo:timelineEvent.summary	wld-rom-martyrdom-peter-paul	0	95	Nero	person	nero-caesar
seo:timelineEvent.summary	wld-rom-martyrdom-peter-paul	0	102	Peter	person	simon-peter
seo:timelineEvent.summary	wld-rom-martyrdom-peter-paul	0	173	Paul	person	paul-of-tarsus
seo:timelineEvent.summary	wld-rom-martyrdom-peter-paul	0	184	Roman	topic	romans
seo:timelineEvent.summary	wld-rom-nero-emperor	0	0	Claudius	person	claudius-caesar
seo:timelineEvent.summary	wld-rom-nero-emperor	0	23	Nero	person	nero-caesar
seo:timelineEvent.summary	wld-rom-pompey-conquers-jerusalem	0	9	Roman	topic	romans
seo:timelineEvent.summary	wld-rom-pompey-conquers-jerusalem	0	43	Jerusalem	location	jerusalem
seo:timelineEvent.summary	wld-rom-pompey-conquers-jerusalem	0	102	Jewish	topic	jews
seo:timelineEvent.summary	wld-rom-pompey-conquers-jerusalem	0	141	the Temple	topic	the-temple
seo:timelineEvent.summary	wld-rom-pompey-conquers-jerusalem	0	193	Judea	location	judea
seo:timelineEvent.summary	wld-rom-pompey-conquers-jerusalem	0	201	Roman	topic	romans
seo:timelineEvent.summary	wld-rom-pompey-conquers-jerusalem	0	233	Rome	location	rome
seo:timelineEvent.summary	wld-rom-pompey-conquers-jerusalem	0	273	Jewish	topic	jews
seo:timelineEvent.summary	wld-rom-punic-wars	0	48	Rome	location	rome
seo:timelineEvent.summary	wld-rom-tiberius-emperor	0	0	Augustus	person	caesar-augustus
seo:timelineEvent.summary	wld-rom-tiberius-emperor	0	19	Tiberius	person	tiberius-caesar
seo:timelineEvent.summary	wld-rom-tiberius-emperor	0	35	Rome	location	rome
seo:timelineEvent.summary	wld-rom-tiberius-emperor	0	146	Tiberius Caesar	person	tiberius-caesar
seo:timelineEvent.summary	wld-rom-tiberius-emperor	0	179	John the Baptist	person	john-the-baptist
seo:timelineEvent.summary	wld-rom-tiberius-emperor	0	233	Tiberius	person	tiberius-caesar
seo:timelineEvent.summary	wld-rom-tiberius-emperor	0	268	Jesus	person	jesus-of-nazareth
seo:timelineEvent.summary	wld-rom-tiberius-emperor	0	305	Roman	topic	romans
seo:timelineEvent.summary	wld-rom-tiberius-emperor	0	320	Pontius Pilate	person	pontius-pilate
seo:timelineEvent.summary	wld-rom-trajan-persecution	0	19	Roman	topic	romans
seo:timelineEvent.summary	wld-rom-trajan-persecution	0	291	Rome	location	rome
seo:timelineEvent.summary	wycliffe-english-bible-c1382	0	35	John Wycliffe	person	john-wycliffe
seo:timelineEvent.summary	zurich-reformation-1523	0	48	Huldrych Zwingli	person	huldrych-zwingli
seo:topic.summary	4qmmt	0	44	Jewish	topic	jews
seo:topic.summary	4qmmt	0	131	Paul	person	paul-of-tarsus
seo:topic.summary	4qsamuel-a	0	59	Qumran	poi	qumran
seo:topic.summary	4qsamuel-a	0	101	Greek	topic	greeks
seo:topic.summary	4qsamuel-a	0	107	Septuagint	topic	septuagint
seo:topic.summary	ai-candidate-sites	0	34	Ai	location	ai
seo:topic.summary	aleppo-codex	0	11	Tiberias	location	tiberias
seo:topic.summary	alexamenos-graffito	0	72	Rome	location	rome
seo:topic.summary	alexamenos-graffito	0	249	the crucifixion	timeline	bib-loc-crucifixion
seo:topic.summary	amarna-letters	0	43	Egyptian	topic	egyptians
seo:topic.summary	angels	0	189	Michael	person	michael-archangel
seo:topic.summary	angels	0	201	Gabriel	person	gabriel-archangel
seo:topic.summary	babylonian-chronicles	0	76	Babylonian	topic	babylonians
seo:topic.summary	babylonian-chronicles	0	169	Jerusalem	location	jerusalem
seo:topic.summary	babylonians	0	60	Jerusalem	location	jerusalem
seo:topic.summary	babylonians	0	74	Solomon	person	solomon
seo:topic.summary	babylonians	0	163	Daniel	person	daniel
seo:topic.summary	babylonians	0	190	the fiery furnace	timeline	bib-er-fiery-furnace
seo:topic.summary	bar-kokhba-letters	0	39	Dead Sea	location	dead-sea
seo:topic.summary	baruch-bullae	0	139	Jeremiah	person	jeremiah
seo:topic.summary	beni-hasan-tomb-painting	0	31	Egyptian	topic	egyptians
seo:topic.summary	beni-hasan-tomb-painting	0	107	Egyptian	topic	egyptians
seo:topic.summary	bethlehem-bulla	0	88	Bethlehem	location	bethlehem
seo:topic.summary	bethsaida-candidate-sites	0	0	Peter	person	simon-peter
seo:topic.summary	bethsaida-candidate-sites	0	7	Andrew	person	andrew-apostle
seo:topic.summary	bethsaida-candidate-sites	0	18	Philip	person	philip-the-apostle
seo:topic.summary	bethsaida-candidate-sites	0	35	Bethsaida	poi	bethsaida
seo:topic.summary	bodmer-papyri	0	13	Greek	topic	greeks
seo:topic.summary	bodmer-papyri	0	137	Egypt	location	egypt
seo:topic.summary	bubastite-portal	0	118	Egyptian	topic	egyptians
seo:topic.summary	bubastite-portal	0	175	Jerusalem	location	jerusalem
seo:topic.summary	burnt-house-jerusalem	0	14	Jerusalem	location	jerusalem
seo:topic.summary	caiaphas-ossuary	0	124	Jesus	person	jesus-of-nazareth
seo:topic.summary	caiaphas-ossuary	0	133	Pilate	person	pontius-pilate
seo:topic.summary	cairo-codex-of-the-prophets	0	88	Aleppo Codex	topic	aleppo-codex
seo:topic.summary	cairo-geniza	0	0	Jewish	topic	jews
seo:topic.summary	canaanites	0	73	Joshua	person	joshua
seo:topic.summary	casting-lots	0	237	Roman	topic	romans
seo:topic.summary	casting-lots	0	266	Jesus	person	jesus-of-nazareth
seo:topic.summary	cherubim	0	215	Ezekiel	person	ezekiel
seo:topic.summary	chester-beatty-papyri	0	37	Egyptian	topic	egyptians
seo:topic.summary	chief-priests	0	37	Jerusalem	location	jerusalem
seo:topic.summary	chief-priests	0	179	the temple	topic	the-temple
seo:topic.summary	chief-priests	0	222	Jesus	person	jesus-of-nazareth
seo:topic.summary	codex-alexandrinus	0	32	Greek	topic	greeks
seo:topic.summary	codex-claromontanus	0	34	Paul	person	paul-of-tarsus
seo:topic.summary	codex-ephraemi-rescriptus	0	8	Greek	topic	greeks
seo:topic.summary	codex-sinaiticus	0	90	Mount Sinai	poi	mount-sinai
seo:topic.summary	codex-vaticanus	0	21	Greek	topic	greeks
seo:topic.summary	codex-vaticanus	0	120	Codex Sinaiticus	topic	codex-sinaiticus
seo:topic.summary	codex-washingtonianus	0	153	Greek	topic	greeks
seo:topic.summary	comma-johanneum	0	57	the Holy Spirit	person	holy-spirit
seo:topic.summary	comma-johanneum	0	187	Greek	topic	greeks
seo:topic.summary	community-rule	0	33	Jewish	topic	jews
seo:topic.summary	community-rule	0	57	Dead Sea	location	dead-sea
seo:topic.summary	coptic-versions	0	31	Egyptian	topic	egyptians
seo:topic.summary	coptic-versions	0	52	Greek	topic	greeks
seo:topic.summary	coptic-versions	0	114	Egyptian	topic	egyptians
seo:topic.summary	crucified-man-givat-hamivtar	0	69	Jerusalem	location	jerusalem
seo:topic.summary	cyrus-cylinder	0	89	Babylon	location	babylon
seo:topic.summary	cyrus-cylinder	0	119	Persian	topic	persians
seo:topic.summary	damascus-document	0	41	synagogue	topic	synagogue
seo:topic.summary	damascus-document	0	169	Qumran	poi	qumran
seo:topic.summary	day-of-preparation	0	13	Jewish	topic	jews
seo:topic.summary	day-of-preparation	0	48	Sabbath	topic	sabbath
seo:topic.summary	day-of-preparation	0	85	Passover	topic	passover
seo:topic.summary	day-of-preparation	0	177	Sabbath	topic	sabbath
seo:topic.summary	day-of-preparation	0	245	Jesus	person	jesus-of-nazareth
seo:topic.summary	dead-sea-scrolls	0	68	Dead Sea	location	dead-sea
seo:topic.summary	deir-alla-inscription	0	41	the Jordan	location	jordan-river
seo:topic.summary	deir-alla-inscription	0	95	Balaam son of Beor	person	balaam
seo:topic.summary	demons	0	30	Satan	person	satan
seo:topic.summary	demons	0	156	Jesus	person	jesus-of-nazareth
seo:topic.summary	diatessaron	0	197	Greek	topic	greeks
seo:topic.summary	ebla-tablets	0	51	Abraham	person	abraham
seo:topic.summary	edomites	0	26	Jacob	person	jacob
seo:topic.summary	edomites	0	47	Esau	person	esau
seo:topic.summary	edomites	0	74	Dead Sea	location	dead-sea
seo:topic.summary	egerton-papyrus-2	0	206	the Jordan	location	jordan-river
seo:topic.summary	egyptians	0	200	Jacob	person	jacob
seo:topic.summary	egyptians	0	233	Jesus	person	jesus-of-nazareth
seo:topic.summary	ekron-royal-dedicatory-inscription	0	166	Ekron	location	ekron
seo:topic.summary	elephantine-papyri	0	40	Jewish	topic	jews
seo:topic.summary	elephantine-papyri	0	157	Jerusalem	location	jerusalem
seo:topic.summary	en-gedi-leviticus-scroll	0	47	synagogue	topic	synagogue
seo:topic.summary	enuma-elish	0	4	Babylonian	topic	babylonians
seo:topic.summary	execration-texts	0	19	Egyptians	topic	egyptians
seo:topic.summary	execration-texts	0	202	Jerusalem	location	jerusalem
seo:topic.summary	execration-texts	0	213	Shechem	poi	shechem
seo:topic.summary	execration-texts	0	225	Ashkelon	location	ashkelon
seo:topic.summary	family-1-and-family-13	0	25	Greek	topic	greeks
seo:topic.summary	galilee-boat	0	29	Jesus	person	jesus-of-nazareth
seo:topic.summary	gehenna	0	45	Jerusalem	location	jerusalem
seo:topic.summary	gehenna	0	137	Josiah	person	josiah
seo:topic.summary	gehenna	0	155	Jeremiah	person	jeremiah
seo:topic.summary	gehenna	0	172	Jesus	person	jesus-of-nazareth
seo:topic.summary	gemariah-bulla	0	63	City of David	poi	city-of-david
seo:topic.summary	gemariah-bulla	0	207	Jeremiah	person	jeremiah
seo:topic.summary	genesis-apocryphon	0	47	Dead Sea	location	dead-sea
seo:topic.summary	genesis-apocryphon	0	114	Abram	person	abraham
seo:topic.summary	gospel-of-jesus-wife-fragment	0	63	Rome	location	rome
seo:topic.summary	gospel-of-judas	0	36	Jesus	person	jesus-of-nazareth
seo:topic.summary	gospel-of-judas	0	48	Judas Iscariot	person	judas-iscariot
seo:topic.summary	gospel-of-thomas	0	36	Jesus	person	jesus-of-nazareth
seo:topic.summary	gospel-of-thomas	0	167	Greek	topic	greeks
seo:topic.summary	great-isaiah-scroll	0	80	Isaiah	person	isaiah
seo:topic.summary	greek-minor-prophets-scroll	0	44	Qumran	poi	qumran
seo:topic.summary	greek-minor-prophets-scroll	0	90	Greek	topic	greeks
seo:topic.summary	greek-minor-prophets-scroll	0	114	Septuagint	topic	septuagint
seo:topic.summary	greeks	0	78	Jewish	topic	jews
seo:topic.summary	greeks	0	136	Paul	person	paul-of-tarsus
seo:topic.summary	habakkuk-pesher	0	174	Qumran	poi	qumran
seo:topic.summary	hezekiah-bulla	0	63	Hezekiah	person	hezekiah
seo:topic.summary	hezekiah-bulla	0	82	Ahaz	person	ahaz
seo:topic.summary	holy-of-holies	0	42	Tabernacle	topic	tabernacle
seo:topic.summary	holy-of-holies	0	63	the Temple	topic	the-temple
seo:topic.summary	holy-of-holies	0	219	Jesus	person	jesus-of-nazareth
seo:topic.summary	ipuwer-papyrus	0	41	Egyptian	topic	egyptians
seo:topic.summary	ipuwer-papyrus	0	141	Egyptian	topic	egyptians
seo:topic.summary	israelites	0	19	Jacob	person	jacob
seo:topic.summary	israelites	0	119	Abraham	person	abraham
seo:topic.summary	israelites	0	195	Jesus	person	jesus-of-nazareth
seo:topic.summary	james-ossuary	0	167	Judea	location	judea
seo:topic.summary	jehoash-inscription	0	77	the temple	topic	the-temple
seo:topic.summary	jehucal-gedaliah-bullae	0	59	City of David	poi	city-of-david
seo:topic.summary	jehucal-gedaliah-bullae	0	192	Jeremiah	person	jeremiah
seo:topic.summary	jewish-elders	0	140	chief priests	topic	chief-priests
seo:topic.summary	jewish-elders	0	162	scribes	topic	scribes
seo:topic.summary	jewish-elders	0	225	Jesus	person	jesus-of-nazareth
seo:topic.summary	jews	0	140	Jesus	person	jesus-of-nazareth
seo:topic.summary	ketef-hinnom-amulets	0	89	Hinnom	topic	gehenna
seo:topic.summary	ketef-hinnom-amulets	0	241	Dead Sea	location	dead-sea
seo:topic.summary	khirbet-qeiyafa	0	57	David and Goliath	timeline	bib-um-david-and-goliath
seo:topic.summary	kurkh-monolith	0	159	Assyrian	topic	assyrians
seo:topic.summary	lachish-letters	0	169	Lachish	location	lachish
seo:topic.summary	lachish-reliefs	0	28	Assyrian	topic	assyrians
seo:topic.summary	large-stone-structure	0	42	City of David	poi	city-of-david
seo:topic.summary	large-stone-structure	0	105	David	person	david
seo:topic.summary	leningrad-codex	0	145	Aleppo Codex	topic	aleppo-codex
seo:topic.summary	levites	0	25	Jacob	person	jacob
seo:topic.summary	levites	0	91	tabernacle	topic	tabernacle
seo:topic.summary	masoretic-text	0	43	Jewish	topic	jews
seo:topic.summary	masoretic-text	0	50	scribes	topic	scribes
seo:topic.summary	masoretic-text	0	61	Tiberias	location	tiberias
seo:topic.summary	mesha-stele	0	42	Moab	location	moab
seo:topic.summary	minuscule-33	0	16	Greek	topic	greeks
seo:topic.summary	moabites-and-ammonites	0	40	Abraham	person	abraham
seo:topic.summary	moabites-and-ammonites	0	78	Dead Sea	location	dead-sea
seo:topic.summary	moabites-and-ammonites	0	152	Ruth	person	ruth
seo:topic.summary	moabites-and-ammonites	0	163	David	person	david
seo:topic.summary	muratorian-fragment	0	154	Rome	location	rome
seo:topic.summary	museum-of-the-bible-scroll-fragments	0	64	Dead Sea	location	dead-sea
seo:topic.summary	nabonidus-cylinder	0	48	Ur	location	ur
seo:topic.summary	nabonidus-cylinder	0	77	Babylon	location	babylon
seo:topic.summary	nag-hammadi-codices	0	67	Egypt	location	egypt
seo:topic.summary	nag-hammadi-codices	0	142	Greek	topic	greeks
seo:topic.summary	nash-papyrus	0	31	Egypt	location	egypt
seo:topic.summary	nathan-melech-bulla	0	32	City of David	poi	city-of-david
seo:topic.summary	nazareth-inscription	0	132	Roman	topic	romans
seo:topic.summary	new-covenant	0	32	Jeremiah	person	jeremiah
seo:topic.summary	new-covenant	0	162	Jesus	person	jesus-of-nazareth
seo:topic.summary	new-covenant	0	208	the Last Supper	timeline	bib-loc-last-supper
seo:topic.summary	nicene-creed	0	35	the Council of Nicaea	timeline	bib-ac-council-of-nicaea
seo:topic.summary	nicene-creed	0	295	Jesus Christ	person	jesus-of-nazareth
seo:topic.summary	nimrud-ivories	0	88	Assyrian	topic	assyrians
seo:topic.summary	noahs-ark-claims	0	69	Mount Ararat	location	mount-ararat
seo:topic.summary	old-syriac-gospels	0	44	Peshitta	topic	peshitta
seo:topic.summary	old-syriac-gospels	0	122	Egyptian	topic	egyptians
seo:topic.summary	old-syriac-gospels	0	198	Mount Sinai	poi	mount-sinai
seo:topic.summary	oxyrhynchus-papyri	0	84	Egyptian	topic	egyptians
seo:topic.summary	papyrus-75	0	18	Luke	person	luke-evangelist
seo:topic.summary	papyrus-75	0	93	Codex Vaticanus	topic	codex-vaticanus
seo:topic.summary	passover	0	11	Jewish	topic	jews
seo:topic.summary	passover	0	82	Egypt	location	egypt
seo:topic.summary	persians	0	48	Babylon	location	babylon
seo:topic.summary	persians	0	112	the Temple	topic	the-temple
seo:topic.summary	persians	0	163	Esther	person	esther
seo:topic.summary	persians	0	182	Nehemiah	person	nehemiah
seo:topic.summary	persians	0	207	Jerusalem	location	jerusalem
seo:topic.summary	pharisees-and-sadducees-compared	0	155	the resurrection	timeline	bib-loc-resurrection
seo:topic.summary	pilate-ring	0	20	Herodium	poi	herodium
seo:topic.summary	pilate-ring	0	80	Pilate	person	pontius-pilate
seo:topic.summary	pilate-ring	0	234	Pilate	person	pontius-pilate
seo:topic.summary	pilate-stone	0	52	Caesarea Maritima	poi	caesarea-maritima
seo:topic.summary	pilate-stone	0	125	Pilate	person	pontius-pilate
seo:topic.summary	pilgrimage-road-jerusalem	0	68	Pool of Siloam	poi	pool-of-siloam
seo:topic.summary	pilgrimage-road-jerusalem	0	86	the Temple	topic	the-temple
seo:topic.summary	place-of-trumpeting-inscription	0	61	Temple Mount	location	mount-moriah
seo:topic.summary	politarch-inscriptions	0	0	Luke	person	luke-evangelist
seo:topic.summary	politarch-inscriptions	0	30	Thessalonica	location	thessalonica
seo:topic.summary	politarch-inscriptions	0	97	Greek	topic	greeks
seo:topic.summary	romans	0	22	Judea	location	judea
seo:topic.summary	romans	0	39	Jesus	person	jesus-of-nazareth
seo:topic.summary	romans	0	88	the crucifixion	timeline	bib-loc-crucifixion
seo:topic.summary	romans	0	129	Paul	person	paul-of-tarsus
seo:topic.summary	ron-wyatt-claimed-discoveries	0	0	Noah	person	noah
seo:topic.summary	ron-wyatt-claimed-discoveries	0	65	Red Sea	location	red-sea
seo:topic.summary	ron-wyatt-claimed-discoveries	0	117	Golgotha	poi	golgotha
seo:topic.summary	sabbath	0	132	Jesus	person	jesus-of-nazareth
seo:topic.summary	samaria-ostraca	0	62	Samaria	location	samaria
seo:topic.summary	samaritan-pentateuch	0	4	Samaritans	topic	samaritans
seo:topic.summary	samaritan-pentateuch	0	20	Torah	topic	torah
seo:topic.summary	samaritan-pentateuch	0	88	Jewish	topic	jews
seo:topic.summary	samaritans	0	61	Samaria	location	samaria
seo:topic.summary	samaritans	0	159	Jews	topic	jews
seo:topic.summary	samaritans	0	199	Jesus	person	jesus-of-nazareth
seo:topic.summary	scribes	0	248	Jesus	person	jesus-of-nazareth
seo:topic.summary	sennacherib-prism	0	120	Hezekiah	person	hezekiah
seo:topic.summary	sennacherib-prism	0	135	Jerusalem	location	jerusalem
seo:topic.summary	septuagint	0	46	Greek	topic	greeks
seo:topic.summary	septuagint	0	62	Alexandria	location	alexandria
seo:topic.summary	sergius-paulus-inscriptions	0	15	Roman	topic	romans
seo:topic.summary	sergius-paulus-inscriptions	0	33	Cyprus	location	cyprus
seo:topic.summary	sergius-paulus-inscriptions	0	53	Paul	person	paul-of-tarsus
seo:topic.summary	sergius-paulus-inscriptions	0	62	Barnabas	person	barnabas
seo:topic.summary	shema-seal	0	25	Megiddo	poi	megiddo
seo:topic.summary	siloam-inscription	0	34	Hezekiah's Tunnel	topic	hezekiahs-tunnel
seo:topic.summary	siloam-inscription	0	58	Jerusalem	location	jerusalem
seo:topic.summary	soleb-yhw-inscription	0	18	Egyptian	topic	egyptians
seo:topic.summary	son-of-man	0	11	Jesus	person	jesus-of-nazareth
seo:topic.summary	stepped-stone-structure	0	78	City of David	poi	city-of-david
seo:topic.summary	synagogue	0	10	Jewish	topic	jews
seo:topic.summary	synagogue	0	107	Babylonian	topic	babylonians
seo:topic.summary	synagogue	0	173	Jesus	person	jesus-of-nazareth
seo:topic.summary	synagogue	0	198	Paul	person	paul-of-tarsus
seo:topic.summary	talpiot-tomb	0	38	Jerusalem	location	jerusalem
seo:topic.summary	talpiot-tomb	0	197	Jesus	person	jesus-of-nazareth
seo:topic.summary	tel-dan-stele	0	58	Dan	location	dan
seo:topic.summary	tel-dan-stele	0	140	David	person	david
seo:topic.summary	tel-hazor	0	11	Canaanite	topic	canaanites
seo:topic.summary	tell-es-safi-ostracon	0	46	Philistine	topic	philistines
seo:topic.summary	tell-es-safi-ostracon	0	57	Gath	location	gath
seo:topic.summary	tell-es-safi-ostracon	0	134	Canaanites	topic	canaanites
seo:topic.summary	temple-mount-sifting-project	0	45	the Temple	topic	the-temple
seo:topic.summary	temple-warning-inscription	0	88	the Temple	topic	the-temple
seo:topic.summary	temple-warning-inscription	0	127	Paul	person	paul-of-tarsus
seo:topic.summary	thanksgiving-hymns	0	50	Qumran	poi	qumran
seo:topic.summary	the-christ	0	27	Greek	topic	greeks
seo:topic.summary	the-christ	0	215	Jesus	person	jesus-of-nazareth
seo:topic.summary	the-temple	0	41	Jerusalem	location	jerusalem
seo:topic.summary	the-temple	0	78	Tabernacle	topic	tabernacle
seo:topic.summary	the-temple	0	105	Solomon	person	solomon
seo:topic.summary	the-temple	0	145	Babylon	location	babylon
seo:topic.summary	the-temple	0	240	Rome	location	rome
seo:topic.summary	the-temple	0	268	Jesus	person	jesus-of-nazareth
seo:topic.summary	the-trinity	0	124	the Holy Spirit	person	holy-spirit
seo:topic.summary	theodotus-inscription	0	13	Greek	topic	greeks
seo:topic.summary	theodotus-inscription	0	51	synagogue	topic	synagogue
seo:topic.summary	theodotus-inscription	0	64	Jerusalem	location	jerusalem
seo:topic.summary	theodotus-inscription	0	188	synagogue	topic	synagogue
seo:topic.summary	timna-valley-mines	0	69	Solomon	person	solomon
seo:topic.summary	timna-valley-mines	0	105	Egypt	location	egypt
seo:topic.summary	topic-pharisees	0	15	Jewish	topic	jews
seo:topic.summary	topic-pharisees	0	155	Jesus	person	jesus-of-nazareth
seo:topic.summary	topic-pharisees	0	239	Paul	person	paul-of-tarsus
seo:topic.summary	topic-sadducees	0	20	Jewish	topic	jews
seo:topic.summary	topic-sadducees	0	49	Jerusalem	location	jerusalem
seo:topic.summary	topic-sadducees	0	104	Pharisees	topic	topic-pharisees
seo:topic.summary	topic-sadducees	0	145	the resurrection	timeline	bib-loc-resurrection
seo:topic.summary	topic-sadducees	0	163	angels	topic	angels
seo:topic.summary	topic-sadducees	0	240	the temple	topic	the-temple
seo:topic.summary	torah	0	122	Jesus	person	jesus-of-nazareth
seo:topic.summary	ugarit-tablets	0	104	Canaanite	topic	canaanites
seo:topic.summary	vetus-latina	0	185	Greek	topic	greeks
seo:topic.summary	warrens-shaft	0	87	Jerusalem	location	jerusalem
seo:topic.summary	young-earth-old-earth-creationism	0	85	Adam	person	adam
seo:topic.summary	young-earth-old-earth-creationism	0	94	Eve	person	eve
