1 Chronicles 10:10	topic	the-temple	WEB=0	KJV=1:the temple	ASV=0
1 Chronicles 11:16	location	bethlehem	WEB=1:Bethlehem	KJV=1:Bethlehem	ASV=0
1 Chronicles 11:17	location	bethlehem	WEB=1:Bethlehem	KJV=1:Bethlehem	ASV=0
1 Chronicles 11:18	location	bethlehem	WEB=1:Bethlehem	KJV=1:Bethlehem	ASV=0
1 Chronicles 11:26	location	bethlehem	WEB=1:Bethlehem	KJV=1:Bethlehem	ASV=0
1 Chronicles 11:5	person	david	WEB=3:David	KJV=2:David	ASV=2:David
1 Chronicles 11:5	poi	city-of-david	WEB=0	KJV=1:city of David	ASV=1:city of David
1 Chronicles 11:7	person	david	WEB=2:David	KJV=1:David	ASV=1:David
1 Chronicles 11:7	poi	city-of-david	WEB=0	KJV=1:city of David	ASV=1:city of David
1 Chronicles 12:15	location	jordan-river	WEB=1:the Jordan	KJV=0	ASV=1:the Jordan
1 Chronicles 12:27	person	aaron	WEB=1:Aaron	KJV=0	ASV=1:Aaron
1 Chronicles 12:37	location	jordan-river	WEB=1:the Jordan	KJV=0	ASV=1:the Jordan
1 Chronicles 13:13	person	david	WEB=2:David	KJV=1:David	ASV=1:David
1 Chronicles 13:13	poi	city-of-david	WEB=0	KJV=1:city of David	ASV=1:city of David
1 Chronicles 13:6	topic	cherubim	WEB=1:cherubim	KJV=0	ASV=1:cherubim
1 Chronicles 15:1	person	david	WEB=2:David	KJV=1:David	ASV=1:David
1 Chronicles 15:1	poi	city-of-david	WEB=0	KJV=1:city of David	ASV=1:city of David
1 Chronicles 15:24	person	jehoshaphat	WEB=0	KJV=1:Jehoshaphat	ASV=0
1 Chronicles 15:29	person	david	WEB=2:David	KJV=1:David	ASV=1:David
1 Chronicles 15:29	poi	city-of-david	WEB=0	KJV=1:city of David	ASV=1:city of David
1 Chronicles 17:5	topic	tabernacle	WEB=0	KJV=1:tabernacle	ASV=1:tabernacle
1 Chronicles 18:6	location	damascus	WEB=1:Damascus	KJV=0	ASV=1:Damascus
1 Chronicles 19:17	location	jordan-river	WEB=1:the Jordan	KJV=0	ASV=1:the Jordan
1 Chronicles 1:13	location	sidon	WEB=1:Sidon	KJV=0	ASV=1:Sidon
1 Chronicles 1:3	person	enoch	WEB=1:Enoch	KJV=0	ASV=1:Enoch
1 Chronicles 21:2	poi	beersheba	WEB=1:Beersheba	KJV=1:Beersheba	ASV=0
1 Chronicles 23:27	topic	levites	WEB=0	KJV=1:Levites	ASV=0
1 Chronicles 23:4	person	david	WEB=1:David	KJV=0	ASV=0
1 Chronicles 23:5	person	david	WEB=0	KJV=1:David	ASV=1:David
1 Chronicles 26:16	topic	casting-lots	WEB=0	KJV=1:the lot	ASV=0
1 Chronicles 26:30	location	jordan-river	WEB=1:the Jordan	KJV=0	ASV=1:the Jordan
1 Chronicles 27:17	person	aaron	WEB=1:Aaron	KJV=0	ASV=1:Aaron
1 Chronicles 27:17	topic	levites	WEB=0	KJV=1:Levites	ASV=0
1 Chronicles 28:11	topic	the-temple	WEB=1:the temple	KJV=0	ASV=1:the temple
1 Chronicles 28:18	topic	cherubim	WEB=1:cherubim	KJV=0	ASV=1:cherubim
1 Chronicles 29:29	person	samuel	WEB=1:Samuel	KJV=0	ASV=1:Samuel
1 Chronicles 2:4	person	perez	WEB=1:Perez	KJV=0	ASV=1:Perez
1 Chronicles 2:5	person	perez	WEB=1:Perez	KJV=0	ASV=1:Perez
1 Chronicles 2:50	location	bethlehem	WEB=1:Ephrathah	KJV=0	ASV=1:Ephrathah
1 Chronicles 2:51	location	bethlehem	WEB=1:Bethlehem	KJV=1:Bethlehem	ASV=0
1 Chronicles 2:54	location	bethlehem	WEB=1:Bethlehem	KJV=1:Bethlehem	ASV=0
1 Chronicles 3:17	person	shealtiel	WEB=1:Shealtiel	KJV=0	ASV=1:Shealtiel
1 Chronicles 3:23	person	hezekiah	WEB=0	KJV=1:Hezekiah	ASV=0
1 Chronicles 4:1	person	perez	WEB=1:Perez	KJV=0	ASV=1:Perez
1 Chronicles 4:17	person	ezra	WEB=0	KJV=1:Ezra	ASV=0
1 Chronicles 4:28	poi	beersheba	WEB=1:Beersheba	KJV=1:Beersheba	ASV=0
1 Chronicles 4:4	location	bethlehem	WEB=2:Bethlehem|Ephrathah	KJV=1:Bethlehem	ASV=1:Ephrathah
1 Chronicles 6:10	topic	the-temple	WEB=0	KJV=1:the temple	ASV=0
1 Chronicles 6:32	topic	tabernacle	WEB=2:Tent of Meeting|tabernacle	KJV=1:tabernacle	ASV=2:tabernacle|tent of meeting
1 Chronicles 6:33	person	samuel	WEB=1:Samuel	KJV=0	ASV=1:Samuel
1 Chronicles 6:49	topic	holy-of-holies	WEB=1:the most holy place	KJV=0	ASV=1:the most holy place
1 Chronicles 6:54	topic	casting-lots	WEB=0	KJV=1:the lot	ASV=0
1 Chronicles 6:77	topic	levites	WEB=1:Levites	KJV=0	ASV=1:Levites
1 Chronicles 6:78	location	jordan-river	WEB=2:the Jordan	KJV=0	ASV=2:the Jordan
1 Chronicles 7:27	person	joshua	WEB=0	KJV=1:Jehoshua	ASV=0
1 Chronicles 7:28	poi	bethel	WEB=1:Bethel	KJV=1:Bethel	ASV=0
1 Chronicles 7:29	poi	beth-shean	WEB=1:Beth Shean	KJV=0	ASV=0
1 Chronicles 8:27	person	elijah	WEB=1:Elijah	KJV=0	ASV=1:Elijah
1 Chronicles 9:19	topic	tabernacle	WEB=0	KJV=1:tabernacle	ASV=0
1 Chronicles 9:2	topic	israelites	WEB=0	KJV=1:Israelites	ASV=0
1 Chronicles 9:2	topic	the-temple	WEB=1:the temple	KJV=0	ASV=0
1 Chronicles 9:23	topic	tabernacle	WEB=0	KJV=1:tabernacle	ASV=0
1 Chronicles 9:4	person	perez	WEB=1:Perez	KJV=0	ASV=1:Perez
1 Corinthians 10:20	topic	demons	WEB=2:demons	KJV=0	ASV=2:demons
1 Corinthians 10:21	topic	demons	WEB=2:demons	KJV=0	ASV=2:demons
1 Corinthians 10:32	topic	gentiles	WEB=0	KJV=1:Gentiles	ASV=0
1 Corinthians 10:32	topic	greeks	WEB=1:Greeks	KJV=0	ASV=1:Greeks
1 Corinthians 11:25	topic	new-covenant	WEB=1:new covenant	KJV=0	ASV=1:new covenant
1 Corinthians 12:13	topic	gentiles	WEB=0	KJV=1:Gentiles	ASV=0
1 Corinthians 12:13	topic	greeks	WEB=1:Greeks	KJV=0	ASV=1:Greeks
1 Corinthians 12:2	topic	gentiles	WEB=0	KJV=1:Gentiles	ASV=1:Gentiles
1 Corinthians 12:3	person	holy-spirit	WEB=1:the Holy Spirit	KJV=2:Holy Ghost|Spirit of God	ASV=2:Spirit of God|the Holy Spirit
1 Corinthians 16:10	person	timothy	WEB=1:Timothy	KJV=0	ASV=1:Timothy
1 Corinthians 16:19	person	priscilla	WEB=1:Priscilla	KJV=1:Priscilla	ASV=0
1 Corinthians 16:22	person	jesus-of-nazareth	WEB=1:Jesus Christ	KJV=1:Jesus Christ	ASV=0
1 Corinthians 1:23	topic	gentiles	WEB=0	KJV=0	ASV=1:Gentiles
1 Corinthians 1:23	topic	greeks	WEB=1:Greeks	KJV=1:Greeks	ASV=0
1 Corinthians 2:11	person	holy-spirit	WEB=0	KJV=1:Spirit of God	ASV=1:Spirit of God
1 Corinthians 2:13	person	holy-spirit	WEB=1:the Holy Spirit	KJV=1:Holy Ghost	ASV=0
1 Corinthians 2:14	person	holy-spirit	WEB=0	KJV=1:Spirit of God	ASV=1:Spirit of God
1 Corinthians 3:16	person	holy-spirit	WEB=0	KJV=1:Spirit of God	ASV=1:Spirit of God
1 Corinthians 3:16	topic	the-temple	WEB=0	KJV=1:the temple	ASV=0
1 Corinthians 3:17	topic	the-temple	WEB=0	KJV=2:the temple	ASV=2:the temple
1 Corinthians 4:17	person	timothy	WEB=1:Timothy	KJV=0	ASV=1:Timothy
1 Corinthians 6:19	topic	the-temple	WEB=0	KJV=1:the temple	ASV=0
1 Corinthians 7:40	person	holy-spirit	WEB=0	KJV=1:Spirit of God	ASV=1:Spirit of God
1 John 2:13	person	satan	WEB=1:the evil one	KJV=0	ASV=1:the evil one
1 John 2:14	person	satan	WEB=1:the evil one	KJV=0	ASV=1:the evil one
1 John 3:12	person	satan	WEB=1:the evil one	KJV=0	ASV=1:the evil one
1 John 5:18	person	satan	WEB=1:the evil one	KJV=0	ASV=1:the evil one
1 John 5:19	person	satan	WEB=1:the evil one	KJV=0	ASV=1:the evil one
1 John 5:7	person	holy-spirit	WEB=0	KJV=1:Holy Ghost	ASV=0
1 Kings 11:27	person	david	WEB=1:David	KJV=0	ASV=0
1 Kings 11:27	poi	city-of-david	WEB=0	KJV=1:city of David	ASV=1:city of David
1 Kings 11:33	location	moab	WEB=1:Moab	KJV=0	ASV=1:Moab
1 Kings 11:33	topic	moabites-and-ammonites	WEB=0	KJV=1:Moabites	ASV=0
1 Kings 11:43	person	david	WEB=1:David	KJV=0	ASV=0
1 Kings 11:43	poi	city-of-david	WEB=0	KJV=1:city of David	ASV=1:city of David
1 Kings 12:29	poi	bethel	WEB=1:Bethel	KJV=1:Bethel	ASV=0
1 Kings 12:32	poi	bethel	WEB=2:Bethel	KJV=2:Bethel	ASV=0
1 Kings 12:33	poi	bethel	WEB=1:Bethel	KJV=1:Bethel	ASV=0
1 Kings 13:1	poi	bethel	WEB=0	KJV=1:Bethel	ASV=0
1 Kings 13:10	poi	bethel	WEB=1:Bethel	KJV=1:Bethel	ASV=0
1 Kings 13:11	poi	bethel	WEB=2:Bethel	KJV=2:Bethel	ASV=0
1 Kings 13:32	poi	bethel	WEB=1:Bethel	KJV=1:Bethel	ASV=0
1 Kings 13:4	poi	bethel	WEB=1:Bethel	KJV=1:Bethel	ASV=0
1 Kings 14:31	person	david	WEB=1:David	KJV=0	ASV=0
1 Kings 14:31	poi	city-of-david	WEB=0	KJV=1:city of David	ASV=1:city of David
1 Kings 15:24	person	david	WEB=1:David	KJV=0	ASV=0
1 Kings 15:24	poi	city-of-david	WEB=0	KJV=1:city of David	ASV=1:city of David
1 Kings 15:8	person	david	WEB=1:David	KJV=0	ASV=0
1 Kings 15:8	poi	city-of-david	WEB=0	KJV=1:city of David	ASV=1:city of David
1 Kings 17:3	location	jordan-river	WEB=1:the Jordan	KJV=0	ASV=1:the Jordan
1 Kings 17:5	location	jordan-river	WEB=1:the Jordan	KJV=0	ASV=1:the Jordan
1 Kings 17:9	location	sidon	WEB=1:Sidon	KJV=0	ASV=1:Sidon
1 Kings 18:12	person	holy-spirit	WEB=0	KJV=1:Spirit of the LORD	ASV=0
1 Kings 19:20	person	elisha	WEB=1:Elisha	KJV=0	ASV=0
1 Kings 19:3	poi	beersheba	WEB=1:Beersheba	KJV=1:Beersheba	ASV=0
1 Kings 19:8	location	mount-sinai	WEB=1:Horeb	KJV=2:Horeb|mount of God	ASV=2:Horeb|mount of God
1 Kings 1:11	person	bathsheba	WEB=1:Bathsheba	KJV=1:Bathsheba	ASV=0
1 Kings 1:15	person	bathsheba	WEB=1:Bathsheba	KJV=1:Bathsheba	ASV=0
1 Kings 1:16	person	bathsheba	WEB=1:Bathsheba	KJV=1:Bathsheba	ASV=0
1 Kings 1:28	person	bathsheba	WEB=1:Bathsheba	KJV=1:Bathsheba	ASV=0
1 Kings 1:31	person	bathsheba	WEB=1:Bathsheba	KJV=1:Bathsheba	ASV=0
1 Kings 1:39	topic	tabernacle	WEB=0	KJV=1:tabernacle	ASV=0
1 Kings 20:7	person	john-mark	WEB=0	KJV=1:Mark	ASV=1:Mark
1 Kings 21:10	person	satan	WEB=0	KJV=1:Belial	ASV=0
1 Kings 21:13	person	satan	WEB=0	KJV=2:Belial	ASV=0
1 Kings 22:24	person	holy-spirit	WEB=0	KJV=1:Spirit of the LORD	ASV=0
1 Kings 22:50	person	david	WEB=1:David	KJV=0	ASV=0
1 Kings 22:50	poi	city-of-david	WEB=0	KJV=1:city of David	ASV=1:city of David
1 Kings 2:10	person	david	WEB=2:David	KJV=1:David	ASV=1:David
1 Kings 2:10	poi	city-of-david	WEB=0	KJV=1:city of David	ASV=1:city of David
1 Kings 2:13	person	bathsheba	WEB=1:Bathsheba	KJV=1:Bathsheba	ASV=0
1 Kings 2:18	person	bathsheba	WEB=1:Bathsheba	KJV=1:Bathsheba	ASV=0
1 Kings 2:19	person	bathsheba	WEB=1:Bathsheba	KJV=1:Bathsheba	ASV=0
1 Kings 2:28	topic	tabernacle	WEB=0	KJV=1:tabernacle	ASV=0
1 Kings 2:29	topic	tabernacle	WEB=0	KJV=1:tabernacle	ASV=0
1 Kings 2:30	topic	tabernacle	WEB=0	KJV=1:tabernacle	ASV=0
1 Kings 2:8	location	jordan-river	WEB=1:the Jordan	KJV=0	ASV=1:the Jordan
1 Kings 3:1	person	david	WEB=1:David	KJV=0	ASV=0
1 Kings 3:1	poi	city-of-david	WEB=0	KJV=1:city of David	ASV=1:city of David
1 Kings 4:12	poi	beth-shean	WEB=2:Beth Shean	KJV=0	ASV=0
1 Kings 4:25	poi	beersheba	WEB=1:Beersheba	KJV=1:Beersheba	ASV=0
1 Kings 6:23	topic	cherubim	WEB=1:cherubim	KJV=0	ASV=1:cherubim
1 Kings 6:25	topic	cherubim	WEB=2:cherub|cherubim	KJV=1:cherub	ASV=2:cherub|cherubim
1 Kings 6:27	topic	cherubim	WEB=3:cherub|cherubim	KJV=1:cherub	ASV=3:cherub|cherubim
1 Kings 6:28	topic	cherubim	WEB=1:cherubim	KJV=0	ASV=1:cherubim
1 Kings 6:29	topic	cherubim	WEB=1:cherubim	KJV=0	ASV=1:cherubim
1 Kings 6:32	topic	cherubim	WEB=2:cherubim	KJV=0	ASV=2:cherubim
1 Kings 6:35	topic	cherubim	WEB=1:cherubim	KJV=0	ASV=1:cherubim
1 Kings 7:29	topic	cherubim	WEB=1:cherubim	KJV=0	ASV=1:cherubim
1 Kings 7:36	topic	cherubim	WEB=1:cherubim	KJV=0	ASV=1:cherubim
1 Kings 7:46	location	jordan-river	WEB=1:the Jordan	KJV=0	ASV=1:the Jordan
1 Kings 8:1	person	david	WEB=1:David	KJV=0	ASV=0
1 Kings 8:1	poi	city-of-david	WEB=0	KJV=1:city of David	ASV=1:city of David
1 Kings 8:4	topic	tabernacle	WEB=1:Tent of Meeting	KJV=2:tabernacle	ASV=1:tent of meeting
1 Kings 8:6	topic	cherubim	WEB=1:cherubim	KJV=0	ASV=1:cherubim
1 Kings 8:7	topic	cherubim	WEB=2:cherubim	KJV=0	ASV=2:cherubim
1 Kings 9:24	person	david	WEB=1:David	KJV=0	ASV=0
1 Kings 9:24	poi	city-of-david	WEB=0	KJV=1:city of David	ASV=1:city of David
1 Peter 2:12	topic	gentiles	WEB=0	KJV=1:Gentiles	ASV=1:Gentiles
1 Peter 4:14	person	holy-spirit	WEB=0	KJV=0	ASV=1:Spirit of God
1 Peter 5:10	person	jesus-of-nazareth	WEB=1:Christ Jesus	KJV=1:Christ Jesus	ASV=0
1 Peter 5:13	person	john-mark	WEB=1:Mark	KJV=0	ASV=1:Mark
1 Peter 5:14	person	jesus-of-nazareth	WEB=1:Christ Jesus	KJV=1:Christ Jesus	ASV=0
1 Samuel 10:27	person	satan	WEB=0	KJV=1:Belial	ASV=0
1 Samuel 10:3	poi	bethel	WEB=1:Bethel	KJV=1:Bethel	ASV=0
1 Samuel 10:6	person	holy-spirit	WEB=0	KJV=1:Spirit of the LORD	ASV=0
1 Samuel 11:6	person	holy-spirit	WEB=0	KJV=1:Spirit of God	ASV=1:Spirit of God
1 Samuel 13:16	location	gibeah	WEB=0	KJV=1:Gibeah	ASV=0
1 Samuel 13:2	poi	bethel	WEB=1:Bethel	KJV=1:Bethel	ASV=0
1 Samuel 13:7	location	jordan-river	WEB=1:the Jordan	KJV=0	ASV=1:the Jordan
1 Samuel 14:5	location	gibeah	WEB=0	KJV=1:Gibeah	ASV=0
1 Samuel 15:27	person	saul-king-of-israel	WEB=1:Saul	KJV=0	ASV=1:Saul
1 Samuel 16:13	person	holy-spirit	WEB=0	KJV=1:Spirit of the LORD	ASV=0
1 Samuel 16:14	person	holy-spirit	WEB=0	KJV=1:Spirit of the LORD	ASV=0
1 Samuel 16:23	topic	demons	WEB=1:evil spirit	KJV=2:evil spirit	ASV=2:evil spirit
1 Samuel 16:4	location	bethlehem	WEB=1:Bethlehem	KJV=1:Bethlehem	ASV=0
1 Samuel 17:12	location	bethlehem	WEB=1:Bethlehem	KJV=0	ASV=0
1 Samuel 17:15	location	bethlehem	WEB=1:Bethlehem	KJV=1:Bethlehem	ASV=0
1 Samuel 19:1	person	david	WEB=2:David	KJV=1:David	ASV=2:David
1 Samuel 19:1	person	saul-king-of-israel	WEB=2:Saul	KJV=1:Saul	ASV=2:Saul
1 Samuel 19:2	person	david	WEB=1:David	KJV=2:David	ASV=1:David
1 Samuel 19:2	person	saul-king-of-israel	WEB=1:Saul	KJV=2:Saul	ASV=1:Saul
1 Samuel 19:20	person	holy-spirit	WEB=0	KJV=1:Spirit of God	ASV=1:Spirit of God
1 Samuel 19:23	person	holy-spirit	WEB=0	KJV=1:Spirit of God	ASV=1:Spirit of God
1 Samuel 1:1	location	ramah	WEB=0	KJV=0	ASV=1:Ramathaim-zophim
1 Samuel 1:16	person	satan	WEB=0	KJV=1:Belial	ASV=0
1 Samuel 1:9	topic	the-temple	WEB=0	KJV=1:the temple	ASV=1:the temple
1 Samuel 20:18	person	david	WEB=0	KJV=1:David	ASV=0
1 Samuel 20:28	location	bethlehem	WEB=1:Bethlehem	KJV=1:Bethlehem	ASV=0
1 Samuel 20:6	location	bethlehem	WEB=1:Bethlehem	KJV=1:Bethlehem	ASV=0
1 Samuel 23:29	location	en-gedi	WEB=1:En Gedi	KJV=1:Engedi	ASV=0
1 Samuel 24:1	location	en-gedi	WEB=1:En Gedi	KJV=1:Engedi	ASV=0
1 Samuel 25:1	topic	israelites	WEB=0	KJV=1:Israelites	ASV=0
1 Samuel 25:17	person	satan	WEB=0	KJV=1:Belial	ASV=0
1 Samuel 25:25	person	satan	WEB=0	KJV=1:Belial	ASV=0
1 Samuel 2:12	person	satan	WEB=0	KJV=1:Belial	ASV=0
1 Samuel 30:22	person	satan	WEB=0	KJV=1:Belial	ASV=0
1 Samuel 30:27	poi	bethel	WEB=1:Bethel	KJV=1:Bethel	ASV=0
1 Samuel 31:7	location	jordan-river	WEB=1:the Jordan	KJV=0	ASV=1:the Jordan
1 Samuel 3:20	poi	beersheba	WEB=1:Beersheba	KJV=1:Beersheba	ASV=0
1 Samuel 3:3	topic	the-temple	WEB=0	KJV=1:the temple	ASV=1:the temple
1 Samuel 4:4	topic	cherubim	WEB=1:cherubim	KJV=0	ASV=1:cherubim
1 Samuel 6:17	location	ashkelon	WEB=1:Ashkelon	KJV=0	ASV=1:Ashkelon
1 Samuel 6:18	person	abel	WEB=0	KJV=1:Abel	ASV=0
1 Samuel 7:16	poi	bethel	WEB=1:Bethel	KJV=1:Bethel	ASV=0
1 Samuel 8:2	poi	beersheba	WEB=1:Beersheba	KJV=1:Beersheba	ASV=0
1 Samuel 9:25	person	samuel	WEB=0	KJV=1:Samuel	ASV=0
1 Samuel 9:27	person	samuel	WEB=2:Samuel	KJV=1:Samuel	ASV=1:Samuel
1 Thessalonians 1:1	person	jesus-of-nazareth	WEB=2:Jesus Christ	KJV=2:Jesus Christ	ASV=1:Jesus Christ
1 Thessalonians 1:1	person	timothy	WEB=1:Timothy	KJV=0	ASV=1:Timothy
1 Thessalonians 3:2	person	timothy	WEB=1:Timothy	KJV=0	ASV=1:Timothy
1 Thessalonians 3:6	person	timothy	WEB=1:Timothy	KJV=0	ASV=1:Timothy
1 Timothy 1:2	person	god-the-father	WEB=0	KJV=0	ASV=1:God the Father
1 Timothy 3:16	topic	gentiles	WEB=0	KJV=1:Gentiles	ASV=0
1 Timothy 4:1	topic	demons	WEB=1:demons	KJV=0	ASV=1:demons
2 Chronicles 11:6	location	bethlehem	WEB=1:Bethlehem	KJV=1:Bethlehem	ASV=0
2 Chronicles 12:16	person	david	WEB=1:David	KJV=0	ASV=0
2 Chronicles 12:16	poi	city-of-david	WEB=0	KJV=1:city of David	ASV=1:city of David
2 Chronicles 13:19	poi	bethel	WEB=1:Bethel	KJV=1:Bethel	ASV=0
2 Chronicles 13:7	person	satan	WEB=0	KJV=1:Belial	ASV=0
2 Chronicles 14:1	person	david	WEB=1:David	KJV=0	ASV=0
2 Chronicles 14:1	poi	city-of-david	WEB=0	KJV=1:city of David	ASV=1:city of David
2 Chronicles 16:14	person	david	WEB=1:David	KJV=0	ASV=0
2 Chronicles 16:14	poi	city-of-david	WEB=0	KJV=1:city of David	ASV=1:city of David
2 Chronicles 16:6	location	ramah	WEB=0	KJV=1:Ramah	ASV=1:Ramah
2 Chronicles 18:23	person	holy-spirit	WEB=0	KJV=1:Spirit of the LORD	ASV=0
2 Chronicles 19:4	poi	beersheba	WEB=1:Beersheba	KJV=1:Beersheba	ASV=0
2 Chronicles 20:14	person	holy-spirit	WEB=0	KJV=1:Spirit of the LORD	ASV=0
2 Chronicles 20:2	location	en-gedi	WEB=1:En Gedi	KJV=1:Engedi	ASV=0
2 Chronicles 21:1	person	david	WEB=1:David	KJV=0	ASV=0
2 Chronicles 21:1	poi	city-of-david	WEB=0	KJV=1:city of David	ASV=1:city of David
2 Chronicles 21:10	location	edom	WEB=1:Edom	KJV=0	ASV=1:Edom
2 Chronicles 21:10	topic	edomites	WEB=0	KJV=1:Edomites	ASV=0
2 Chronicles 21:20	person	david	WEB=1:David	KJV=0	ASV=0
2 Chronicles 21:20	poi	city-of-david	WEB=0	KJV=1:city of David	ASV=1:city of David
2 Chronicles 21:8	location	edom	WEB=1:Edom	KJV=0	ASV=1:Edom
2 Chronicles 21:8	topic	edomites	WEB=0	KJV=1:Edomites	ASV=0
2 Chronicles 23:10	topic	the-temple	WEB=0	KJV=3:the temple	ASV=0
2 Chronicles 24:1	poi	beersheba	WEB=1:Beersheba	KJV=1:Beersheba	ASV=0
2 Chronicles 24:16	person	david	WEB=1:David	KJV=0	ASV=0
2 Chronicles 24:16	poi	city-of-david	WEB=0	KJV=1:city of David	ASV=1:city of David
2 Chronicles 24:25	person	david	WEB=1:David	KJV=0	ASV=0
2 Chronicles 24:25	poi	city-of-david	WEB=0	KJV=1:city of David	ASV=1:city of David
2 Chronicles 24:6	topic	tabernacle	WEB=0	KJV=1:tabernacle	ASV=0
2 Chronicles 25:19	location	edom	WEB=1:Edom	KJV=0	ASV=1:Edom
2 Chronicles 25:19	topic	edomites	WEB=0	KJV=1:Edomites	ASV=0
2 Chronicles 26:16	topic	the-temple	WEB=0	KJV=1:the temple	ASV=1:the temple
2 Chronicles 27:2	topic	the-temple	WEB=0	KJV=1:the temple	ASV=1:the temple
2 Chronicles 27:5	location	ammon	WEB=3:Ammon	KJV=2:Ammon	ASV=3:Ammon
2 Chronicles 27:5	topic	moabites-and-ammonites	WEB=0	KJV=1:Ammonites	ASV=0
2 Chronicles 27:9	person	david	WEB=1:David	KJV=0	ASV=0
2 Chronicles 27:9	poi	city-of-david	WEB=0	KJV=1:city of David	ASV=1:city of David
2 Chronicles 29:16	topic	the-temple	WEB=0	KJV=1:the temple	ASV=1:the temple
2 Chronicles 30:5	poi	beersheba	WEB=1:Beersheba	KJV=1:Beersheba	ASV=0
2 Chronicles 32:30	person	david	WEB=1:David	KJV=0	ASV=0
2 Chronicles 32:30	poi	city-of-david	WEB=0	KJV=1:city of David	ASV=1:city of David
2 Chronicles 32:5	person	david	WEB=1:David	KJV=0	ASV=0
2 Chronicles 32:5	poi	city-of-david	WEB=0	KJV=1:city of David	ASV=1:city of David
2 Chronicles 33:14	person	david	WEB=1:David	KJV=0	ASV=0
2 Chronicles 33:14	poi	city-of-david	WEB=0	KJV=1:city of David	ASV=1:city of David
2 Chronicles 36:17	topic	babylonians	WEB=1:Chaldeans	KJV=0	ASV=1:Chaldeans
2 Chronicles 3:10	topic	cherubim	WEB=1:cherubim	KJV=0	ASV=1:cherubim
2 Chronicles 3:10	topic	holy-of-holies	WEB=1:the most holy place	KJV=0	ASV=0
2 Chronicles 3:11	topic	cherubim	WEB=2:cherub|cherubim	KJV=2:cherub	ASV=3:cherub|cherubim
2 Chronicles 3:13	topic	cherubim	WEB=1:cherubim	KJV=0	ASV=1:cherubim
2 Chronicles 3:14	topic	cherubim	WEB=1:cherubim	KJV=0	ASV=1:cherubim
2 Chronicles 3:7	topic	cherubim	WEB=1:cherubim	KJV=0	ASV=1:cherubim
2 Chronicles 3:8	topic	holy-of-holies	WEB=1:the most holy place	KJV=0	ASV=0
2 Chronicles 4:17	location	jordan-river	WEB=1:the Jordan	KJV=0	ASV=1:the Jordan
2 Chronicles 5:2	person	david	WEB=1:David	KJV=0	ASV=0
2 Chronicles 5:2	poi	city-of-david	WEB=0	KJV=1:city of David	ASV=1:city of David
2 Chronicles 5:5	topic	tabernacle	WEB=1:Tent of Meeting	KJV=2:tabernacle	ASV=1:tent of meeting
2 Chronicles 5:7	topic	cherubim	WEB=1:cherubim	KJV=0	ASV=1:cherubim
2 Chronicles 5:8	topic	cherubim	WEB=2:cherubim	KJV=0	ASV=2:cherubim
2 Chronicles 8:11	person	david	WEB=2:David	KJV=1:David	ASV=1:David
2 Chronicles 8:11	poi	city-of-david	WEB=0	KJV=1:city of David	ASV=1:city of David
2 Chronicles 9:31	person	david	WEB=1:David	KJV=0	ASV=0
2 Chronicles 9:31	poi	city-of-david	WEB=0	KJV=1:city of David	ASV=1:city of David
2 Corinthians 11:26	topic	gentiles	WEB=1:Gentiles	KJV=0	ASV=1:Gentiles
2 Corinthians 1:19	person	timothy	WEB=1:Timothy	KJV=0	ASV=1:Timothy
2 Corinthians 3:18	person	holy-spirit	WEB=0	KJV=1:Spirit of the Lord	ASV=0
2 Corinthians 3:6	topic	new-covenant	WEB=1:new covenant	KJV=0	ASV=1:new covenant
2 Corinthians 5:1	topic	tabernacle	WEB=0	KJV=1:tabernacle	ASV=1:tabernacle
2 Corinthians 5:18	person	jesus-of-nazareth	WEB=1:Jesus Christ	KJV=1:Jesus Christ	ASV=0
2 Corinthians 5:4	topic	tabernacle	WEB=0	KJV=1:tabernacle	ASV=1:tabernacle
2 Corinthians 6:16	topic	the-temple	WEB=0	KJV=2:the temple	ASV=0
2 Kings 10:29	poi	bethel	WEB=1:Bethel	KJV=1:Bethel	ASV=0
2 Kings 10:33	location	jordan-river	WEB=1:the Jordan	KJV=0	ASV=1:the Jordan
2 Kings 11:10	topic	the-temple	WEB=0	KJV=1:the temple	ASV=0
2 Kings 11:11	topic	the-temple	WEB=0	KJV=3:the temple	ASV=0
2 Kings 11:13	topic	the-temple	WEB=0	KJV=1:the temple	ASV=0
2 Kings 12:1	poi	beersheba	WEB=1:Beersheba	KJV=1:Beersheba	ASV=0
2 Kings 12:21	person	david	WEB=1:David	KJV=0	ASV=0
2 Kings 12:21	poi	city-of-david	WEB=0	KJV=1:city of David	ASV=1:city of David
2 Kings 14:20	person	david	WEB=1:David	KJV=0	ASV=0
2 Kings 14:20	poi	city-of-david	WEB=0	KJV=1:city of David	ASV=1:city of David
2 Kings 14:25	location	dead-sea	WEB=1:sea of the Arabah	KJV=0	ASV=1:sea of the Arabah
2 Kings 14:7	location	edom	WEB=0	KJV=1:Edom	ASV=1:Edom
2 Kings 14:7	topic	edomites	WEB=1:Edomites	KJV=0	ASV=0
2 Kings 15:38	person	david	WEB=1:David	KJV=0	ASV=0
2 Kings 15:38	poi	city-of-david	WEB=0	KJV=1:city of David	ASV=1:city of David
2 Kings 15:7	person	david	WEB=1:David	KJV=0	ASV=0
2 Kings 15:7	poi	city-of-david	WEB=0	KJV=1:city of David	ASV=1:city of David
2 Kings 16:20	person	david	WEB=1:David	KJV=0	ASV=0
2 Kings 16:20	poi	city-of-david	WEB=0	KJV=1:city of David	ASV=1:city of David
2 Kings 17:28	poi	bethel	WEB=1:Bethel	KJV=1:Bethel	ASV=0
2 Kings 18:16	topic	the-temple	WEB=0	KJV=1:the temple	ASV=1:the temple
2 Kings 19:15	topic	cherubim	WEB=1:cherubim	KJV=0	ASV=1:cherubim
2 Kings 19:24	location	egypt	WEB=1:Egypt	KJV=0	ASV=1:Egypt
2 Kings 1:2	poi	upper-room	WEB=1:upper room	KJV=0	ASV=0
2 Kings 23:11	topic	nathan-melech-bulla	WEB=0	KJV=0	ASV=1:Nathan-melech
2 Kings 23:12	poi	upper-room	WEB=1:upper room	KJV=0	ASV=0
2 Kings 23:13	location	moab	WEB=1:Moab	KJV=0	ASV=1:Moab
2 Kings 23:13	topic	moabites-and-ammonites	WEB=0	KJV=1:Moabites	ASV=0
2 Kings 23:15	poi	bethel	WEB=1:Bethel	KJV=1:Bethel	ASV=0
2 Kings 23:17	poi	bethel	WEB=1:Bethel	KJV=1:Bethel	ASV=0
2 Kings 23:19	poi	bethel	WEB=1:Bethel	KJV=1:Bethel	ASV=0
2 Kings 23:4	poi	bethel	WEB=1:Bethel	KJV=1:Bethel	ASV=0
2 Kings 23:4	topic	the-temple	WEB=0	KJV=1:the temple	ASV=1:the temple
2 Kings 23:8	poi	beersheba	WEB=1:Beersheba	KJV=1:Beersheba	ASV=0
2 Kings 24:13	topic	the-temple	WEB=0	KJV=1:the temple	ASV=1:the temple
2 Kings 24:17	person	jeconiah	WEB=1:Jehoiachin	KJV=0	ASV=1:Jehoiachin
2 Kings 24:2	topic	babylonians	WEB=1:Chaldeans	KJV=0	ASV=1:Chaldeans
2 Kings 25:10	topic	babylonians	WEB=1:Chaldeans	KJV=0	ASV=1:Chaldeans
2 Kings 25:13	topic	babylonians	WEB=1:Chaldeans	KJV=0	ASV=1:Chaldeans
2 Kings 25:24	topic	babylonians	WEB=1:Chaldeans	KJV=0	ASV=1:Chaldeans
2 Kings 25:25	topic	babylonians	WEB=1:Chaldeans	KJV=0	ASV=1:Chaldeans
2 Kings 25:26	topic	babylonians	WEB=1:Chaldeans	KJV=0	ASV=1:Chaldeans
2 Kings 25:29	person	jeconiah	WEB=1:Jehoiachin	KJV=0	ASV=1:Jehoiachin
2 Kings 25:4	topic	babylonians	WEB=1:Chaldeans	KJV=0	ASV=1:Chaldeans
2 Kings 25:5	topic	babylonians	WEB=1:Chaldean	KJV=0	ASV=1:Chaldeans
2 Kings 2:13	location	jordan-river	WEB=1:the Jordan	KJV=0	ASV=1:the Jordan
2 Kings 2:16	person	holy-spirit	WEB=0	KJV=1:Spirit of the LORD	ASV=0
2 Kings 2:2	poi	bethel	WEB=2:Bethel	KJV=2:Bethel	ASV=0
2 Kings 2:23	poi	bethel	WEB=1:Bethel	KJV=1:Bethel	ASV=0
2 Kings 2:3	poi	bethel	WEB=1:Bethel	KJV=1:Bethel	ASV=0
2 Kings 2:6	location	jordan-river	WEB=1:the Jordan	KJV=0	ASV=1:the Jordan
2 Kings 2:7	location	jordan-river	WEB=1:the Jordan	KJV=0	ASV=1:the Jordan
2 Kings 5:10	location	jordan-river	WEB=1:the Jordan	KJV=0	ASV=1:the Jordan
2 Kings 5:14	location	jordan-river	WEB=1:the Jordan	KJV=0	ASV=1:the Jordan
2 Kings 6:18	person	elisha	WEB=1:Elisha	KJV=2:Elisha	ASV=2:Elisha
2 Kings 6:2	location	jordan-river	WEB=1:the Jordan	KJV=0	ASV=1:the Jordan
2 Kings 6:4	location	jordan-river	WEB=1:the Jordan	KJV=0	ASV=1:the Jordan
2 Kings 7:13	topic	israelites	WEB=0	KJV=1:Israelites	ASV=0
2 Kings 7:15	location	jordan-river	WEB=1:the Jordan	KJV=0	ASV=1:the Jordan
2 Kings 8:24	person	david	WEB=1:David	KJV=0	ASV=0
2 Kings 8:24	poi	city-of-david	WEB=0	KJV=1:city of David	ASV=1:city of David
2 Kings 9:24	person	joram-king-of-israel	WEB=1:Joram	KJV=0	ASV=1:Joram
2 Kings 9:24	person	joram-king-of-judah	WEB=0	KJV=1:Jehoram	ASV=0
2 Kings 9:28	person	david	WEB=1:David	KJV=0	ASV=0
2 Kings 9:28	poi	city-of-david	WEB=0	KJV=1:city of David	ASV=1:city of David
2 Peter 1:13	topic	tabernacle	WEB=0	KJV=1:tabernacle	ASV=1:tabernacle
2 Peter 1:14	topic	tabernacle	WEB=0	KJV=1:tabernacle	ASV=1:tabernacle
2 Peter 2:6	location	gomorrah	WEB=1:Gomorrah	KJV=0	ASV=1:Gomorrah
2 Samuel 10:17	location	jordan-river	WEB=1:the Jordan	KJV=0	ASV=1:the Jordan
2 Samuel 11:3	person	bathsheba	WEB=1:Bathsheba	KJV=1:Bathsheba	ASV=0
2 Samuel 12:24	person	bathsheba	WEB=1:Bathsheba	KJV=1:Bathsheba	ASV=0
2 Samuel 14:2	location	tekoa	WEB=1:Tekoa	KJV=0	ASV=1:Tekoa
2 Samuel 14:4	location	tekoa	WEB=1:Tekoa	KJV=0	ASV=1:Tekoa
2 Samuel 14:9	location	tekoa	WEB=1:Tekoa	KJV=0	ASV=1:Tekoa
2 Samuel 15:30	location	mount-of-olives	WEB=1:Mount of Olives	KJV=0	ASV=1:mount of Olives
2 Samuel 16:7	person	satan	WEB=0	KJV=1:Belial	ASV=0
2 Samuel 17:11	poi	beersheba	WEB=1:Beersheba	KJV=1:Beersheba	ASV=0
2 Samuel 17:22	location	jordan-river	WEB=2:the Jordan	KJV=0	ASV=2:the Jordan
2 Samuel 17:24	location	jordan-river	WEB=1:the Jordan	KJV=0	ASV=1:the Jordan
2 Samuel 19:15	location	jordan-river	WEB=2:the Jordan	KJV=0	ASV=2:the Jordan
2 Samuel 19:17	location	jordan-river	WEB=1:the Jordan	KJV=0	ASV=1:the Jordan
2 Samuel 19:18	location	jordan-river	WEB=1:the Jordan	KJV=0	ASV=1:the Jordan
2 Samuel 19:31	location	jordan-river	WEB=2:the Jordan	KJV=0	ASV=2:the Jordan
2 Samuel 19:36	location	jordan-river	WEB=1:the Jordan	KJV=0	ASV=1:the Jordan
2 Samuel 19:39	location	jordan-river	WEB=1:the Jordan	KJV=0	ASV=1:the Jordan
2 Samuel 19:41	location	jordan-river	WEB=1:the Jordan	KJV=0	ASV=1:the Jordan
2 Samuel 1:20	location	ashkelon	WEB=1:Ashkelon	KJV=0	ASV=1:Ashkelon
2 Samuel 20:1	person	satan	WEB=0	KJV=1:Belial	ASV=0
2 Samuel 20:15	person	abel	WEB=0	KJV=1:Abel	ASV=1:Abel
2 Samuel 20:2	location	jordan-river	WEB=1:the Jordan	KJV=0	ASV=1:the Jordan
2 Samuel 23:14	location	bethlehem	WEB=1:Bethlehem	KJV=1:Bethlehem	ASV=0
2 Samuel 23:15	location	bethlehem	WEB=1:Bethlehem	KJV=1:Bethlehem	ASV=0
2 Samuel 23:16	location	bethlehem	WEB=1:Bethlehem	KJV=1:Bethlehem	ASV=0
2 Samuel 23:2	person	holy-spirit	WEB=0	KJV=1:Spirit of the LORD	ASV=0
2 Samuel 23:24	location	bethlehem	WEB=1:Bethlehem	KJV=1:Bethlehem	ASV=0
2 Samuel 23:6	person	satan	WEB=0	KJV=1:Belial	ASV=0
2 Samuel 24:15	poi	beersheba	WEB=1:Beersheba	KJV=1:Beersheba	ASV=0
2 Samuel 24:2	poi	beersheba	WEB=1:Beersheba	KJV=1:Beersheba	ASV=0
2 Samuel 24:5	location	jordan-river	WEB=1:the Jordan	KJV=0	ASV=1:the Jordan
2 Samuel 24:6	location	sidon	WEB=1:Sidon	KJV=0	ASV=1:Sidon
2 Samuel 24:7	poi	beersheba	WEB=1:Beersheba	KJV=1:Beersheba	ASV=0
2 Samuel 2:29	location	jordan-river	WEB=1:the Jordan	KJV=0	ASV=1:the Jordan
2 Samuel 2:32	location	bethlehem	WEB=1:Bethlehem	KJV=1:Bethlehem	ASV=0
2 Samuel 3:10	poi	beersheba	WEB=1:Beersheba	KJV=1:Beersheba	ASV=0
2 Samuel 5:7	person	david	WEB=2:David	KJV=1:David	ASV=1:David
2 Samuel 5:7	poi	city-of-david	WEB=0	KJV=1:city of David	ASV=1:city of David
2 Samuel 5:9	person	david	WEB=3:David	KJV=2:David	ASV=2:David
2 Samuel 5:9	poi	city-of-david	WEB=0	KJV=1:city of David	ASV=1:city of David
2 Samuel 6:10	person	david	WEB=3:David	KJV=2:David	ASV=2:David
2 Samuel 6:10	poi	city-of-david	WEB=0	KJV=1:city of David	ASV=1:city of David
2 Samuel 6:12	person	david	WEB=3:David	KJV=2:David	ASV=2:David
2 Samuel 6:12	poi	city-of-david	WEB=0	KJV=1:city of David	ASV=1:city of David
2 Samuel 6:16	person	david	WEB=2:David	KJV=1:David	ASV=1:David
2 Samuel 6:16	poi	city-of-david	WEB=0	KJV=1:city of David	ASV=1:city of David
2 Samuel 6:17	topic	tabernacle	WEB=0	KJV=1:tabernacle	ASV=0
2 Samuel 6:2	topic	cherubim	WEB=1:cherubim	KJV=0	ASV=1:cherubim
2 Samuel 6:3	location	gibeah	WEB=0	KJV=1:Gibeah	ASV=0
2 Samuel 6:4	location	gibeah	WEB=0	KJV=1:Gibeah	ASV=0
2 Samuel 8:14	location	edom	WEB=2:Edom	KJV=3:Edom	ASV=2:Edom
2 Samuel 8:14	topic	edomites	WEB=1:Edomites	KJV=0	ASV=1:Edomites
2 Thessalonians 1:1	person	timothy	WEB=1:Timothy	KJV=0	ASV=1:Timothy
2 Thessalonians 1:2	person	god-the-father	WEB=0	KJV=0	ASV=1:God the Father
2 Thessalonians 2:8	person	jesus-of-nazareth	WEB=0	KJV=0	ASV=1:Jesus
2 Thessalonians 3:3	person	satan	WEB=1:the evil one	KJV=0	ASV=1:the evil one
2 Timothy 1:11	topic	gentiles	WEB=1:Gentiles	KJV=1:Gentiles	ASV=0
2 Timothy 4:20	location	miletus	WEB=1:Miletus	KJV=0	ASV=1:Miletus
2 Timothy 4:22	person	jesus-of-nazareth	WEB=1:Jesus Christ	KJV=1:Jesus Christ	ASV=0
Acts 10:21	person	cornelius-the-centurion	WEB=0	KJV=1:Cornelius	ASV=0
Acts 10:23	person	simon-peter	WEB=1:Peter	KJV=1:Peter	ASV=0
Acts 10:48	person	jesus-of-nazareth	WEB=1:Jesus Christ	KJV=0	ASV=1:Jesus Christ
Acts 10:5	person	simon-peter	WEB=1:Simon, who is also called Peter	KJV=2:Peter|Simon	ASV=2:Peter|Simon
Acts 10:7	person	cornelius-the-centurion	WEB=1:Cornelius	KJV=1:Cornelius	ASV=0
Acts 11:13	person	simon-peter	WEB=1:Simon, who is called Peter	KJV=2:Peter|Simon	ASV=2:Peter|Simon
Acts 11:20	topic	greeks	WEB=1:Hellenists	KJV=0	ASV=1:Greeks
Acts 11:25	person	barnabas	WEB=1:Barnabas	KJV=1:Barnabas	ASV=0
Acts 12:13	person	simon-peter	WEB=1:Peter	KJV=1:Peter	ASV=0
Acts 12:4	topic	passover	WEB=1:the Passover	KJV=0	ASV=1:the Passover
Acts 13:14	location	antioch-pisidia	WEB=1:Antioch of Pisidia	KJV=0	ASV=1:Antioch of Pisidia
Acts 13:14	location	antioch-syria	WEB=0	KJV=1:Antioch	ASV=0
Acts 13:21	person	paul-of-tarsus	WEB=0	KJV=1:Saul	ASV=0
Acts 13:21	person	saul-king-of-israel	WEB=1:Saul the son of Kish	KJV=0	ASV=1:Saul the son of Kish
Acts 13:23	person	jesus-of-nazareth	WEB=0	KJV=1:Jesus	ASV=1:Jesus
Acts 13:42	topic	gentiles	WEB=1:Gentiles	KJV=1:Gentiles	ASV=0
Acts 13:42	topic	jews	WEB=1:the Jews	KJV=1:the Jews	ASV=0
Acts 13:42	topic	synagogue	WEB=1:synagogue	KJV=1:synagogue	ASV=0
Acts 13:43	topic	synagogue	WEB=1:synagogue	KJV=0	ASV=1:synagogue
Acts 14:27	topic	gentiles	WEB=0	KJV=1:Gentiles	ASV=1:Gentiles
Acts 15:12	topic	gentiles	WEB=0	KJV=1:Gentiles	ASV=1:Gentiles
Acts 15:14	topic	gentiles	WEB=0	KJV=1:Gentiles	ASV=1:Gentiles
Acts 15:34	person	silas	WEB=n/a	KJV=1:Silas	ASV=n/a
Acts 15:37	person	john-mark	WEB=1:John, who was called Mark	KJV=1:John, whose surname was Mark	ASV=2:John|Mark
Acts 15:7	topic	gentiles	WEB=0	KJV=1:Gentiles	ASV=1:Gentiles
Acts 16:1	person	timothy	WEB=1:Timothy	KJV=0	ASV=1:Timothy
Acts 16:12	topic	romans	WEB=1:Roman	KJV=0	ASV=1:Roman
Acts 16:7	person	jesus-of-nazareth	WEB=0	KJV=0	ASV=1:Jesus
Acts 17:14	person	timothy	WEB=1:Timothy	KJV=0	ASV=1:Timothy
Acts 17:15	person	timothy	WEB=1:Timothy	KJV=0	ASV=1:Timothy
Acts 17:22	poi	areopagus-athens	WEB=1:Areopagus	KJV=0	ASV=1:Areopagus
Acts 17:3	topic	the-christ	WEB=2:the Christ	KJV=0	ASV=2:the Christ
Acts 18:1	person	paul-of-tarsus	WEB=1:Paul	KJV=1:Paul	ASV=0
Acts 18:17	topic	greeks	WEB=1:Greeks	KJV=1:Greeks	ASV=0
Acts 18:18	location	cenchreae	WEB=1:Cenchreae	KJV=0	ASV=1:Cenchreae
Acts 18:21	location	jerusalem	WEB=1:Jerusalem	KJV=1:Jerusalem	ASV=0
Acts 18:24	location	alexandria	WEB=0	KJV=1:Alexandria	ASV=0
Acts 18:25	person	jesus-of-nazareth	WEB=1:Jesus	KJV=0	ASV=1:Jesus
Acts 18:28	topic	the-christ	WEB=1:the Christ	KJV=0	ASV=1:the Christ
Acts 18:5	person	timothy	WEB=1:Timothy	KJV=0	ASV=1:Timothy
Acts 18:5	topic	the-christ	WEB=1:the Christ	KJV=0	ASV=1:the Christ
Acts 18:7	person	titus	WEB=0	KJV=0	ASV=1:Titus
Acts 19:10	person	jesus-of-nazareth	WEB=1:Jesus	KJV=1:Jesus	ASV=0
Acts 19:14	topic	jews	WEB=1:Jewish	KJV=0	ASV=0
Acts 19:2	person	holy-spirit	WEB=1:the Holy Spirit	KJV=2:Holy Ghost	ASV=2:the Holy Spirit
Acts 19:22	person	timothy	WEB=1:Timothy	KJV=0	ASV=1:Timothy
Acts 19:28	location	ephesus	WEB=0	KJV=0	ASV=1:Ephesus
Acts 19:31	location	asia-province	WEB=0	KJV=1:Asia	ASV=0
Acts 1:13	person	james-son-of-zebedee	WEB=1:James	KJV=2:James	ASV=1:James
Acts 1:13	person	simon-peter	WEB=1:Peter	KJV=2:Peter|Simon	ASV=1:Peter
Acts 1:13	person	simon-the-zealot	WEB=1:Simon the Zealot	KJV=0	ASV=1:Simon the Zealot
Acts 1:13	poi	upper-room	WEB=1:upper room	KJV=1:upper room	ASV=0
Acts 20:4	person	timothy	WEB=1:Timothy	KJV=0	ASV=1:Timothy
Acts 20:8	poi	upper-room	WEB=1:upper room	KJV=0	ASV=0
Acts 21:8	person	paul-of-tarsus	WEB=1:Paul	KJV=1:Paul	ASV=0
Acts 22:12	location	damascus	WEB=1:Damascus	KJV=0	ASV=0
Acts 22:28	topic	romans	WEB=1:Roman	KJV=0	ASV=1:Roman
Acts 23:11	person	paul-of-tarsus	WEB=1:Paul	KJV=1:Paul	ASV=0
Acts 23:30	topic	jews	WEB=1:the Jews	KJV=1:the Jews	ASV=0
Acts 24:23	person	paul-of-tarsus	WEB=1:Paul	KJV=1:Paul	ASV=0
Acts 24:24	person	jesus-of-nazareth	WEB=1:Christ Jesus	KJV=0	ASV=1:Christ Jesus
Acts 25:13	person	herod-agrippa-ii	WEB=1:King Agrippa	KJV=1:king Agrippa	ASV=0
Acts 25:2	topic	chief-priests	WEB=0	KJV=0	ASV=1:chief priests
Acts 25:21	person	caesar-augustus	WEB=0	KJV=1:Augustus	ASV=0
Acts 25:25	person	caesar-augustus	WEB=0	KJV=1:Augustus	ASV=0
Acts 25:7	person	paul-of-tarsus	WEB=0	KJV=1:Paul	ASV=0
Acts 25:8	person	paul-of-tarsus	WEB=0	KJV=0	ASV=1:Paul
Acts 26:23	timeline	bib-loc-resurrection	WEB=1:the resurrection	KJV=0	ASV=1:the resurrection
Acts 26:23	topic	the-christ	WEB=1:the Christ	KJV=0	ASV=1:the Christ
Acts 26:25	person	paul-of-tarsus	WEB=0	KJV=0	ASV=1:Paul
Acts 26:7	person	herod-agrippa-ii	WEB=1:King Agrippa	KJV=1:king Agrippa	ASV=0
Acts 27:1	person	caesar-augustus	WEB=0	KJV=1:Augustus	ASV=0
Acts 28:17	person	paul-of-tarsus	WEB=1:Paul	KJV=1:Paul	ASV=0
Acts 28:25	person	isaiah	WEB=1:Isaiah	KJV=0	ASV=1:Isaiah
Acts 28:28	topic	gentiles	WEB=0	KJV=1:Gentiles	ASV=1:Gentiles
Acts 28:29	topic	jews	WEB=1:the Jews	KJV=1:the Jews	ASV=n/a
Acts 28:30	person	paul-of-tarsus	WEB=1:Paul	KJV=1:Paul	ASV=0
Acts 2:30	topic	the-christ	WEB=1:the Christ	KJV=0	ASV=0
Acts 2:31	topic	the-christ	WEB=1:the Christ	KJV=0	ASV=1:the Christ
Acts 3:20	topic	the-christ	WEB=0	KJV=0	ASV=1:the Christ
Acts 3:26	person	jesus-of-nazareth	WEB=1:Jesus	KJV=1:Jesus	ASV=0
Acts 4:25	person	holy-spirit	WEB=0	KJV=0	ASV=1:the Holy Spirit
Acts 4:25	topic	gentiles	WEB=0	KJV=0	ASV=1:Gentiles
Acts 4:36	person	barnabas	WEB=1:Barnabas	KJV=1:Barnabas	ASV=2:Barnabas|Joseph
Acts 4:5	location	jerusalem	WEB=1:Jerusalem	KJV=0	ASV=1:Jerusalem
Acts 4:6	location	jerusalem	WEB=0	KJV=1:Jerusalem	ASV=0
Acts 5:41	person	jesus-of-nazareth	WEB=1:Jesus	KJV=0	ASV=0
Acts 5:42	topic	the-christ	WEB=1:the Christ	KJV=0	ASV=1:the Christ
Acts 6:1	topic	greeks	WEB=1:Hellenists	KJV=0	ASV=0
Acts 6:1	topic	jews	WEB=0	KJV=0	ASV=1:Jews
Acts 6:3	person	holy-spirit	WEB=1:the Holy Spirit	KJV=1:Holy Ghost	ASV=0
Acts 6:9	topic	synagogue	WEB=1:synagogue	KJV=2:synagogue	ASV=2:synagogue
Acts 7:18	location	egypt	WEB=0	KJV=0	ASV=1:Egypt
Acts 7:30	poi	mount-sinai	WEB=1:Mount Sinai	KJV=0	ASV=1:Mount Sinai
Acts 7:38	poi	mount-sinai	WEB=1:Mount Sinai	KJV=0	ASV=1:Mount Sinai
Acts 7:45	topic	gentiles	WEB=0	KJV=1:Gentiles	ASV=0
Acts 7:46	topic	tabernacle	WEB=0	KJV=1:tabernacle	ASV=0
Acts 8:28	person	isaiah	WEB=1:Isaiah	KJV=0	ASV=1:Isaiah
Acts 8:30	person	isaiah	WEB=1:Isaiah	KJV=0	ASV=1:Isaiah
Acts 8:37	person	jesus-of-nazareth	WEB=n/a	KJV=1:Jesus Christ	ASV=n/a
Acts 8:37	person	philip-the-apostle	WEB=n/a	KJV=1:Philip	ASV=n/a
Acts 8:5	topic	the-christ	WEB=1:the Christ	KJV=0	ASV=1:the Christ
Acts 9:11	person	judas-iscariot	WEB=0	KJV=1:Judas	ASV=1:Judas
Acts 9:15	topic	gentiles	WEB=0	KJV=1:Gentiles	ASV=1:Gentiles
Acts 9:17	person	jesus-of-nazareth	WEB=0	KJV=1:Jesus	ASV=1:Jesus
Acts 9:19	person	paul-of-tarsus	WEB=1:Saul	KJV=1:Saul	ASV=0
Acts 9:20	person	jesus-of-nazareth	WEB=0	KJV=0	ASV=1:Jesus
Acts 9:20	topic	the-christ	WEB=1:the Christ	KJV=0	ASV=0
Acts 9:22	topic	the-christ	WEB=1:the Christ	KJV=0	ASV=1:the Christ
Acts 9:26	person	paul-of-tarsus	WEB=1:Saul	KJV=1:Saul	ASV=0
Acts 9:29	person	jesus-of-nazareth	WEB=1:Jesus	KJV=1:Jesus	ASV=0
Acts 9:29	topic	greeks	WEB=1:Hellenists	KJV=0	ASV=0
Acts 9:29	topic	jews	WEB=0	KJV=0	ASV=1:Jews
Acts 9:37	poi	upper-room	WEB=1:upper room	KJV=0	ASV=0
Acts 9:39	poi	upper-room	WEB=1:upper room	KJV=0	ASV=0
Amos 1:10	location	tyre	WEB=1:Tyre	KJV=0	ASV=1:Tyre
Amos 1:9	location	tyre	WEB=1:Tyre	KJV=0	ASV=1:Tyre
Amos 3:12	location	damascus	WEB=0	KJV=1:Damascus	ASV=0
Amos 3:14	poi	bethel	WEB=1:Bethel	KJV=1:Bethel	ASV=0
Amos 4:4	poi	bethel	WEB=1:Bethel	KJV=1:Bethel	ASV=0
Amos 5:26	topic	tabernacle	WEB=0	KJV=1:tabernacle	ASV=1:tabernacle
Amos 5:5	poi	beersheba	WEB=1:Beersheba	KJV=1:Beersheba	ASV=0
Amos 5:5	poi	bethel	WEB=2:Bethel	KJV=2:Bethel	ASV=0
Amos 5:6	poi	bethel	WEB=1:Bethel	KJV=1:Bethel	ASV=0
Amos 7:10	poi	bethel	WEB=1:Bethel	KJV=1:Bethel	ASV=0
Amos 7:13	poi	bethel	WEB=1:Bethel	KJV=1:Bethel	ASV=0
Amos 8:14	poi	beersheba	WEB=1:Beersheba	KJV=1:Beersheba	ASV=0
Amos 9:11	topic	tabernacle	WEB=0	KJV=1:tabernacle	ASV=1:tabernacle
Colossians 1:1	person	timothy	WEB=1:Timothy	KJV=0	ASV=1:Timothy
Colossians 1:2	location	colossae	WEB=1:Colossae	KJV=0	ASV=1:Colossae
Colossians 1:2	person	jesus-of-nazareth	WEB=1:Jesus Christ	KJV=1:Jesus Christ	ASV=0
Colossians 1:28	person	jesus-of-nazareth	WEB=1:Christ Jesus	KJV=1:Christ Jesus	ASV=0
Colossians 1:3	person	god-the-father	WEB=1:God the Father	KJV=0	ASV=1:God the Father
Colossians 3:17	person	god-the-father	WEB=1:God the Father	KJV=0	ASV=1:God the Father
Colossians 4:10	person	john-mark	WEB=1:Mark	KJV=0	ASV=1:Mark
Colossians 4:12	person	jesus-of-nazareth	WEB=0	KJV=0	ASV=1:Christ Jesus
Daniel 9:25	topic	the-christ	WEB=0	KJV=1:Messiah	ASV=0
Daniel 9:26	topic	the-christ	WEB=0	KJV=1:Messiah	ASV=0
Deuteronomy 11:30	location	jordan-river	WEB=1:the Jordan	KJV=0	ASV=1:the Jordan
Deuteronomy 11:31	location	jordan-river	WEB=1:the Jordan	KJV=0	ASV=1:the Jordan
Deuteronomy 12:10	location	jordan-river	WEB=1:the Jordan	KJV=0	ASV=1:the Jordan
Deuteronomy 13:13	person	satan	WEB=0	KJV=1:Belial	ASV=0
Deuteronomy 1:1	location	jordan-river	WEB=1:the Jordan	KJV=0	ASV=1:the Jordan
Deuteronomy 1:1	location	red-sea	WEB=0	KJV=1:Red sea	ASV=0
Deuteronomy 1:19	location	kadesh-barnea	WEB=1:Kadesh Barnea	KJV=0	ASV=1:Kadesh
Deuteronomy 1:2	location	kadesh-barnea	WEB=1:Kadesh Barnea	KJV=0	ASV=1:Kadesh
Deuteronomy 1:5	location	jordan-river	WEB=1:the Jordan	KJV=0	ASV=1:the Jordan
Deuteronomy 27:12	location	jordan-river	WEB=1:the Jordan	KJV=0	ASV=1:the Jordan
Deuteronomy 27:2	location	jordan-river	WEB=1:the Jordan	KJV=0	ASV=1:the Jordan
Deuteronomy 27:4	location	jordan-river	WEB=1:the Jordan	KJV=0	ASV=1:the Jordan
Deuteronomy 2:14	location	kadesh-barnea	WEB=1:Kadesh Barnea	KJV=0	ASV=1:Kadesh
Deuteronomy 2:29	location	jordan-river	WEB=1:the Jordan	KJV=0	ASV=1:the Jordan
Deuteronomy 2:9	location	moab	WEB=1:Moab	KJV=0	ASV=1:Moab
Deuteronomy 2:9	topic	moabites-and-ammonites	WEB=0	KJV=1:Moabites	ASV=0
Deuteronomy 30:18	location	jordan-river	WEB=1:the Jordan	KJV=0	ASV=1:the Jordan
Deuteronomy 31:13	location	jordan-river	WEB=1:the Jordan	KJV=0	ASV=1:the Jordan
Deuteronomy 31:15	topic	tabernacle	WEB=0	KJV=2:tabernacle	ASV=0
Deuteronomy 32:17	topic	demons	WEB=1:demons	KJV=0	ASV=1:demons
Deuteronomy 32:44	person	joshua	WEB=1:Joshua	KJV=0	ASV=0
Deuteronomy 32:47	location	jordan-river	WEB=1:the Jordan	KJV=0	ASV=1:the Jordan
Deuteronomy 32:8	person	adam	WEB=0	KJV=1:Adam	ASV=0
Deuteronomy 34:1	location	mount-nebo	WEB=1:Mount Nebo	KJV=0	ASV=1:mount Nebo
Deuteronomy 3:11	location	rabbah	WEB=1:Rabbah	KJV=0	ASV=1:Rabbah
Deuteronomy 3:17	location	dead-sea	WEB=2:Salt Sea|sea of the Arabah	KJV=1:salt sea	ASV=2:Salt Sea|sea of the Arabah
Deuteronomy 3:17	location	jordan-river	WEB=1:the Jordan	KJV=0	ASV=1:the Jordan
Deuteronomy 3:20	location	jordan-river	WEB=1:the Jordan	KJV=0	ASV=1:the Jordan
Deuteronomy 3:25	location	jordan-river	WEB=1:the Jordan	KJV=0	ASV=1:the Jordan
Deuteronomy 3:8	location	jordan-river	WEB=1:the Jordan	KJV=0	ASV=1:the Jordan
Deuteronomy 4:21	location	jordan-river	WEB=1:the Jordan	KJV=0	ASV=1:the Jordan
Deuteronomy 4:22	location	jordan-river	WEB=1:the Jordan	KJV=0	ASV=1:the Jordan
Deuteronomy 4:26	location	jordan-river	WEB=1:the Jordan	KJV=0	ASV=1:the Jordan
Deuteronomy 4:41	location	jordan-river	WEB=1:the Jordan	KJV=0	ASV=1:the Jordan
Deuteronomy 4:46	location	jordan-river	WEB=1:the Jordan	KJV=0	ASV=1:the Jordan
Deuteronomy 4:47	location	jordan-river	WEB=1:the Jordan	KJV=0	ASV=1:the Jordan
Deuteronomy 4:49	location	dead-sea	WEB=1:sea of the Arabah	KJV=0	ASV=1:sea of the Arabah
Deuteronomy 4:49	location	jordan-river	WEB=1:the Jordan	KJV=0	ASV=1:the Jordan
Deuteronomy 9:1	location	jordan-river	WEB=1:the Jordan	KJV=0	ASV=1:the Jordan
Deuteronomy 9:23	location	kadesh-barnea	WEB=1:Kadesh Barnea	KJV=0	ASV=1:Kadesh
Ecclesiastes 5:6	topic	angels	WEB=0	KJV=1:the angel	ASV=1:the angel
Ephesians 1:13	person	holy-spirit	WEB=0	KJV=0	ASV=1:the Holy Spirit
Ephesians 3:14	person	jesus-of-nazareth	WEB=1:Jesus Christ	KJV=1:Jesus Christ	ASV=0
Ephesians 3:6	person	jesus-of-nazareth	WEB=1:Christ Jesus	KJV=0	ASV=1:Christ Jesus
Ephesians 3:9	person	jesus-of-nazareth	WEB=1:Jesus Christ	KJV=1:Jesus Christ	ASV=0
Ephesians 6:16	person	satan	WEB=1:the evil one	KJV=0	ASV=1:the evil one
Esther 10:10	topic	gentiles	WEB=n/a	KJV=1:Gentiles	ASV=n/a
Esther 10:6	person	esther	WEB=n/a	KJV=1:Esther	ASV=n/a
Esther 10:8	topic	jews	WEB=n/a	KJV=1:the Jews	ASV=n/a
Esther 10:9	topic	gentiles	WEB=n/a	KJV=1:Gentiles	ASV=n/a
Esther 11:1	location	jerusalem	WEB=n/a	KJV=1:Jerusalem	ASV=n/a
Esther 11:1	topic	levites	WEB=n/a	KJV=1:Levite	ASV=n/a
Esther 11:3	location	susa	WEB=n/a	KJV=1:Susa	ASV=n/a
Esther 11:4	location	babylon	WEB=n/a	KJV=1:Babylon	ASV=n/a
Esther 11:4	location	jerusalem	WEB=n/a	KJV=1:Jerusalem	ASV=n/a
Esther 11:4	location	judea	WEB=n/a	KJV=1:Judea	ASV=n/a
Esther 13:1	location	ethiopia	WEB=n/a	KJV=1:Ethiopia	ASV=n/a
Esther 13:16	location	egypt	WEB=n/a	KJV=1:Egypt	ASV=n/a
Esther 14:1	person	esther	WEB=n/a	KJV=1:Esther	ASV=n/a
Esther 14:18	person	abraham	WEB=n/a	KJV=1:Abraham	ASV=n/a
Esther 15:13	topic	angels	WEB=n/a	KJV=1:an angel	ASV=n/a
Esther 15:9	person	esther	WEB=n/a	KJV=1:Esther	ASV=n/a
Esther 16:1	location	ethiopia	WEB=n/a	KJV=1:Ethiopia	ASV=n/a
Esther 16:10	topic	persians	WEB=n/a	KJV=1:Persian	ASV=n/a
Esther 16:13	person	esther	WEB=n/a	KJV=1:Esther	ASV=n/a
Esther 16:14	topic	persians	WEB=n/a	KJV=1:Persians	ASV=n/a
Esther 16:15	topic	jews	WEB=n/a	KJV=1:the Jews	ASV=n/a
Esther 16:18	location	susa	WEB=n/a	KJV=1:Susa	ASV=n/a
Esther 16:19	topic	jews	WEB=n/a	KJV=1:the Jews	ASV=n/a
Esther 16:23	topic	persians	WEB=n/a	KJV=1:Persians	ASV=n/a
Esther 9:10	topic	jews	WEB=1:the Jews	KJV=1:the Jews	ASV=0
Esther 9:25	person	esther	WEB=0	KJV=1:Esther	ASV=0
Exodus 14:20	location	egypt	WEB=1:Egypt	KJV=0	ASV=1:Egypt
Exodus 14:20	topic	egyptians	WEB=0	KJV=1:Egyptians	ASV=0
Exodus 18:3	person	moses	WEB=1:Moses	KJV=0	ASV=0
Exodus 18:5	location	mount-sinai	WEB=0	KJV=1:mount of God	ASV=1:mount of God
Exodus 1:1	topic	israelites	WEB=0	KJV=1:children of Israel	ASV=0
Exodus 24:13	location	mount-sinai	WEB=0	KJV=1:mount of God	ASV=1:mount of God
Exodus 25:18	topic	cherubim	WEB=1:cherubim	KJV=0	ASV=1:cherubim
Exodus 25:19	topic	cherubim	WEB=3:cherub|cherubim	KJV=2:cherub	ASV=3:cherub|cherubim
Exodus 25:20	topic	cherubim	WEB=2:cherubim	KJV=0	ASV=2:cherubim
Exodus 25:22	topic	cherubim	WEB=1:cherubim	KJV=0	ASV=1:cherubim
Exodus 26:1	topic	cherubim	WEB=1:cherubim	KJV=0	ASV=1:cherubim
Exodus 26:31	topic	cherubim	WEB=1:cherubim	KJV=0	ASV=1:cherubim
Exodus 26:9	topic	tabernacle	WEB=0	KJV=1:tabernacle	ASV=0
Exodus 29:43	topic	tabernacle	WEB=0	KJV=1:tabernacle	ASV=0
Exodus 31:7	topic	tabernacle	WEB=1:Tent of Meeting	KJV=2:tabernacle	ASV=1:tent of meeting
Exodus 33:10	topic	tabernacle	WEB=0	KJV=1:tabernacle	ASV=0
Exodus 33:11	topic	tabernacle	WEB=0	KJV=1:tabernacle	ASV=0
Exodus 33:7	topic	tabernacle	WEB=2:Tent of Meeting	KJV=3:Tabernacle|tabernacle	ASV=2:tent of meeting
Exodus 33:8	topic	tabernacle	WEB=0	KJV=2:tabernacle	ASV=0
Exodus 33:9	topic	tabernacle	WEB=0	KJV=2:tabernacle	ASV=0
Exodus 36:35	topic	cherubim	WEB=1:cherubim	KJV=0	ASV=1:cherubim
Exodus 36:37	topic	tabernacle	WEB=0	KJV=1:tabernacle	ASV=0
Exodus 36:8	topic	cherubim	WEB=1:cherubim	KJV=0	ASV=1:cherubim
Exodus 37:7	topic	cherubim	WEB=1:cherubim	KJV=0	ASV=1:cherubim
Exodus 37:8	topic	cherubim	WEB=3:cherub|cherubim	KJV=2:cherub	ASV=3:cherub|cherubim
Exodus 37:9	topic	cherubim	WEB=2:cherubim	KJV=0	ASV=2:cherubim
Exodus 39:32	topic	tabernacle	WEB=2:Tent of Meeting|tabernacle	KJV=1:tabernacle	ASV=2:tabernacle|tent of meeting
Exodus 39:38	topic	tabernacle	WEB=0	KJV=1:tabernacle	ASV=0
Exodus 39:40	topic	tabernacle	WEB=2:Tent of Meeting|tabernacle	KJV=1:tabernacle	ASV=2:tabernacle|tent of meeting
Exodus 40:2	topic	tabernacle	WEB=2:Tent of Meeting|tabernacle	KJV=1:tabernacle	ASV=2:tabernacle|tent of meeting
Exodus 40:22	topic	tabernacle	WEB=2:Tent of Meeting|tabernacle	KJV=1:tabernacle	ASV=2:tabernacle|tent of meeting
Exodus 40:24	topic	tabernacle	WEB=2:Tent of Meeting|tabernacle	KJV=1:tabernacle	ASV=2:tabernacle|tent of meeting
Exodus 40:26	topic	tabernacle	WEB=1:Tent of Meeting	KJV=0	ASV=1:tent of meeting
Exodus 40:29	topic	tabernacle	WEB=2:Tent of Meeting|tabernacle	KJV=1:tabernacle	ASV=2:tabernacle|tent of meeting
Exodus 40:30	topic	tabernacle	WEB=1:Tent of Meeting	KJV=0	ASV=1:tent of meeting
Exodus 40:32	topic	tabernacle	WEB=1:Tent of Meeting	KJV=0	ASV=1:tent of meeting
Exodus 40:34	topic	tabernacle	WEB=2:Tent of Meeting|tabernacle	KJV=1:tabernacle	ASV=2:tabernacle|tent of meeting
Exodus 40:35	topic	tabernacle	WEB=2:Tent of Meeting|tabernacle	KJV=1:tabernacle	ASV=2:tabernacle|tent of meeting
Exodus 40:6	topic	tabernacle	WEB=2:Tent of Meeting|tabernacle	KJV=1:tabernacle	ASV=2:tabernacle|tent of meeting
Exodus 40:7	topic	tabernacle	WEB=1:Tent of Meeting	KJV=0	ASV=1:tent of meeting
Exodus 4:24	person	moses	WEB=1:Moses	KJV=0	ASV=0
Exodus 4:27	location	mount-sinai	WEB=0	KJV=1:mount of God	ASV=0
Exodus 6:15	topic	canaanites	WEB=1:Canaanite	KJV=0	ASV=0
Exodus 6:19	topic	levites	WEB=1:Levites	KJV=0	ASV=1:Levites
Exodus 6:23	person	nahshon	WEB=1:Nahshon	KJV=0	ASV=1:Nahshon
Exodus 9:4	topic	israelites	WEB=1:children of Israel	KJV=0	ASV=1:children of Israel
Ezekiel 10:1	topic	cherubim	WEB=1:cherubim	KJV=0	ASV=1:cherubim
Ezekiel 10:15	topic	cherubim	WEB=1:cherubim	KJV=0	ASV=1:cherubim
Ezekiel 10:16	topic	cherubim	WEB=2:cherubim	KJV=0	ASV=2:cherubim
Ezekiel 10:18	topic	cherubim	WEB=1:cherubim	KJV=0	ASV=1:cherubim
Ezekiel 10:19	topic	cherubim	WEB=1:cherubim	KJV=0	ASV=1:cherubim
Ezekiel 10:2	topic	cherubim	WEB=2:cherub|cherubim	KJV=1:cherub	ASV=2:cherub|cherubim
Ezekiel 10:20	topic	cherubim	WEB=1:cherubim	KJV=0	ASV=1:cherubim
Ezekiel 10:3	topic	cherubim	WEB=1:cherubim	KJV=0	ASV=1:cherubim
Ezekiel 10:5	topic	cherubim	WEB=1:cherubim	KJV=0	ASV=1:cherubim
Ezekiel 10:6	topic	cherubim	WEB=1:cherubim	KJV=0	ASV=1:cherubim
Ezekiel 10:7	topic	cherubim	WEB=3:cherub|cherubim	KJV=1:cherub	ASV=3:cherub|cherubim
Ezekiel 10:8	topic	cherubim	WEB=1:cherubim	KJV=0	ASV=1:cherubim
Ezekiel 10:9	topic	cherubim	WEB=3:cherub|cherubim	KJV=2:cherub	ASV=3:cherub|cherubim
Ezekiel 11:22	topic	cherubim	WEB=1:cherubim	KJV=0	ASV=1:cherubim
Ezekiel 11:5	person	holy-spirit	WEB=0	KJV=1:Spirit of the LORD	ASV=0
Ezekiel 16:3	topic	canaanites	WEB=1:Canaanite	KJV=0	ASV=1:Canaanite
Ezekiel 21:20	location	ammon	WEB=1:Ammon	KJV=0	ASV=1:Ammon
Ezekiel 21:20	location	rabbah	WEB=1:Rabbah	KJV=0	ASV=1:Rabbah
Ezekiel 21:20	topic	moabites-and-ammonites	WEB=0	KJV=1:Ammonites	ASV=0
Ezekiel 21:22	topic	casting-lots	WEB=1:the lot	KJV=0	ASV=0
Ezekiel 21:28	location	ammon	WEB=1:Ammon	KJV=0	ASV=1:Ammon
Ezekiel 21:28	topic	moabites-and-ammonites	WEB=0	KJV=1:Ammonites	ASV=0
Ezekiel 25:10	location	ammon	WEB=2:Ammon	KJV=0	ASV=2:Ammon
Ezekiel 25:10	topic	moabites-and-ammonites	WEB=0	KJV=2:Ammonites	ASV=0
Ezekiel 25:2	location	ammon	WEB=1:Ammon	KJV=0	ASV=1:Ammon
Ezekiel 25:2	topic	moabites-and-ammonites	WEB=0	KJV=1:Ammonites	ASV=0
Ezekiel 25:3	location	ammon	WEB=1:Ammon	KJV=0	ASV=1:Ammon
Ezekiel 25:3	topic	moabites-and-ammonites	WEB=0	KJV=1:Ammonites	ASV=0
Ezekiel 25:5	location	ammon	WEB=1:Ammon	KJV=0	ASV=1:Ammon
Ezekiel 25:5	topic	moabites-and-ammonites	WEB=0	KJV=1:Ammonites	ASV=0
Ezekiel 26:15	location	tyre	WEB=1:Tyre	KJV=0	ASV=1:Tyre
Ezekiel 26:2	location	tyre	WEB=1:Tyre	KJV=0	ASV=1:Tyre
Ezekiel 26:3	location	tyre	WEB=1:Tyre	KJV=0	ASV=1:Tyre
Ezekiel 26:4	location	tyre	WEB=1:Tyre	KJV=0	ASV=1:Tyre
Ezekiel 26:7	location	tyre	WEB=1:Tyre	KJV=0	ASV=1:Tyre
Ezekiel 27:19	location	dan	WEB=0	KJV=1:Dan	ASV=0
Ezekiel 27:2	location	tyre	WEB=1:Tyre	KJV=0	ASV=1:Tyre
Ezekiel 27:3	location	tyre	WEB=2:Tyre	KJV=0	ASV=2:Tyre
Ezekiel 27:32	location	tyre	WEB=1:Tyre	KJV=0	ASV=1:Tyre
Ezekiel 27:8	location	sidon	WEB=1:Sidon	KJV=0	ASV=1:Sidon
Ezekiel 27:8	location	tyre	WEB=1:Tyre	KJV=0	ASV=1:Tyre
Ezekiel 28:12	location	tyre	WEB=1:Tyre	KJV=0	ASV=1:Tyre
Ezekiel 28:2	location	tyre	WEB=1:Tyre	KJV=0	ASV=1:Tyre
Ezekiel 28:21	location	sidon	WEB=1:Sidon	KJV=0	ASV=1:Sidon
Ezekiel 28:22	location	sidon	WEB=1:Sidon	KJV=0	ASV=1:Sidon
Ezekiel 29:18	location	tyre	WEB=2:Tyre	KJV=0	ASV=2:Tyre
Ezekiel 30:5	person	lydia-of-thyatira	WEB=0	KJV=1:Lydia	ASV=0
Ezekiel 37:1	person	holy-spirit	WEB=0	KJV=1:spirit of the LORD	ASV=0
Ezekiel 37:27	topic	tabernacle	WEB=0	KJV=1:tabernacle	ASV=1:tabernacle
Ezekiel 38:5	location	ethiopia	WEB=0	KJV=1:Ethiopia	ASV=0
Ezekiel 41:1	topic	tabernacle	WEB=0	KJV=1:tabernacle	ASV=1:tabernacle
Ezekiel 41:18	topic	cherubim	WEB=4:cherub|cherubim	KJV=3:cherub	ASV=4:cherub|cherubim
Ezekiel 41:20	topic	cherubim	WEB=1:cherubim	KJV=0	ASV=1:cherubim
Ezekiel 41:21	topic	the-temple	WEB=2:the temple	KJV=1:the temple	ASV=2:the temple
Ezekiel 41:25	topic	cherubim	WEB=1:cherubim	KJV=0	ASV=1:cherubim
Ezekiel 44:13	topic	holy-of-holies	WEB=0	KJV=1:the most holy place	ASV=0
Ezekiel 45:3	topic	holy-of-holies	WEB=0	KJV=1:the most holy place	ASV=0
Ezekiel 47:10	location	en-gedi	WEB=1:En Gedi	KJV=1:Engedi	ASV=0
Ezekiel 47:18	location	jordan-river	WEB=1:the Jordan	KJV=0	ASV=1:the Jordan
Ezekiel 47:19	location	egypt	WEB=0	KJV=0	ASV=1:Egypt
Ezekiel 48:28	location	egypt	WEB=0	KJV=0	ASV=1:Egypt
Ezekiel 4:13	topic	gentiles	WEB=0	KJV=1:Gentiles	ASV=0
Ezekiel 8:16	topic	the-temple	WEB=0	KJV=2:the temple	ASV=2:the temple
Ezra 10:26	person	elijah	WEB=1:Elijah	KJV=0	ASV=1:Elijah
Ezra 10:5	topic	chief-priests	WEB=0	KJV=1:chief priests	ASV=0
Ezra 2:21	location	bethlehem	WEB=1:Bethlehem	KJV=1:Bethlehem	ASV=0
Ezra 2:28	poi	bethel	WEB=1:Bethel	KJV=1:Bethel	ASV=0
Ezra 2:43	topic	the-temple	WEB=1:The temple	KJV=0	ASV=0
Ezra 2:58	topic	the-temple	WEB=1:the temple	KJV=0	ASV=0
Ezra 2:70	topic	the-temple	WEB=1:the temple	KJV=0	ASV=0
Ezra 3:10	topic	the-temple	WEB=0	KJV=1:the temple	ASV=1:the temple
Ezra 3:6	topic	the-temple	WEB=0	KJV=1:the temple	ASV=1:the temple
Ezra 3:7	location	sidon	WEB=1:Sidon	KJV=0	ASV=1:Sidon
Ezra 4:1	topic	the-temple	WEB=0	KJV=1:the temple	ASV=0
Ezra 5:8	location	judea	WEB=0	KJV=1:Judea	ASV=0
Ezra 7:7	topic	the-temple	WEB=1:the temple	KJV=0	ASV=0
Ezra 8:17	topic	the-temple	WEB=1:the temple	KJV=0	ASV=0
Ezra 8:20	topic	the-temple	WEB=1:the temple	KJV=0	ASV=0
Galatians 1:16	topic	gentiles	WEB=1:Gentiles	KJV=0	ASV=1:Gentiles
Galatians 2:9	topic	gentiles	WEB=1:Gentiles	KJV=0	ASV=1:Gentiles
Galatians 3:8	topic	gentiles	WEB=1:Gentiles	KJV=0	ASV=1:Gentiles
Galatians 4:24	person	hagar	WEB=1:Hagar	KJV=0	ASV=1:Hagar
Galatians 4:25	person	hagar	WEB=1:Hagar	KJV=0	ASV=1:Hagar
Galatians 5:24	person	jesus-of-nazareth	WEB=0	KJV=0	ASV=1:Christ Jesus
Galatians 6:15	person	jesus-of-nazareth	WEB=1:Christ Jesus	KJV=1:Christ Jesus	ASV=0
Genesis 10:14	topic	philistines	WEB=1:Philistines	KJV=0	ASV=1:Philistines
Genesis 10:5	topic	gentiles	WEB=0	KJV=1:Gentiles	ASV=0
Genesis 12:6	location	shechem	WEB=0	KJV=1:Sichem	ASV=0
Genesis 12:6	poi	shechem	WEB=1:Shechem	KJV=0	ASV=1:Shechem
Genesis 12:8	poi	bethel	WEB=2:Bethel	KJV=2:Bethel	ASV=0
Genesis 13:10	location	jordan-river	WEB=1:the Jordan	KJV=0	ASV=1:the Jordan
Genesis 13:11	location	jordan-river	WEB=1:the Jordan	KJV=0	ASV=1:the Jordan
Genesis 13:3	poi	bethel	WEB=2:Bethel	KJV=2:Bethel	ASV=0
Genesis 14:20	person	abraham	WEB=1:Abram	KJV=0	ASV=0
Genesis 14:7	location	kadesh-barnea	WEB=1:Kadesh	KJV=1:Kadesh	ASV=2:En-mishpat|Kadesh
Genesis 15:5	person	abraham	WEB=1:Abram	KJV=0	ASV=0
Genesis 15:7	person	abraham	WEB=1:Abram	KJV=0	ASV=0
Genesis 1:2	person	holy-spirit	WEB=0	KJV=1:Spirit of God	ASV=1:Spirit of God
Genesis 21:14	poi	beersheba	WEB=1:Beersheba	KJV=1:Beersheba	ASV=0
Genesis 21:31	poi	beersheba	WEB=1:Beersheba	KJV=1:Beersheba	ASV=0
Genesis 21:32	poi	beersheba	WEB=1:Beersheba	KJV=1:Beersheba	ASV=0
Genesis 21:33	poi	beersheba	WEB=1:Beersheba	KJV=1:Beersheba	ASV=0
Genesis 22:19	poi	beersheba	WEB=2:Beersheba	KJV=2:Beersheba	ASV=0
Genesis 23:2	location	hebron	WEB=0	KJV=0	ASV=1:Kiriath-arba
Genesis 26:23	poi	beersheba	WEB=1:Beersheba	KJV=1:Beersheba	ASV=0
Genesis 26:33	poi	beersheba	WEB=1:Beersheba	KJV=1:Beersheba	ASV=0
Genesis 28:10	poi	beersheba	WEB=1:Beersheba	KJV=1:Beersheba	ASV=0
Genesis 28:19	poi	bethel	WEB=1:Bethel	KJV=1:Bethel	ASV=0
Genesis 29:13	person	jacob	WEB=3:Jacob	KJV=1:Jacob	ASV=1:Jacob
Genesis 2:13	location	ethiopia	WEB=0	KJV=1:Ethiopia	ASV=0
Genesis 2:19	person	adam	WEB=0	KJV=2:Adam	ASV=0
Genesis 2:20	person	adam	WEB=0	KJV=2:Adam	ASV=0
Genesis 2:21	person	adam	WEB=0	KJV=1:Adam	ASV=0
Genesis 2:23	person	adam	WEB=0	KJV=1:Adam	ASV=0
Genesis 31:13	poi	bethel	WEB=1:Bethel	KJV=1:Bethel	ASV=0
Genesis 32:26	person	jacob	WEB=1:Jacob	KJV=0	ASV=0
Genesis 33:12	person	esau	WEB=1:Esau	KJV=0	ASV=0
Genesis 33:13	person	jacob	WEB=1:Jacob	KJV=0	ASV=0
Genesis 33:8	person	esau	WEB=1:Esau	KJV=0	ASV=0
Genesis 33:8	person	jacob	WEB=1:Jacob	KJV=0	ASV=0
Genesis 35:1	poi	bethel	WEB=1:Bethel	KJV=1:Bethel	ASV=0
Genesis 35:15	poi	bethel	WEB=1:Bethel	KJV=1:Bethel	ASV=0
Genesis 35:16	poi	bethel	WEB=1:Bethel	KJV=1:Bethel	ASV=0
Genesis 35:19	location	bethlehem	WEB=1:Bethlehem	KJV=1:Bethlehem	ASV=0
Genesis 35:27	location	hebron	WEB=0	KJV=0	ASV=1:Kiriath-arba
Genesis 35:3	poi	bethel	WEB=1:Bethel	KJV=1:Bethel	ASV=0
Genesis 35:6	poi	bethel	WEB=1:Bethel	KJV=1:Bethel	ASV=0
Genesis 35:8	poi	bethel	WEB=1:Bethel	KJV=1:Bethel	ASV=0
Genesis 36:37	person	saul-king-of-israel	WEB=0	KJV=1:Saul	ASV=0
Genesis 36:38	person	saul-king-of-israel	WEB=0	KJV=1:Saul	ASV=0
Genesis 38:29	person	perez	WEB=1:Perez	KJV=0	ASV=1:Perez
Genesis 38:30	person	zerah-son-of-judah	WEB=1:Zerah	KJV=0	ASV=1:Zerah
Genesis 39:11	person	joseph-son-of-jacob	WEB=0	KJV=1:Joseph	ASV=0
Genesis 3:20	person	adam	WEB=0	KJV=1:Adam	ASV=0
Genesis 3:24	topic	cherubim	WEB=1:cherubim	KJV=0	ASV=1:Cherubim
Genesis 3:8	person	adam	WEB=0	KJV=1:Adam	ASV=0
Genesis 3:9	person	adam	WEB=0	KJV=1:Adam	ASV=0
Genesis 45:21	topic	israelites	WEB=0	KJV=1:children of Israel	ASV=0
Genesis 45:26	person	jacob	WEB=0	KJV=1:Jacob	ASV=0
Genesis 46:1	poi	beersheba	WEB=1:Beersheba	KJV=1:Beersheba	ASV=0
Genesis 46:10	topic	canaanites	WEB=1:Canaanite	KJV=0	ASV=0
Genesis 46:12	person	perez	WEB=2:Perez	KJV=0	ASV=2:Perez
Genesis 46:13	person	job	WEB=0	KJV=1:Job	ASV=0
Genesis 46:5	poi	beersheba	WEB=1:Beersheba	KJV=1:Beersheba	ASV=0
Genesis 48:7	location	bethlehem	WEB=1:Bethlehem	KJV=1:Bethlehem	ASV=0
Genesis 49:10	poi	shiloh	WEB=0	KJV=1:Shiloh	ASV=1:Shiloh
Genesis 49:13	location	sidon	WEB=1:Sidon	KJV=0	ASV=1:Sidon
Genesis 4:1	person	adam	WEB=0	KJV=1:Adam	ASV=0
Genesis 4:2	person	cain	WEB=2:Cain	KJV=1:Cain	ASV=1:Cain
Genesis 50:10	location	jordan-river	WEB=1:the Jordan	KJV=0	ASV=1:the Jordan
Genesis 50:11	location	jordan-river	WEB=1:the Jordan	KJV=0	ASV=1:the Jordan
Genesis 8:4	location	mount-ararat	WEB=0	KJV=1:mountains of Ararat	ASV=1:mountains of Ararat
Haggai 2:15	topic	the-temple	WEB=0	KJV=1:the temple	ASV=1:the temple
Hebrews 11:11	person	sarah	WEB=1:Sarah	KJV=0	ASV=1:Sarah
Hebrews 11:32	person	gideon	WEB=1:Gideon	KJV=0	ASV=1:Gideon
Hebrews 3:8	timeline	bib-loc-temptation-wilderness	WEB=0	KJV=1:temptation in the wilderness	ASV=0
Hebrews 4:9	topic	sabbath	WEB=1:Sabbath	KJV=0	ASV=1:sabbath
Hebrews 5:10	person	melchizedek	WEB=1:Melchizedek	KJV=0	ASV=1:Melchizedek
Hebrews 5:6	person	melchizedek	WEB=1:Melchizedek	KJV=0	ASV=1:Melchizedek
Hebrews 6:20	person	melchizedek	WEB=1:Melchizedek	KJV=0	ASV=1:Melchizedek
Hebrews 7:1	person	melchizedek	WEB=1:Melchizedek	KJV=0	ASV=1:Melchizedek
Hebrews 7:10	person	melchizedek	WEB=1:Melchizedek	KJV=0	ASV=1:Melchizedek
Hebrews 7:11	person	melchizedek	WEB=1:Melchizedek	KJV=0	ASV=1:Melchizedek
Hebrews 7:15	person	melchizedek	WEB=1:Melchizedek	KJV=0	ASV=1:Melchizedek
Hebrews 7:17	person	melchizedek	WEB=1:Melchizedek	KJV=0	ASV=1:Melchizedek
Hebrews 7:21	person	melchizedek	WEB=1:Melchizedek	KJV=0	ASV=0
Hebrews 9:15	topic	new-covenant	WEB=1:new covenant	KJV=0	ASV=1:new covenant
Hebrews 9:3	topic	holy-of-holies	WEB=1:Holy of Holies	KJV=0	ASV=1:Holy of holies
Hebrews 9:5	topic	cherubim	WEB=1:cherubim	KJV=0	ASV=1:cherubim
Hosea 10:15	poi	bethel	WEB=1:Bethel	KJV=1:Bethel	ASV=0
Hosea 12:1	topic	assyrians	WEB=0	KJV=1:Assyrians	ASV=0
Hosea 12:4	poi	bethel	WEB=1:Bethel	KJV=1:Bethel	ASV=0
Hosea 5:13	topic	assyrians	WEB=0	KJV=1:Assyrian	ASV=0
Hosea 6:7	person	adam	WEB=1:Adam	KJV=0	ASV=1:Adam
Hosea 6:9	poi	shechem	WEB=1:Shechem	KJV=0	ASV=1:Shechem
Hosea 8:8	topic	gentiles	WEB=0	KJV=1:Gentiles	ASV=0
Hosea 9:13	location	tyre	WEB=1:Tyre	KJV=0	ASV=1:Tyre
Isaiah 10:30	location	dan	WEB=0	KJV=1:Laish	ASV=0
Isaiah 11:10	topic	gentiles	WEB=0	KJV=1:Gentiles	ASV=0
Isaiah 11:2	person	holy-spirit	WEB=0	KJV=1:spirit of the LORD	ASV=0
Isaiah 13:19	topic	babylonians	WEB=1:Chaldeans	KJV=0	ASV=1:Chaldeans
Isaiah 14:12	person	satan	WEB=0	KJV=1:Lucifer	ASV=0
Isaiah 16:5	topic	tabernacle	WEB=0	KJV=1:tabernacle	ASV=0
Isaiah 19:10	location	egypt	WEB=0	KJV=0	ASV=1:Egypt
Isaiah 19:16	location	egypt	WEB=0	KJV=1:Egypt	ASV=0
Isaiah 19:16	topic	egyptians	WEB=1:Egyptians	KJV=0	ASV=1:Egyptians
Isaiah 19:6	location	egypt	WEB=1:Egypt	KJV=0	ASV=1:Egypt
Isaiah 1:13	topic	sabbath	WEB=0	KJV=0	ASV=1:sabbath
Isaiah 20:4	location	egypt	WEB=2:Egypt	KJV=1:Egypt	ASV=2:Egypt
Isaiah 20:4	location	ethiopia	WEB=1:Ethiopia	KJV=0	ASV=1:Ethiopia
Isaiah 20:4	topic	egyptians	WEB=0	KJV=1:Egyptians	ASV=0
Isaiah 22:9	person	david	WEB=1:David	KJV=0	ASV=0
Isaiah 22:9	poi	city-of-david	WEB=0	KJV=1:city of David	ASV=1:city of David
Isaiah 23:12	location	sidon	WEB=1:Sidon	KJV=0	ASV=1:Sidon
Isaiah 23:2	location	sidon	WEB=1:Sidon	KJV=0	ASV=1:Sidon
Isaiah 23:4	location	sidon	WEB=1:Sidon	KJV=0	ASV=1:Sidon
Isaiah 27:1	person	satan	WEB=1:the dragon	KJV=1:the dragon	ASV=0
Isaiah 30:33	topic	gehenna	WEB=0	KJV=0	ASV=1:Topheth
Isaiah 30:7	location	egypt	WEB=1:Egypt	KJV=0	ASV=1:Egypt
Isaiah 30:7	topic	egyptians	WEB=0	KJV=1:Egyptians	ASV=0
Isaiah 33:20	topic	tabernacle	WEB=0	KJV=1:tabernacle	ASV=0
Isaiah 34:9	location	edom	WEB=0	KJV=0	ASV=1:Edom
Isaiah 37:16	topic	cherubim	WEB=1:cherubim	KJV=0	ASV=1:cherubim
Isaiah 37:25	location	egypt	WEB=1:Egypt	KJV=0	ASV=1:Egypt
Isaiah 40:13	person	holy-spirit	WEB=0	KJV=1:Spirit of the LORD	ASV=0
Isaiah 40:7	person	holy-spirit	WEB=0	KJV=1:spirit of the LORD	ASV=0
Isaiah 42:1	topic	gentiles	WEB=0	KJV=1:Gentiles	ASV=1:Gentiles
Isaiah 42:6	topic	gentiles	WEB=0	KJV=1:Gentiles	ASV=1:Gentiles
Isaiah 49:22	topic	gentiles	WEB=0	KJV=1:Gentiles	ASV=0
Isaiah 49:6	topic	gentiles	WEB=0	KJV=1:Gentiles	ASV=1:Gentiles
Isaiah 4:6	topic	tabernacle	WEB=0	KJV=1:tabernacle	ASV=0
Isaiah 51:9	person	satan	WEB=0	KJV=1:the dragon	ASV=0
Isaiah 54:3	topic	gentiles	WEB=0	KJV=1:Gentiles	ASV=0
Isaiah 59:19	person	holy-spirit	WEB=0	KJV=1:Spirit of the LORD	ASV=0
Isaiah 60:11	topic	gentiles	WEB=0	KJV=1:Gentiles	ASV=0
Isaiah 60:16	topic	gentiles	WEB=0	KJV=1:Gentiles	ASV=0
Isaiah 60:3	topic	gentiles	WEB=0	KJV=1:Gentiles	ASV=0
Isaiah 60:5	topic	gentiles	WEB=0	KJV=1:Gentiles	ASV=0
Isaiah 61:1	person	holy-spirit	WEB=0	KJV=1:Spirit of the Lord	ASV=1:Spirit of the Lord
Isaiah 61:6	topic	gentiles	WEB=0	KJV=1:Gentiles	ASV=0
Isaiah 61:9	topic	gentiles	WEB=0	KJV=1:Gentiles	ASV=0
Isaiah 62:2	topic	gentiles	WEB=0	KJV=1:Gentiles	ASV=0
Isaiah 63:14	person	holy-spirit	WEB=0	KJV=1:Spirit of the LORD	ASV=0
Isaiah 66:12	topic	gentiles	WEB=0	KJV=1:Gentiles	ASV=0
Isaiah 66:19	topic	gentiles	WEB=0	KJV=1:Gentiles	ASV=0
Isaiah 9:1	location	jordan-river	WEB=1:the Jordan	KJV=0	ASV=1:the Jordan
Isaiah 9:6	person	holy-spirit	WEB=1:Counselor	KJV=0	ASV=0
James 2:19	topic	demons	WEB=1:demons	KJV=0	ASV=1:demons
James 2:2	topic	synagogue	WEB=1:synagogue	KJV=0	ASV=1:synagogue
James 3:6	topic	gehenna	WEB=1:Gehenna	KJV=0	ASV=0
James 5:17	person	elijah	WEB=1:Elijah	KJV=0	ASV=1:Elijah
Jeremiah 10:20	topic	tabernacle	WEB=0	KJV=1:tabernacle	ASV=0
Jeremiah 12:5	location	jordan-river	WEB=1:the Jordan	KJV=0	ASV=1:the Jordan
Jeremiah 14:22	topic	gentiles	WEB=0	KJV=1:Gentiles	ASV=0
Jeremiah 16:19	topic	gentiles	WEB=0	KJV=1:Gentiles	ASV=0
Jeremiah 19:11	topic	gehenna	WEB=1:Topheth	KJV=0	ASV=1:Topheth
Jeremiah 19:12	topic	gehenna	WEB=1:Topheth	KJV=0	ASV=1:Topheth
Jeremiah 19:13	topic	gehenna	WEB=1:Topheth	KJV=0	ASV=1:Topheth
Jeremiah 19:14	topic	gehenna	WEB=1:Topheth	KJV=0	ASV=1:Topheth
Jeremiah 19:6	topic	gehenna	WEB=2:Topheth|valley of the son of Hinnom	KJV=1:valley of the son of Hinnom	ASV=2:Topheth|valley of the son of Hinnom
Jeremiah 1:2	person	amon-king-of-judah	WEB=1:Amon, king of Judah	KJV=0	ASV=1:Amon, king of Judah
Jeremiah 24:1	topic	the-temple	WEB=0	KJV=1:the temple	ASV=1:the temple
Jeremiah 25:22	location	sidon	WEB=1:Sidon	KJV=0	ASV=1:Sidon
Jeremiah 25:22	location	tyre	WEB=1:Tyre	KJV=0	ASV=1:Tyre
Jeremiah 25:3	person	amon-king-of-judah	WEB=1:Amon, king of Judah	KJV=0	ASV=1:Amon, king of Judah
Jeremiah 27:3	location	ammon	WEB=1:Ammon	KJV=0	ASV=1:Ammon
Jeremiah 27:3	location	sidon	WEB=1:Sidon	KJV=0	ASV=1:Sidon
Jeremiah 27:3	location	tyre	WEB=1:Tyre	KJV=0	ASV=1:Tyre
Jeremiah 27:3	topic	moabites-and-ammonites	WEB=0	KJV=1:Ammonites	ASV=0
Jeremiah 31:15	person	rachel	WEB=1:Rachel	KJV=0	ASV=1:Rachel
Jeremiah 38:28	location	jerusalem	WEB=1:Jerusalem	KJV=2:Jerusalem	ASV=1:Jerusalem
Jeremiah 39:1	location	jerusalem	WEB=2:Jerusalem	KJV=1:Jerusalem	ASV=2:Jerusalem
Jeremiah 40:11	location	ammon	WEB=1:Ammon	KJV=0	ASV=1:Ammon
Jeremiah 40:11	topic	moabites-and-ammonites	WEB=0	KJV=1:Ammonites	ASV=0
Jeremiah 40:14	location	ammon	WEB=1:Ammon	KJV=0	ASV=1:Ammon
Jeremiah 40:14	topic	moabites-and-ammonites	WEB=0	KJV=1:Ammonites	ASV=0
Jeremiah 41:10	location	ammon	WEB=1:Ammon	KJV=0	ASV=1:Ammon
Jeremiah 41:10	topic	moabites-and-ammonites	WEB=0	KJV=1:Ammonites	ASV=0
Jeremiah 41:15	location	ammon	WEB=1:Ammon	KJV=0	ASV=1:Ammon
Jeremiah 41:15	topic	moabites-and-ammonites	WEB=0	KJV=1:Ammonites	ASV=0
Jeremiah 41:17	location	bethlehem	WEB=1:Bethlehem	KJV=1:Bethlehem	ASV=0
Jeremiah 43:13	location	egypt	WEB=2:Egypt	KJV=1:Egypt	ASV=2:Egypt
Jeremiah 43:13	topic	egyptians	WEB=0	KJV=1:Egyptians	ASV=0
Jeremiah 46:1	topic	gentiles	WEB=0	KJV=1:Gentiles	ASV=0
Jeremiah 47:4	location	sidon	WEB=1:Sidon	KJV=0	ASV=1:Sidon
Jeremiah 47:4	location	tyre	WEB=1:Tyre	KJV=0	ASV=1:Tyre
Jeremiah 48:13	poi	bethel	WEB=1:Bethel	KJV=1:Bethel	ASV=0
Jeremiah 49:1	location	ammon	WEB=1:Ammon	KJV=0	ASV=1:Ammon
Jeremiah 49:1	topic	moabites-and-ammonites	WEB=0	KJV=1:Ammonites	ASV=0
Jeremiah 49:19	location	jordan-river	WEB=1:the Jordan	KJV=0	ASV=1:the Jordan
Jeremiah 49:2	location	ammon	WEB=1:Ammon	KJV=0	ASV=1:Ammon
Jeremiah 4:7	topic	gentiles	WEB=0	KJV=1:Gentiles	ASV=0
Jeremiah 50:44	location	jordan-river	WEB=1:the Jordan	KJV=0	ASV=1:the Jordan
Jeremiah 52:33	person	jeconiah	WEB=1:Jehoiachin	KJV=0	ASV=1:Jehoiachin
Jeremiah 7:29	location	jerusalem	WEB=0	KJV=1:Jerusalem	ASV=1:Jerusalem
Jeremiah 7:31	topic	gehenna	WEB=2:Topheth|valley of the son of Hinnom	KJV=1:valley of the son of Hinnom	ASV=2:Topheth|valley of the son of Hinnom
Jeremiah 7:32	topic	gehenna	WEB=3:Topheth|valley of the son of Hinnom	KJV=1:valley of the son of Hinnom	ASV=3:Topheth|valley of the son of Hinnom
Jeremiah 7:4	topic	the-temple	WEB=0	KJV=3:The temple	ASV=3:The temple|the temple
Job 18:14	topic	tabernacle	WEB=0	KJV=1:tabernacle	ASV=0
Job 18:15	topic	tabernacle	WEB=0	KJV=1:tabernacle	ASV=0
Job 18:6	topic	tabernacle	WEB=0	KJV=1:tabernacle	ASV=0
Job 19:12	topic	tabernacle	WEB=0	KJV=1:tabernacle	ASV=0
Job 20:26	topic	tabernacle	WEB=0	KJV=1:tabernacle	ASV=0
Job 21:5	person	john-mark	WEB=0	KJV=1:Mark	ASV=1:Mark
Job 29:4	topic	tabernacle	WEB=0	KJV=1:tabernacle	ASV=0
Job 31:31	topic	tabernacle	WEB=0	KJV=1:tabernacle	ASV=0
Job 33:23	topic	angels	WEB=1:an angel	KJV=0	ASV=1:an angel
Job 36:29	topic	tabernacle	WEB=0	KJV=1:tabernacle	ASV=0
Job 40:23	location	jordan-river	WEB=1:the Jordan	KJV=0	ASV=0
Job 5:24	topic	tabernacle	WEB=0	KJV=1:tabernacle	ASV=0
Job 6:27	topic	casting-lots	WEB=1:cast lots	KJV=0	ASV=1:cast lots
Joel 2:20	location	dead-sea	WEB=1:eastern sea	KJV=0	ASV=1:eastern sea
Joel 3:4	location	sidon	WEB=1:Sidon	KJV=0	ASV=1:Sidon
Joel 3:6	topic	greeks	WEB=1:Greeks	KJV=0	ASV=0
Joel 3:9	topic	gentiles	WEB=0	KJV=1:Gentiles	ASV=0
John 10:20	topic	demons	WEB=1:demon	KJV=0	ASV=1:demon
John 10:21	topic	demons	WEB=2:demon	KJV=0	ASV=2:demon
John 10:40	location	jordan-river	WEB=1:the Jordan	KJV=0	ASV=1:the Jordan
John 11:1	location	bethany	WEB=1:Bethany	KJV=1:Bethany	ASV=0
John 11:45	person	jesus-of-nazareth	WEB=1:Jesus	KJV=1:Jesus	ASV=0
John 12:1	person	jesus-of-nazareth	WEB=1:Jesus	KJV=1:Jesus	ASV=2:Jesus
John 12:34	topic	the-christ	WEB=1:the Christ	KJV=0	ASV=1:the Christ
John 12:38	person	isaiah	WEB=1:Isaiah	KJV=0	ASV=1:Isaiah
John 12:39	person	isaiah	WEB=1:Isaiah	KJV=0	ASV=1:Isaiah
John 12:41	person	isaiah	WEB=1:Isaiah	KJV=0	ASV=1:Isaiah
John 13:6	person	simon-peter	WEB=1:Simon Peter	KJV=2:Peter|Simon Peter	ASV=1:Simon Peter
John 14:16	person	holy-spirit	WEB=1:Counselor	KJV=0	ASV=0
John 17:15	person	satan	WEB=1:the evil one	KJV=0	ASV=1:the evil one
John 18:28	poi	antonia-fortress	WEB=2:the Praetorium	KJV=0	ASV=2:the Praetorium
John 18:33	poi	antonia-fortress	WEB=1:the Praetorium	KJV=0	ASV=1:the Praetorium
John 19:16	person	jesus-of-nazareth	WEB=1:Jesus	KJV=1:Jesus	ASV=0
John 19:17	person	jesus-of-nazareth	WEB=0	KJV=0	ASV=1:Jesus
John 19:25	person	mary-mother-of-james-the-less	WEB=1:Mary the wife of Clopas	KJV=0	ASV=1:Mary the wife of Clopas
John 19:25	person	mary-mother-of-jesus	WEB=0	KJV=1:Mary	ASV=0
John 19:38	person	jesus-of-nazareth	WEB=2:Jesus	KJV=3:Jesus	ASV=2:Jesus
John 19:39	person	jesus-of-nazareth	WEB=1:Jesus	KJV=1:Jesus	ASV=0
John 19:39	topic	romans	WEB=1:Roman	KJV=0	ASV=0
John 19:42	topic	day-of-preparation	WEB=1:Preparation Day	KJV=1:preparation day	ASV=0
John 19:9	poi	antonia-fortress	WEB=1:the Praetorium	KJV=0	ASV=1:the Praetorium
John 1:21	person	elijah	WEB=1:Elijah	KJV=0	ASV=1:Elijah
John 1:23	person	isaiah	WEB=1:Isaiah	KJV=0	ASV=1:Isaiah
John 1:25	person	elijah	WEB=1:Elijah	KJV=0	ASV=1:Elijah
John 1:25	topic	the-christ	WEB=1:the Christ	KJV=0	ASV=1:the Christ
John 1:29	person	john-the-baptist	WEB=0	KJV=1:John	ASV=0
John 1:42	person	simon-peter	WEB=3:Cephas|Peter|Simon	KJV=2:Cephas|Simon	ASV=3:Cephas|Peter|Simon
John 20:29	person	thomas-apostle	WEB=0	KJV=1:Thomas	ASV=0
John 21:20	person	jesus-of-nazareth	WEB=2:Jesus	KJV=1:Jesus	ASV=1:Jesus
John 3:2	person	jesus-of-nazareth	WEB=0	KJV=1:Jesus	ASV=0
John 3:25	topic	jews	WEB=1:Jews	KJV=1:the Jews	ASV=0
John 3:26	location	jordan-river	WEB=1:the Jordan	KJV=0	ASV=1:the Jordan
John 4:20	topic	jews	WEB=1:Jews	KJV=0	ASV=0
John 4:25	topic	the-christ	WEB=1:Messiah	KJV=0	ASV=1:Messiah
John 4:42	topic	the-christ	WEB=1:the Christ	KJV=1:the Christ	ASV=0
John 4:46	person	jesus-of-nazareth	WEB=1:Jesus	KJV=1:Jesus	ASV=0
John 4:9	location	samaria	WEB=0	KJV=2:Samaria	ASV=0
John 4:9	topic	samaritans	WEB=3:Samaritan|Samaritans	KJV=1:Samaritans	ASV=3:Samaritan|Samaritans
John 5:4	topic	angels	WEB=1:an angel	KJV=1:an angel	ASV=n/a
John 6:14	person	jesus-of-nazareth	WEB=1:Jesus	KJV=1:Jesus	ASV=0
John 6:27	person	god-the-father	WEB=1:God the Father	KJV=1:God the Father	ASV=0
John 6:69	topic	the-christ	WEB=1:the Christ	KJV=0	ASV=0
John 7:1	location	judea	WEB=1:Judea	KJV=0	ASV=1:Judaea
John 7:20	topic	demons	WEB=1:demon	KJV=0	ASV=1:demon
John 7:26	topic	the-christ	WEB=1:the Christ	KJV=0	ASV=1:the Christ
John 7:27	topic	the-christ	WEB=1:the Christ	KJV=0	ASV=1:the Christ
John 7:31	topic	the-christ	WEB=1:the Christ	KJV=0	ASV=1:the Christ
John 7:35	topic	gentiles	WEB=0	KJV=2:Gentiles	ASV=0
John 7:35	topic	greeks	WEB=2:Greeks	KJV=0	ASV=2:Greeks
John 7:39	person	holy-spirit	WEB=1:the Holy Spirit	KJV=1:Holy Ghost	ASV=0
John 7:41	topic	the-christ	WEB=2:the Christ	KJV=1:the Christ	ASV=2:the Christ
John 7:42	topic	the-christ	WEB=1:the Christ	KJV=0	ASV=1:the Christ
John 7:50	person	jesus-of-nazareth	WEB=0	KJV=1:Jesus	ASV=0
John 8:20	person	jesus-of-nazareth	WEB=1:Jesus	KJV=1:Jesus	ASV=0
John 8:21	person	jesus-of-nazareth	WEB=1:Jesus	KJV=1:Jesus	ASV=0
John 8:48	topic	demons	WEB=1:demon	KJV=0	ASV=1:demon
John 8:49	topic	demons	WEB=1:demon	KJV=0	ASV=1:demon
John 8:52	topic	demons	WEB=1:demon	KJV=0	ASV=1:demon
John 9:1	person	jesus-of-nazareth	WEB=0	KJV=1:Jesus	ASV=0
Joshua 10:41	location	kadesh-barnea	WEB=1:Kadesh Barnea	KJV=0	ASV=1:Kadesh
Joshua 11:8	location	sidon	WEB=1:Sidon	KJV=0	ASV=1:Sidon
Joshua 12:1	location	jordan-river	WEB=1:the Jordan	KJV=0	ASV=1:the Jordan
Joshua 12:16	poi	bethel	WEB=1:Bethel	KJV=1:Bethel	ASV=0
Joshua 12:3	location	dead-sea	WEB=2:Salt Sea|sea of the Arabah	KJV=1:salt sea	ASV=2:Salt Sea|sea of the Arabah
Joshua 12:7	location	jordan-river	WEB=1:the Jordan	KJV=0	ASV=1:the Jordan
Joshua 12:9	poi	bethel	WEB=1:Bethel	KJV=1:Bethel	ASV=0
Joshua 13:13	topic	israelites	WEB=1:children of Israel	KJV=2:Israelites|children of Israel	ASV=1:children of Israel
Joshua 13:23	location	jordan-river	WEB=1:the Jordan	KJV=0	ASV=1:the Jordan
Joshua 13:27	location	jordan-river	WEB=2:the Jordan	KJV=0	ASV=2:the Jordan
Joshua 13:32	location	jordan-river	WEB=1:the Jordan	KJV=0	ASV=1:the Jordan
Joshua 13:6	topic	israelites	WEB=1:children of Israel	KJV=2:Israelites|children of Israel	ASV=1:children of Israel
Joshua 13:8	location	jordan-river	WEB=1:the Jordan	KJV=0	ASV=1:the Jordan
Joshua 14:10	topic	israelites	WEB=0	KJV=1:children of Israel	ASV=0
Joshua 14:15	location	hebron	WEB=0	KJV=0	ASV=1:Kiriath-arba
Joshua 14:2	topic	casting-lots	WEB=1:the lot	KJV=0	ASV=1:the lot
Joshua 14:3	location	jordan-river	WEB=1:the Jordan	KJV=0	ASV=1:the Jordan
Joshua 14:6	location	kadesh-barnea	WEB=1:Kadesh Barnea	KJV=0	ASV=1:Kadesh
Joshua 14:7	location	kadesh-barnea	WEB=1:Kadesh Barnea	KJV=0	ASV=1:Kadesh
Joshua 15:13	location	hebron	WEB=0	KJV=0	ASV=1:Kiriath-arba
Joshua 15:28	poi	beersheba	WEB=1:Beersheba	KJV=1:Beersheba	ASV=0
Joshua 15:3	location	kadesh-barnea	WEB=1:Kadesh Barnea	KJV=0	ASV=1:Kadesh
Joshua 15:5	location	jordan-river	WEB=2:the Jordan	KJV=0	ASV=2:the Jordan
Joshua 15:54	location	hebron	WEB=0	KJV=0	ASV=1:Kiriath-arba
Joshua 15:57	person	cain	WEB=0	KJV=1:Cain	ASV=0
Joshua 15:62	location	en-gedi	WEB=1:En Gedi	KJV=1:Engedi	ASV=0
Joshua 16:1	location	jordan-river	WEB=1:the Jordan	KJV=0	ASV=1:the Jordan
Joshua 16:1	poi	bethel	WEB=1:Bethel	KJV=1:Bethel	ASV=0
Joshua 16:2	poi	bethel	WEB=1:Bethel	KJV=1:Bethel	ASV=0
Joshua 16:7	location	jordan-river	WEB=1:the Jordan	KJV=0	ASV=1:the Jordan
Joshua 17:1	topic	casting-lots	WEB=1:the lot	KJV=0	ASV=1:the lot
Joshua 17:11	poi	beth-shean	WEB=1:Beth Shean	KJV=0	ASV=0
Joshua 17:16	poi	beth-shean	WEB=1:Beth Shean	KJV=0	ASV=0
Joshua 17:2	topic	casting-lots	WEB=0	KJV=0	ASV=1:the lot
Joshua 17:5	location	jordan-river	WEB=1:the Jordan	KJV=0	ASV=1:the Jordan
Joshua 18:12	location	jordan-river	WEB=1:the Jordan	KJV=0	ASV=1:the Jordan
Joshua 18:13	poi	bethel	WEB=1:Bethel	KJV=1:Bethel	ASV=0
Joshua 18:19	location	jordan-river	WEB=1:the Jordan	KJV=0	ASV=1:the Jordan
Joshua 18:20	location	jordan-river	WEB=1:The Jordan	KJV=0	ASV=1:the Jordan
Joshua 18:22	poi	bethel	WEB=1:Bethel	KJV=1:Bethel	ASV=0
Joshua 18:7	location	jordan-river	WEB=1:the Jordan	KJV=0	ASV=1:the Jordan
Joshua 19:2	poi	beersheba	WEB=1:Beersheba	KJV=1:Beersheba	ASV=0
Joshua 19:22	location	jordan-river	WEB=1:the Jordan	KJV=0	ASV=1:the Jordan
Joshua 19:28	location	sidon	WEB=1:Sidon	KJV=0	ASV=1:Sidon
Joshua 19:28	poi	hebron	WEB=0	KJV=1:Hebron	ASV=0
Joshua 19:33	location	jordan-river	WEB=1:the Jordan	KJV=0	ASV=1:the Jordan
Joshua 19:34	location	jordan-river	WEB=1:the Jordan	KJV=0	ASV=1:the Jordan
Joshua 19:46	location	joppa	WEB=1:Joppa	KJV=0	ASV=1:Joppa
Joshua 19:8	location	ramah	WEB=1:Ramah	KJV=0	ASV=1:Ramah
Joshua 1:14	location	jordan-river	WEB=1:the Jordan	KJV=0	ASV=1:the Jordan
Joshua 1:15	location	jordan-river	WEB=1:the Jordan	KJV=0	ASV=1:the Jordan
Joshua 20:7	location	hebron	WEB=0	KJV=0	ASV=1:Kiriath-arba
Joshua 20:8	location	jordan-river	WEB=1:the Jordan	KJV=0	ASV=1:the Jordan
Joshua 21:11	location	hebron	WEB=0	KJV=0	ASV=1:Kiriath-arba
Joshua 22:10	location	jordan-river	WEB=2:the Jordan	KJV=0	ASV=2:the Jordan
Joshua 22:11	location	jordan-river	WEB=1:the Jordan	KJV=0	ASV=1:the Jordan
Joshua 22:25	location	jordan-river	WEB=1:the Jordan	KJV=0	ASV=1:the Jordan
Joshua 22:4	location	jordan-river	WEB=1:the Jordan	KJV=0	ASV=1:the Jordan
Joshua 22:7	location	jordan-river	WEB=1:the Jordan	KJV=0	ASV=1:the Jordan
Joshua 23:4	location	jordan-river	WEB=1:the Jordan	KJV=0	ASV=1:the Jordan
Joshua 24:11	location	jordan-river	WEB=1:the Jordan	KJV=0	ASV=1:the Jordan
Joshua 24:8	location	jordan-river	WEB=1:the Jordan	KJV=0	ASV=1:the Jordan
Joshua 2:10	location	jordan-river	WEB=1:the Jordan	KJV=0	ASV=1:the Jordan
Joshua 2:7	location	jordan-river	WEB=1:the Jordan	KJV=0	ASV=1:the Jordan
Joshua 3:1	location	jordan-river	WEB=1:the Jordan	KJV=0	ASV=1:the Jordan
Joshua 3:11	location	jordan-river	WEB=1:the Jordan	KJV=0	ASV=1:the Jordan
Joshua 3:13	location	jordan-river	WEB=2:the Jordan	KJV=0	ASV=2:the Jordan
Joshua 3:14	location	jordan-river	WEB=1:the Jordan	KJV=0	ASV=1:the Jordan
Joshua 3:15	location	jordan-river	WEB=2:the Jordan	KJV=0	ASV=2:the Jordan
Joshua 3:16	location	dead-sea	WEB=2:Salt Sea|sea of the Arabah	KJV=1:salt sea	ASV=2:Salt Sea|sea of the Arabah
Joshua 3:17	location	jordan-river	WEB=2:the Jordan	KJV=0	ASV=2:the Jordan
Joshua 3:17	topic	israelites	WEB=0	KJV=1:Israelites	ASV=0
Joshua 3:8	location	jordan-river	WEB=2:the Jordan	KJV=0	ASV=2:the Jordan
Joshua 4:1	location	jordan-river	WEB=1:the Jordan	KJV=0	ASV=1:the Jordan
Joshua 4:10	location	jordan-river	WEB=1:the Jordan	KJV=0	ASV=1:the Jordan
Joshua 4:16	location	jordan-river	WEB=1:the Jordan	KJV=0	ASV=1:the Jordan
Joshua 4:17	location	jordan-river	WEB=1:the Jordan	KJV=0	ASV=1:the Jordan
Joshua 4:18	location	jordan-river	WEB=2:the Jordan	KJV=0	ASV=2:the Jordan
Joshua 4:19	location	jordan-river	WEB=1:the Jordan	KJV=0	ASV=1:the Jordan
Joshua 4:20	location	jordan-river	WEB=1:the Jordan	KJV=0	ASV=1:the Jordan
Joshua 4:23	location	jordan-river	WEB=1:the Jordan	KJV=0	ASV=1:the Jordan
Joshua 4:3	location	jordan-river	WEB=1:the Jordan	KJV=0	ASV=1:the Jordan
Joshua 4:5	location	jordan-river	WEB=1:the Jordan	KJV=0	ASV=1:the Jordan
Joshua 4:7	location	jordan-river	WEB=3:the Jordan	KJV=0	ASV=3:the Jordan
Joshua 4:8	location	jordan-river	WEB=1:the Jordan	KJV=0	ASV=1:the Jordan
Joshua 4:9	location	jordan-river	WEB=1:the Jordan	KJV=0	ASV=1:the Jordan
Joshua 5:1	location	jordan-river	WEB=2:the Jordan	KJV=0	ASV=2:the Jordan
Joshua 5:2	topic	israelites	WEB=0	KJV=1:children of Israel	ASV=1:children of Israel
Joshua 5:3	topic	israelites	WEB=0	KJV=1:children of Israel	ASV=1:children of Israel
Joshua 7:2	poi	bethel	WEB=1:Bethel	KJV=1:Bethel	ASV=0
Joshua 7:21	topic	babylonians	WEB=1:Babylonian	KJV=0	ASV=0
Joshua 7:7	location	jordan-river	WEB=2:the Jordan	KJV=0	ASV=2:the Jordan
Joshua 8:12	poi	bethel	WEB=1:Bethel	KJV=1:Bethel	ASV=0
Joshua 8:16	location	ai	WEB=0	KJV=1:Ai	ASV=0
Joshua 8:17	poi	bethel	WEB=0	KJV=1:Bethel	ASV=0
Joshua 8:24	topic	israelites	WEB=0	KJV=1:Israelites	ASV=0
Joshua 8:32	person	moses	WEB=1:Moses	KJV=0	ASV=0
Joshua 8:32	topic	torah	WEB=0	KJV=1:the law of Moses	ASV=1:the law of Moses
Joshua 8:9	poi	bethel	WEB=1:Bethel	KJV=1:Bethel	ASV=0
Joshua 9:1	location	jordan-river	WEB=1:the Jordan	KJV=0	ASV=1:the Jordan
Joshua 9:10	location	jordan-river	WEB=1:the Jordan	KJV=0	ASV=1:the Jordan
Jude 1:25	person	jesus-of-nazareth	WEB=0	KJV=0	ASV=1:Jesus Christ
Jude 1:7	location	gomorrah	WEB=1:Gomorrah	KJV=0	ASV=1:Gomorrah
Judges 10:6	location	sidon	WEB=1:Sidon	KJV=0	ASV=1:Sidon
Judges 10:8	location	jordan-river	WEB=1:the Jordan	KJV=0	ASV=1:the Jordan
Judges 10:9	location	jordan-river	WEB=1:the Jordan	KJV=0	ASV=1:the Jordan
Judges 11:13	location	jordan-river	WEB=1:the Jordan	KJV=0	ASV=1:the Jordan
Judges 11:22	location	jordan-river	WEB=1:the Jordan	KJV=0	ASV=1:the Jordan
Judges 11:29	person	holy-spirit	WEB=0	KJV=1:Spirit of the LORD	ASV=0
Judges 12:10	location	bethlehem	WEB=1:Bethlehem	KJV=1:Bethlehem	ASV=0
Judges 12:5	location	jordan-river	WEB=1:the Jordan	KJV=0	ASV=1:the Jordan
Judges 12:6	location	jordan-river	WEB=1:the Jordan	KJV=0	ASV=1:the Jordan
Judges 12:8	location	bethlehem	WEB=1:Bethlehem	KJV=1:Bethlehem	ASV=0
Judges 13:25	location	dan	WEB=0	KJV=1:Dan	ASV=0
Judges 13:25	person	holy-spirit	WEB=0	KJV=1:Spirit of the LORD	ASV=0
Judges 14:19	person	holy-spirit	WEB=0	KJV=1:Spirit of the LORD	ASV=0
Judges 14:6	person	holy-spirit	WEB=0	KJV=1:Spirit of the LORD	ASV=0
Judges 15:14	person	holy-spirit	WEB=0	KJV=1:Spirit of the LORD	ASV=0
Judges 17:7	location	bethlehem	WEB=1:Bethlehem	KJV=0	ASV=0
Judges 17:8	location	bethlehem	WEB=1:Bethlehem	KJV=0	ASV=0
Judges 17:9	location	bethlehem	WEB=1:Bethlehem	KJV=0	ASV=0
Judges 18:28	location	sidon	WEB=1:Sidon	KJV=0	ASV=1:Sidon
Judges 18:30	location	dan	WEB=1:Dan	KJV=2:Dan	ASV=1:Dan
Judges 18:30	person	moses	WEB=1:Moses	KJV=0	ASV=1:Moses
Judges 19:1	location	bethlehem	WEB=1:Bethlehem	KJV=0	ASV=0
Judges 19:18	location	bethlehem	WEB=2:Bethlehem	KJV=0	ASV=0
Judges 19:2	location	bethlehem	WEB=1:Bethlehem	KJV=0	ASV=0
Judges 19:22	person	satan	WEB=0	KJV=1:Belial	ASV=0
Judges 1:10	location	hebron	WEB=0	KJV=0	ASV=1:Kiriath-arba
Judges 1:18	location	ashkelon	WEB=1:Ashkelon	KJV=0	ASV=1:Ashkelon
Judges 1:22	poi	bethel	WEB=1:Bethel	KJV=1:Bethel	ASV=0
Judges 1:23	poi	bethel	WEB=1:Bethel	KJV=1:Bethel	ASV=0
Judges 1:27	poi	beth-shean	WEB=1:Beth Shean	KJV=0	ASV=0
Judges 1:31	location	sidon	WEB=1:Sidon	KJV=0	ASV=1:Sidon
Judges 20:1	poi	beersheba	WEB=1:Beersheba	KJV=1:Beersheba	ASV=0
Judges 20:13	person	satan	WEB=0	KJV=1:Belial	ASV=0
Judges 20:18	poi	bethel	WEB=1:Bethel	KJV=0	ASV=0
Judges 20:21	topic	israelites	WEB=0	KJV=1:Israelites	ASV=1:Israelites
Judges 20:26	poi	bethel	WEB=1:Bethel	KJV=0	ASV=0
Judges 20:31	poi	bethel	WEB=1:Bethel	KJV=0	ASV=0
Judges 20:33	location	gibeah	WEB=0	KJV=1:Gibeah	ASV=0
Judges 21:19	poi	bethel	WEB=2:Bethel	KJV=2:Bethel	ASV=0
Judges 21:2	poi	bethel	WEB=1:Bethel	KJV=0	ASV=0
Judges 3:10	person	holy-spirit	WEB=0	KJV=1:Spirit of the LORD	ASV=0
Judges 3:20	poi	upper-room	WEB=1:upper room	KJV=0	ASV=1:upper room
Judges 3:23	poi	upper-room	WEB=1:upper room	KJV=0	ASV=1:upper room
Judges 3:24	poi	upper-room	WEB=2:upper room	KJV=0	ASV=1:upper room
Judges 3:25	poi	upper-room	WEB=1:upper room	KJV=0	ASV=1:upper room
Judges 3:28	location	jordan-river	WEB=1:the Jordan	KJV=0	ASV=1:the Jordan
Judges 3:28	location	moab	WEB=0	KJV=1:Moab	ASV=0
Judges 3:28	topic	moabites-and-ammonites	WEB=2:Moabites	KJV=1:Moabites	ASV=2:Moabites
Judges 4:1	topic	israelites	WEB=1:children of Israel	KJV=1:children of Israel	ASV=0
Judges 4:13	topic	gentiles	WEB=1:Gentiles	KJV=1:Gentiles	ASV=0
Judges 4:16	topic	gentiles	WEB=1:Gentiles	KJV=1:Gentiles	ASV=0
Judges 4:2	topic	gentiles	WEB=1:Gentiles	KJV=1:Gentiles	ASV=0
Judges 4:23	topic	israelites	WEB=1:children of Israel	KJV=1:children of Israel	ASV=0
Judges 4:24	topic	israelites	WEB=1:children of Israel	KJV=1:children of Israel	ASV=0
Judges 4:3	topic	israelites	WEB=2:children of Israel	KJV=2:children of Israel	ASV=0
Judges 4:5	poi	bethel	WEB=1:Bethel	KJV=1:Bethel	ASV=0
Judges 4:5	topic	israelites	WEB=1:children of Israel	KJV=1:children of Israel	ASV=0
Judges 5:17	location	jordan-river	WEB=1:the Jordan	KJV=0	ASV=1:the Jordan
Judges 6:32	person	gideon	WEB=0	KJV=1:Jerubbaal	ASV=1:Jerubbaal
Judges 6:34	person	holy-spirit	WEB=0	KJV=1:Spirit of the LORD	ASV=0
Judges 7:24	location	jordan-river	WEB=2:the Jordan	KJV=0	ASV=2:the Jordan
Judges 7:25	location	jordan-river	WEB=1:the Jordan	KJV=0	ASV=1:the Jordan
Judges 8:4	location	jordan-river	WEB=1:the Jordan	KJV=0	ASV=1:the Jordan
Lamentations 2:4	topic	tabernacle	WEB=0	KJV=1:tabernacle	ASV=0
Lamentations 2:6	topic	sabbath	WEB=1:Sabbath	KJV=0	ASV=1:sabbath
Lamentations 2:9	topic	gentiles	WEB=0	KJV=1:Gentiles	ASV=0
Leviticus 16:2	topic	holy-of-holies	WEB=1:the Most Holy Place	KJV=0	ASV=0
Leviticus 16:9	topic	casting-lots	WEB=1:the lot	KJV=0	ASV=1:the lot
Leviticus 23:24	topic	sabbath	WEB=0	KJV=1:sabbath	ASV=0
Leviticus 23:39	topic	sabbath	WEB=0	KJV=2:sabbath	ASV=0
Leviticus 23:42	topic	israelites	WEB=0	KJV=1:Israelites	ASV=0
Leviticus 26:11	topic	tabernacle	WEB=0	KJV=1:tabernacle	ASV=1:tabernacle
Luke 10:17	topic	demons	WEB=1:demons	KJV=0	ASV=1:demons
Luke 10:21	person	holy-spirit	WEB=1:the Holy Spirit	KJV=0	ASV=1:the Holy Spirit
Luke 10:21	person	jesus-of-nazareth	WEB=1:Jesus	KJV=1:Jesus	ASV=0
Luke 10:39	person	jesus-of-nazareth	WEB=1:Jesus	KJV=1:Jesus	ASV=0
Luke 10:41	person	jesus-of-nazareth	WEB=1:Jesus	KJV=1:Jesus	ASV=0
Luke 11:14	person	satan	WEB=0	KJV=1:the devil	ASV=0
Luke 11:14	topic	demons	WEB=2:demon	KJV=0	ASV=2:demon
Luke 11:15	topic	demons	WEB=2:demons	KJV=0	ASV=2:demons
Luke 11:18	topic	demons	WEB=1:demons	KJV=0	ASV=1:demons
Luke 11:19	topic	demons	WEB=1:demons	KJV=0	ASV=1:demons
Luke 11:2	person	god-the-father	WEB=1:Father in heaven	KJV=0	ASV=0
Luke 11:20	topic	demons	WEB=1:demons	KJV=0	ASV=1:demons
Luke 11:29	person	jonah	WEB=1:Jonah	KJV=0	ASV=1:Jonah
Luke 11:30	person	jonah	WEB=1:Jonah	KJV=0	ASV=1:Jonah
Luke 11:32	location	nineveh	WEB=1:Nineveh	KJV=0	ASV=1:Nineveh
Luke 11:32	person	jonah	WEB=2:Jonah	KJV=0	ASV=2:Jonah
Luke 11:4	person	satan	WEB=1:the evil one	KJV=0	ASV=0
Luke 11:44	topic	scribes	WEB=1:scribes	KJV=1:scribes	ASV=0
Luke 11:44	topic	topic-pharisees	WEB=1:Pharisees	KJV=1:Pharisees	ASV=0
Luke 11:51	person	zechariah-father-of-john-baptist	WEB=0	KJV=1:Zacharias	ASV=0
Luke 11:51	topic	the-temple	WEB=0	KJV=1:the temple	ASV=0
Luke 12:5	topic	gehenna	WEB=1:Gehenna	KJV=0	ASV=0
Luke 13:2	person	jesus-of-nazareth	WEB=1:Jesus	KJV=1:Jesus	ASV=0
Luke 13:32	topic	demons	WEB=1:demons	KJV=0	ASV=1:demons
Luke 17:16	person	jesus-of-nazareth	WEB=1:Jesus	KJV=0	ASV=0
Luke 17:26	person	noah	WEB=1:Noah	KJV=0	ASV=1:Noah
Luke 17:27	person	noah	WEB=1:Noah	KJV=0	ASV=1:Noah
Luke 19:1	person	jesus-of-nazareth	WEB=0	KJV=1:Jesus	ASV=0
Luke 19:29	location	bethphage	WEB=0	KJV=1:Bethphage	ASV=1:Bethphage
Luke 19:29	location	mount-of-olives	WEB=0	KJV=1:mount of Olives	ASV=0
Luke 1:17	person	elijah	WEB=1:Elijah	KJV=0	ASV=1:Elijah
Luke 1:28	topic	angels	WEB=1:the angel	KJV=1:the angel	ASV=0
Luke 20:1	topic	chief-priests	WEB=0	KJV=1:chief priests	ASV=1:chief priests
Luke 20:41	topic	the-christ	WEB=1:the Christ	KJV=0	ASV=1:the Christ
Luke 21:37	location	mount-of-olives	WEB=0	KJV=1:mount of Olives	ASV=0
Luke 21:37	person	jesus-of-nazareth	WEB=1:Jesus	KJV=0	ASV=0
Luke 22:20	topic	new-covenant	WEB=1:new covenant	KJV=0	ASV=1:new covenant
Luke 22:25	topic	gentiles	WEB=0	KJV=1:Gentiles	ASV=1:Gentiles
Luke 22:57	person	jesus-of-nazareth	WEB=1:Jesus	KJV=0	ASV=0
Luke 22:62	person	simon-peter	WEB=0	KJV=1:Peter	ASV=0
Luke 23:23	topic	chief-priests	WEB=1:chief priests	KJV=1:chief priests	ASV=0
Luke 23:26	person	simon-of-cyrene	WEB=1:Simon of Cyrene	KJV=0	ASV=1:Simon of Cyrene
Luke 23:26	person	simon-peter	WEB=0	KJV=1:Simon	ASV=0
Luke 23:35	topic	the-christ	WEB=1:the Christ	KJV=0	ASV=1:the Christ
Luke 23:38	topic	greeks	WEB=1:Greek	KJV=1:Greek	ASV=0
Luke 23:39	topic	the-christ	WEB=1:the Christ	KJV=0	ASV=1:the Christ
Luke 23:43	person	jesus-of-nazareth	WEB=1:Jesus	KJV=1:Jesus	ASV=0
Luke 23:5	location	judea	WEB=1:Judea	KJV=0	ASV=1:Judaea
Luke 23:6	location	galilee	WEB=1:Galilee	KJV=1:Galilee	ASV=0
Luke 24:19	person	jesus-of-nazareth	WEB=2:Jesus|the Nazarene	KJV=1:Jesus of Nazareth	ASV=2:Jesus|the Nazarene
Luke 24:26	topic	the-christ	WEB=1:the Christ	KJV=0	ASV=1:the Christ
Luke 24:36	person	jesus-of-nazareth	WEB=1:Jesus	KJV=1:Jesus	ASV=0
Luke 24:46	topic	the-christ	WEB=1:the Christ	KJV=0	ASV=1:the Christ
Luke 24:49	location	jerusalem	WEB=1:Jerusalem	KJV=1:Jerusalem	ASV=0
Luke 2:11	person	david	WEB=1:David	KJV=0	ASV=0
Luke 2:11	poi	city-of-david	WEB=0	KJV=1:city of David	ASV=1:city of David
Luke 2:2	person	quirinius	WEB=1:Quirinius	KJV=0	ASV=1:Quirinius
Luke 2:32	topic	gentiles	WEB=0	KJV=1:Gentiles	ASV=1:Gentiles
Luke 2:33	person	joseph-husband-of-mary	WEB=1:Joseph	KJV=1:Joseph	ASV=0
Luke 2:4	person	david	WEB=2:David	KJV=1:David	ASV=1:David
Luke 2:4	poi	city-of-david	WEB=0	KJV=1:city of David	ASV=1:city of David
Luke 2:42	location	jerusalem	WEB=1:Jerusalem	KJV=1:Jerusalem	ASV=0
Luke 2:43	person	joseph-husband-of-mary	WEB=1:Joseph	KJV=1:Joseph	ASV=0
Luke 3:19	person	philip-the-apostle	WEB=0	KJV=1:Philip	ASV=0
Luke 3:27	person	joanna-follower-of-jesus	WEB=0	KJV=1:Joanna	ASV=0
Luke 3:27	person	shealtiel	WEB=1:Shealtiel	KJV=0	ASV=1:Shealtiel
Luke 3:27	person	zerubbabel	WEB=1:Zerubbabel	KJV=0	ASV=1:Zerubbabel
Luke 3:29	person	jesus-of-nazareth	WEB=0	KJV=0	ASV=1:Jesus
Luke 3:3	location	jordan-river	WEB=1:the Jordan	KJV=0	ASV=1:the Jordan
Luke 3:32	person	nahshon	WEB=1:Nahshon	KJV=0	ASV=1:Nahshon
Luke 3:33	person	perez	WEB=1:Perez	KJV=0	ASV=1:Perez
Luke 3:36	person	noah	WEB=1:Noah	KJV=0	ASV=1:Noah
Luke 3:4	person	isaiah	WEB=1:Isaiah	KJV=0	ASV=1:Isaiah
Luke 4:1	location	jordan-river	WEB=1:the Jordan	KJV=0	ASV=1:the Jordan
Luke 4:17	person	isaiah	WEB=1:Isaiah	KJV=0	ASV=1:Isaiah
Luke 4:25	person	elijah	WEB=1:Elijah	KJV=0	ASV=1:Elijah
Luke 4:26	person	elijah	WEB=1:Elijah	KJV=0	ASV=1:Elijah
Luke 4:27	person	elisha	WEB=1:Elisha	KJV=0	ASV=1:Elisha
Luke 4:33	topic	demons	WEB=1:demon	KJV=0	ASV=1:demon
Luke 4:35	person	satan	WEB=0	KJV=1:the devil	ASV=0
Luke 4:35	topic	demons	WEB=1:demon	KJV=0	ASV=1:demon
Luke 4:41	topic	demons	WEB=1:Demons	KJV=0	ASV=1:demons
Luke 4:41	topic	the-christ	WEB=2:the Christ	KJV=0	ASV=1:the Christ
Luke 4:5	person	satan	WEB=1:The devil	KJV=1:the devil	ASV=0
Luke 4:8	person	satan	WEB=1:Satan	KJV=1:Satan	ASV=0
Luke 5:18	person	jesus-of-nazareth	WEB=1:Jesus	KJV=0	ASV=0
Luke 5:34	person	jesus-of-nazareth	WEB=0	KJV=0	ASV=1:Jesus
Luke 6:16	person	james-son-of-zebedee	WEB=0	KJV=1:James	ASV=0
Luke 6:16	person	judas-iscariot	WEB=1:Judas Iscariot	KJV=2:Judas|Judas Iscariot	ASV=1:Judas Iscariot
Luke 6:16	person	thaddaeus	WEB=1:Judas the son of James	KJV=0	ASV=1:Judas the son of James
Luke 7:19	person	jesus-of-nazareth	WEB=1:Jesus	KJV=1:Jesus	ASV=0
Luke 7:22	person	jesus-of-nazareth	WEB=1:Jesus	KJV=1:Jesus	ASV=0
Luke 7:33	topic	demons	WEB=1:demon	KJV=0	ASV=1:demon
Luke 7:37	person	jesus-of-nazareth	WEB=0	KJV=1:Jesus	ASV=0
Luke 8:2	topic	demons	WEB=2:demons|evil spirits	KJV=1:evil spirits	ASV=2:demons|evil spirits
Luke 8:27	person	jesus-of-nazareth	WEB=1:Jesus	KJV=0	ASV=0
Luke 8:27	topic	demons	WEB=1:demons	KJV=0	ASV=1:demons
Luke 8:29	person	jesus-of-nazareth	WEB=1:Jesus	KJV=0	ASV=0
Luke 8:29	person	satan	WEB=0	KJV=1:the devil	ASV=0
Luke 8:29	topic	demons	WEB=3:demon|unclean spirit	KJV=1:unclean spirit	ASV=2:demon|unclean spirit
Luke 8:30	topic	demons	WEB=1:demons	KJV=0	ASV=1:demons
Luke 8:33	topic	demons	WEB=1:demons	KJV=0	ASV=1:demons
Luke 8:35	topic	demons	WEB=1:demons	KJV=0	ASV=1:demons
Luke 8:36	topic	demons	WEB=1:demons	KJV=0	ASV=1:demons
Luke 8:38	person	jesus-of-nazareth	WEB=1:Jesus	KJV=1:Jesus	ASV=0
Luke 8:38	topic	demons	WEB=1:demons	KJV=0	ASV=1:demons
Luke 9:1	topic	demons	WEB=1:demons	KJV=0	ASV=1:demons
Luke 9:19	person	elijah	WEB=1:Elijah	KJV=0	ASV=1:Elijah
Luke 9:30	person	elijah	WEB=1:Elijah	KJV=0	ASV=1:Elijah
Luke 9:33	person	elijah	WEB=1:Elijah	KJV=0	ASV=1:Elijah
Luke 9:42	person	satan	WEB=0	KJV=1:the devil	ASV=0
Luke 9:42	topic	demons	WEB=2:demon|unclean spirit	KJV=1:unclean spirit	ASV=2:demon|unclean spirit
Luke 9:43	person	jesus-of-nazareth	WEB=1:Jesus	KJV=1:Jesus	ASV=0
Luke 9:49	topic	demons	WEB=1:demons	KJV=0	ASV=1:demons
Luke 9:54	person	elijah	WEB=1:Elijah	KJV=0	ASV=0
Luke 9:56	topic	son-of-man	WEB=1:Son of Man	KJV=1:Son of man	ASV=0
Luke 9:60	person	jesus-of-nazareth	WEB=1:Jesus	KJV=1:Jesus	ASV=0
Luke 9:8	person	elijah	WEB=1:Elijah	KJV=0	ASV=1:Elijah
Malachi 1:11	topic	gentiles	WEB=0	KJV=1:Gentiles	ASV=2:Gentiles
Malachi 1:14	topic	gentiles	WEB=0	KJV=0	ASV=1:Gentiles
Mark 10:1	location	jordan-river	WEB=1:the Jordan	KJV=0	ASV=1:the Jordan
Mark 10:42	topic	gentiles	WEB=0	KJV=1:Gentiles	ASV=1:Gentiles
Mark 10:47	person	jesus-of-nazareth	WEB=3:Jesus|the Nazarene	KJV=2:Jesus|Jesus of Nazareth	ASV=3:Jesus|the Nazarene
Mark 10:52	person	jesus-of-nazareth	WEB=2:Jesus	KJV=2:Jesus	ASV=1:Jesus
Mark 11:1	location	bethphage	WEB=0	KJV=1:Bethphage	ASV=1:Bethphage
Mark 11:11	person	jesus-of-nazareth	WEB=1:Jesus	KJV=1:Jesus	ASV=0
Mark 11:14	person	jesus-of-nazareth	WEB=1:Jesus	KJV=1:Jesus	ASV=0
Mark 11:15	person	jesus-of-nazareth	WEB=1:Jesus	KJV=1:Jesus	ASV=0
Mark 11:26	person	god-the-father	WEB=1:Father in heaven	KJV=0	ASV=n/a
Mark 11:7	person	jesus-of-nazareth	WEB=2:Jesus	KJV=1:Jesus	ASV=1:Jesus
Mark 12:35	topic	the-christ	WEB=1:the Christ	KJV=0	ASV=1:the Christ
Mark 12:41	person	jesus-of-nazareth	WEB=1:Jesus	KJV=1:Jesus	ASV=0
Mark 13:14	person	daniel	WEB=1:Daniel	KJV=1:Daniel	ASV=0
Mark 13:21	topic	the-christ	WEB=1:the Christ	KJV=0	ASV=1:the Christ
Mark 13:34	topic	son-of-man	WEB=0	KJV=1:Son of man	ASV=0
Mark 14:22	person	jesus-of-nazareth	WEB=1:Jesus	KJV=1:Jesus	ASV=0
Mark 14:24	topic	new-covenant	WEB=1:new covenant	KJV=0	ASV=0
Mark 14:67	person	jesus-of-nazareth	WEB=2:Jesus|the Nazarene	KJV=1:Jesus of Nazareth	ASV=2:Jesus|the Nazarene
Mark 15:21	person	simon-of-cyrene	WEB=1:Simon of Cyrene	KJV=0	ASV=1:Simon of Cyrene
Mark 15:21	person	simon-peter	WEB=0	KJV=1:Simon	ASV=0
Mark 15:32	topic	the-christ	WEB=1:the Christ	KJV=0	ASV=1:the Christ
Mark 15:35	person	elijah	WEB=1:Elijah	KJV=0	ASV=1:Elijah
Mark 15:36	person	elijah	WEB=1:Elijah	KJV=0	ASV=1:Elijah
Mark 16:17	topic	demons	WEB=1:demons	KJV=0	ASV=1:demons
Mark 16:19	person	jesus-of-nazareth	WEB=0	KJV=0	ASV=1:Jesus
Mark 16:6	person	jesus-of-nazareth	WEB=2:Jesus|the Nazarene	KJV=1:Jesus of Nazareth	ASV=2:Jesus|the Nazarene
Mark 16:9	person	jesus-of-nazareth	WEB=0	KJV=1:Jesus	ASV=0
Mark 16:9	topic	demons	WEB=1:demons	KJV=0	ASV=1:demons
Mark 1:16	person	simon-peter	WEB=2:Simon	KJV=1:Simon	ASV=2:Simon
Mark 1:2	person	isaiah	WEB=0	KJV=0	ASV=1:Isaiah
Mark 1:32	topic	demons	WEB=1:demons	KJV=0	ASV=1:demons
Mark 1:34	topic	demons	WEB=2:demons	KJV=0	ASV=2:demons
Mark 1:39	topic	demons	WEB=1:demons	KJV=0	ASV=1:demons
Mark 1:41	person	jesus-of-nazareth	WEB=0	KJV=1:Jesus	ASV=0
Mark 1:5	location	jordan-river	WEB=1:the Jordan	KJV=0	ASV=1:the river Jordan
Mark 1:9	location	jordan-river	WEB=1:the Jordan	KJV=0	ASV=1:the Jordan
Mark 2:15	person	jesus-of-nazareth	WEB=1:Jesus	KJV=2:Jesus	ASV=1:Jesus
Mark 3:15	topic	demons	WEB=1:demons	KJV=0	ASV=1:demons
Mark 3:18	person	simon-peter	WEB=0	KJV=1:Simon	ASV=0
Mark 3:18	person	simon-the-zealot	WEB=1:Simon the Zealot	KJV=0	ASV=1:Simon the Cananaean
Mark 3:18	topic	canaanites	WEB=0	KJV=1:Canaanite	ASV=0
Mark 3:22	topic	demons	WEB=2:demons	KJV=0	ASV=2:demons
Mark 3:8	location	jordan-river	WEB=1:the Jordan	KJV=0	ASV=1:the Jordan
Mark 5:12	topic	demons	WEB=1:demons	KJV=0	ASV=0
Mark 5:13	person	jesus-of-nazareth	WEB=1:Jesus	KJV=1:Jesus	ASV=0
Mark 5:15	person	satan	WEB=0	KJV=1:the devil	ASV=0
Mark 5:15	topic	demons	WEB=1:demons	KJV=0	ASV=1:demons
Mark 5:16	person	satan	WEB=0	KJV=1:the devil	ASV=0
Mark 5:16	topic	demons	WEB=1:demons	KJV=0	ASV=1:demons
Mark 5:18	person	satan	WEB=0	KJV=1:the devil	ASV=0
Mark 5:18	topic	demons	WEB=1:demons	KJV=0	ASV=1:demons
Mark 5:19	person	jesus-of-nazareth	WEB=0	KJV=1:Jesus	ASV=0
Mark 5:24	person	jesus-of-nazareth	WEB=0	KJV=1:Jesus	ASV=0
Mark 6:11	location	gomorrah	WEB=1:Gomorrah	KJV=0	ASV=0
Mark 6:11	location	sodom	WEB=1:Sodom	KJV=1:Sodom	ASV=0
Mark 6:13	topic	demons	WEB=1:demons	KJV=0	ASV=1:demons
Mark 6:15	person	elijah	WEB=1:Elijah	KJV=0	ASV=1:Elijah
Mark 6:27	person	john-the-baptist	WEB=1:John	KJV=0	ASV=0
Mark 6:3	person	judas-iscariot	WEB=0	KJV=0	ASV=1:Judas
Mark 6:34	person	jesus-of-nazareth	WEB=1:Jesus	KJV=1:Jesus	ASV=0
Mark 7:26	person	satan	WEB=0	KJV=1:the devil	ASV=0
Mark 7:26	topic	demons	WEB=1:demon	KJV=0	ASV=1:demon
Mark 7:27	person	jesus-of-nazareth	WEB=1:Jesus	KJV=1:Jesus	ASV=0
Mark 7:29	person	satan	WEB=0	KJV=1:the devil	ASV=0
Mark 7:29	topic	demons	WEB=1:demon	KJV=0	ASV=1:demon
Mark 7:30	person	satan	WEB=0	KJV=1:the devil	ASV=0
Mark 7:30	topic	demons	WEB=1:demon	KJV=0	ASV=1:demon
Mark 7:6	person	isaiah	WEB=1:Isaiah	KJV=0	ASV=1:Isaiah
Mark 8:1	person	jesus-of-nazareth	WEB=1:Jesus	KJV=1:Jesus	ASV=0
Mark 8:28	person	elijah	WEB=1:Elijah	KJV=0	ASV=1:Elijah
Mark 9:11	person	elijah	WEB=1:Elijah	KJV=0	ASV=1:Elijah
Mark 9:12	person	elijah	WEB=1:Elijah	KJV=0	ASV=1:Elijah
Mark 9:13	person	elijah	WEB=1:Elijah	KJV=0	ASV=1:Elijah
Mark 9:16	topic	scribes	WEB=1:scribes	KJV=1:scribes	ASV=0
Mark 9:25	topic	demons	WEB=1:unclean spirit	KJV=0	ASV=1:unclean spirit
Mark 9:38	topic	demons	WEB=1:demons	KJV=0	ASV=1:demons
Mark 9:4	person	elijah	WEB=1:Elijah	KJV=0	ASV=1:Elijah
Mark 9:43	topic	gehenna	WEB=1:Gehenna	KJV=0	ASV=0
Mark 9:45	topic	gehenna	WEB=1:Gehenna	KJV=0	ASV=0
Mark 9:47	topic	gehenna	WEB=1:Gehenna	KJV=0	ASV=0
Mark 9:5	person	elijah	WEB=1:Elijah	KJV=0	ASV=1:Elijah
Matthew 10:15	location	gomorrah	WEB=1:Gomorrah	KJV=0	ASV=1:Gomorrah
Matthew 10:18	topic	gentiles	WEB=0	KJV=1:Gentiles	ASV=1:Gentiles
Matthew 10:28	topic	gehenna	WEB=1:Gehenna	KJV=0	ASV=0
Matthew 10:3	person	matthew-levi	WEB=1:Matthew the tax collector	KJV=0	ASV=0
Matthew 10:3	person	thaddaeus	WEB=2:Lebbaeus|Thaddaeus	KJV=2:Lebbaeus|Thaddaeus	ASV=1:Thaddaeus
Matthew 10:4	topic	canaanites	WEB=1:Canaanite	KJV=1:Canaanite	ASV=0
Matthew 10:8	topic	demons	WEB=1:demons	KJV=0	ASV=1:demons
Matthew 11:14	person	elijah	WEB=1:Elijah	KJV=0	ASV=1:Elijah
Matthew 11:18	topic	demons	WEB=1:demon	KJV=0	ASV=1:demon
Matthew 11:2	topic	the-christ	WEB=0	KJV=0	ASV=1:the Christ
Matthew 12:17	person	isaiah	WEB=1:Isaiah	KJV=0	ASV=1:Isaiah
Matthew 12:18	topic	gentiles	WEB=0	KJV=1:Gentiles	ASV=1:Gentiles
Matthew 12:21	topic	gentiles	WEB=0	KJV=1:Gentiles	ASV=1:Gentiles
Matthew 12:22	topic	demons	WEB=1:demon	KJV=0	ASV=1:demon
Matthew 12:24	topic	demons	WEB=2:demons	KJV=0	ASV=2:demons
Matthew 12:25	person	jesus-of-nazareth	WEB=1:Jesus	KJV=1:Jesus	ASV=0
Matthew 12:27	topic	demons	WEB=1:demons	KJV=0	ASV=1:demons
Matthew 12:28	topic	demons	WEB=1:demons	KJV=0	ASV=1:demons
Matthew 12:31	person	holy-spirit	WEB=0	KJV=1:Holy Ghost	ASV=0
Matthew 12:39	person	jonah	WEB=1:Jonah	KJV=0	ASV=1:Jonah
Matthew 12:40	person	jonah	WEB=1:Jonah	KJV=0	ASV=1:Jonah
Matthew 12:41	person	jonah	WEB=2:Jonah	KJV=0	ASV=2:Jonah
Matthew 13:14	person	isaiah	WEB=1:Isaiah	KJV=0	ASV=1:Isaiah
Matthew 13:18	timeline	bib-loc-parable-of-the-sower	WEB=0	KJV=1:parable of the sower	ASV=1:parable of the sower
Matthew 13:19	person	satan	WEB=1:the evil one	KJV=0	ASV=1:the evil one
Matthew 13:36	person	jesus-of-nazareth	WEB=1:Jesus	KJV=1:Jesus	ASV=0
Matthew 13:38	person	satan	WEB=1:the evil one	KJV=0	ASV=1:the evil one
Matthew 13:51	person	jesus-of-nazareth	WEB=1:Jesus	KJV=1:Jesus	ASV=0
Matthew 13:55	person	joseph-husband-of-mary	WEB=0	KJV=0	ASV=1:Joseph
Matthew 14:14	person	jesus-of-nazareth	WEB=1:Jesus	KJV=1:Jesus	ASV=0
Matthew 14:22	person	jesus-of-nazareth	WEB=1:Jesus	KJV=1:Jesus	ASV=0
Matthew 14:25	person	jesus-of-nazareth	WEB=1:Jesus	KJV=1:Jesus	ASV=0
Matthew 15:16	person	jesus-of-nazareth	WEB=1:Jesus	KJV=1:Jesus	ASV=0
Matthew 15:22	topic	canaanites	WEB=1:Canaanite	KJV=0	ASV=0
Matthew 15:22	topic	demons	WEB=1:demon	KJV=0	ASV=1:demon
Matthew 15:30	person	jesus-of-nazareth	WEB=0	KJV=1:Jesus	ASV=0
Matthew 15:39	poi	magdala	WEB=1:Magdala	KJV=1:Magdala	ASV=0
Matthew 15:7	person	isaiah	WEB=1:Isaiah	KJV=0	ASV=1:Isaiah
Matthew 16:14	person	elijah	WEB=1:Elijah	KJV=0	ASV=1:Elijah
Matthew 16:14	person	jeremiah	WEB=1:Jeremiah	KJV=0	ASV=1:Jeremiah
Matthew 16:20	person	jesus-of-nazareth	WEB=1:Jesus	KJV=1:Jesus	ASV=0
Matthew 16:4	person	jonah	WEB=1:Jonah	KJV=0	ASV=1:Jonah
Matthew 17:10	person	elijah	WEB=1:Elijah	KJV=0	ASV=1:Elijah
Matthew 17:11	person	elijah	WEB=1:Elijah	KJV=0	ASV=1:Elijah
Matthew 17:11	person	jesus-of-nazareth	WEB=1:Jesus	KJV=1:Jesus	ASV=0
Matthew 17:12	person	elijah	WEB=1:Elijah	KJV=0	ASV=1:Elijah
Matthew 17:18	person	satan	WEB=0	KJV=1:the devil	ASV=0
Matthew 17:18	topic	demons	WEB=1:demon	KJV=0	ASV=1:demon
Matthew 17:20	person	jesus-of-nazareth	WEB=0	KJV=1:Jesus	ASV=0
Matthew 17:26	person	simon-peter	WEB=1:Peter	KJV=1:Peter	ASV=0
Matthew 17:3	person	elijah	WEB=1:Elijah	KJV=0	ASV=1:Elijah
Matthew 17:4	person	elijah	WEB=1:Elijah	KJV=0	ASV=1:Elijah
Matthew 18:11	topic	son-of-man	WEB=1:Son of Man	KJV=1:Son of man	ASV=n/a
Matthew 18:17	topic	gentiles	WEB=1:Gentile	KJV=0	ASV=1:Gentile
Matthew 18:2	person	jesus-of-nazareth	WEB=1:Jesus	KJV=1:Jesus	ASV=0
Matthew 18:9	topic	gehenna	WEB=1:Gehenna	KJV=0	ASV=0
Matthew 19:1	location	jordan-river	WEB=1:the Jordan	KJV=0	ASV=1:the Jordan
Matthew 1:10	person	hezekiah	WEB=1:Hezekiah	KJV=0	ASV=1:Hezekiah
Matthew 1:10	person	josiah	WEB=1:Josiah	KJV=0	ASV=1:Josiah
Matthew 1:10	person	manasseh-king-of-judah	WEB=2:Manasseh	KJV=0	ASV=2:Manasseh
Matthew 1:11	person	josiah	WEB=1:Josiah	KJV=0	ASV=1:Josiah
Matthew 1:12	person	shealtiel	WEB=2:Shealtiel	KJV=0	ASV=2:Shealtiel
Matthew 1:12	person	zerubbabel	WEB=1:Zerubbabel	KJV=0	ASV=1:Zerubbabel
Matthew 1:13	person	zerubbabel	WEB=1:Zerubbabel	KJV=0	ASV=1:Zerubbabel
Matthew 1:14	person	zadok-in-jesus-genealogy	WEB=2:Zadok	KJV=0	ASV=0
Matthew 1:17	topic	the-christ	WEB=1:the Christ	KJV=0	ASV=1:the Christ
Matthew 1:2	person	judas-iscariot	WEB=0	KJV=1:Judas	ASV=0
Matthew 1:3	person	hezron-son-of-perez	WEB=2:Hezron	KJV=0	ASV=2:Hezron
Matthew 1:3	person	judas-iscariot	WEB=0	KJV=1:Judas	ASV=0
Matthew 1:3	person	perez	WEB=2:Perez	KJV=0	ASV=2:Perez
Matthew 1:3	person	ram-son-of-hezron	WEB=1:Ram	KJV=0	ASV=1:Ram
Matthew 1:4	person	amminadab	WEB=2:Amminadab	KJV=0	ASV=2:Amminadab
Matthew 1:4	person	nahshon	WEB=2:Nahshon	KJV=0	ASV=2:Nahshon
Matthew 1:4	person	ram-son-of-hezron	WEB=1:Ram	KJV=0	ASV=1:Ram
Matthew 1:5	person	boaz	WEB=2:Boaz	KJV=0	ASV=2:Boaz
Matthew 1:5	person	rahab	WEB=1:Rahab	KJV=0	ASV=1:Rahab
Matthew 1:7	person	abijah-king-of-judah	WEB=2:Abijah	KJV=0	ASV=2:Abijah
Matthew 1:7	person	rehoboam	WEB=2:Rehoboam	KJV=0	ASV=2:Rehoboam
Matthew 1:8	person	jehoshaphat	WEB=2:Jehoshaphat	KJV=0	ASV=2:Jehoshaphat
Matthew 1:8	person	uzziah	WEB=1:Uzziah	KJV=0	ASV=1:Uzziah
Matthew 1:9	person	ahaz	WEB=2:Ahaz	KJV=0	ASV=2:Ahaz
Matthew 1:9	person	hezekiah	WEB=1:Hezekiah	KJV=0	ASV=1:Hezekiah
Matthew 1:9	person	jotham-king-of-judah	WEB=2:Jotham	KJV=0	ASV=2:Jotham
Matthew 1:9	person	uzziah	WEB=1:Uzziah	KJV=0	ASV=1:Uzziah
Matthew 20:25	topic	gentiles	WEB=0	KJV=1:Gentiles	ASV=1:Gentiles
Matthew 21:1	location	bethphage	WEB=0	KJV=1:Bethphage	ASV=1:Bethphage
Matthew 22:37	person	jesus-of-nazareth	WEB=1:Jesus	KJV=1:Jesus	ASV=0
Matthew 22:40	topic	torah	WEB=0	KJV=1:the law and the prophets	ASV=0
Matthew 22:42	topic	the-christ	WEB=1:the Christ	KJV=0	ASV=1:the Christ
Matthew 23:10	topic	the-christ	WEB=1:the Christ	KJV=0	ASV=1:the Christ
Matthew 23:14	topic	scribes	WEB=1:scribes	KJV=1:scribes	ASV=n/a
Matthew 23:14	topic	topic-pharisees	WEB=1:Pharisees	KJV=1:Pharisees	ASV=n/a
Matthew 23:15	topic	gehenna	WEB=1:Gehenna	KJV=0	ASV=0
Matthew 23:33	topic	gehenna	WEB=1:Gehenna	KJV=0	ASV=0
Matthew 23:35	topic	the-temple	WEB=0	KJV=1:the temple	ASV=0
Matthew 23:8	topic	the-christ	WEB=1:the Christ	KJV=0	ASV=0
Matthew 24:2	person	jesus-of-nazareth	WEB=0	KJV=1:Jesus	ASV=0
Matthew 24:23	topic	the-christ	WEB=1:the Christ	KJV=0	ASV=1:the Christ
Matthew 24:37	person	noah	WEB=1:Noah	KJV=0	ASV=1:Noah
Matthew 24:38	person	noah	WEB=1:Noah	KJV=0	ASV=1:Noah
Matthew 24:5	topic	the-christ	WEB=1:the Christ	KJV=0	ASV=1:the Christ
Matthew 25:13	topic	son-of-man	WEB=1:Son of Man	KJV=1:Son of man	ASV=0
Matthew 26:28	topic	new-covenant	WEB=1:new covenant	KJV=0	ASV=0
Matthew 26:3	topic	scribes	WEB=1:scribes	KJV=1:scribes	ASV=0
Matthew 26:47	topic	chief-priests	WEB=1:chief priests	KJV=1:chief priests	ASV=0
Matthew 26:59	topic	jewish-elders	WEB=1:elders	KJV=1:elders	ASV=0
Matthew 27:27	poi	antonia-fortress	WEB=1:the Praetorium	KJV=0	ASV=1:the Praetorium
Matthew 27:3	person	jesus-of-nazareth	WEB=1:Jesus	KJV=0	ASV=0
Matthew 27:35	topic	casting-lots	WEB=1:casting lots	KJV=2:cast lots|casting lots	ASV=1:casting lots
Matthew 27:41	topic	topic-pharisees	WEB=1:Pharisees	KJV=0	ASV=0
Matthew 27:47	person	elijah	WEB=1:Elijah	KJV=0	ASV=1:Elijah
Matthew 27:49	person	elijah	WEB=1:Elijah	KJV=0	ASV=1:Elijah
Matthew 27:5	topic	the-temple	WEB=0	KJV=1:the temple	ASV=0
Matthew 27:9	person	jeremiah	WEB=1:Jeremiah	KJV=0	ASV=1:Jeremiah
Matthew 2:1	location	judea	WEB=0	KJV=1:Judaea	ASV=1:Judaea
Matthew 2:17	person	jeremiah	WEB=1:Jeremiah	KJV=0	ASV=1:Jeremiah
Matthew 2:18	location	ramah	WEB=1:Ramah	KJV=0	ASV=1:Ramah
Matthew 2:4	topic	the-christ	WEB=1:the Christ	KJV=0	ASV=1:the Christ
Matthew 2:5	location	judea	WEB=0	KJV=1:Judaea	ASV=1:Judaea
Matthew 3:13	location	jordan-river	WEB=1:the Jordan	KJV=0	ASV=1:the Jordan
Matthew 3:3	person	isaiah	WEB=1:Isaiah	KJV=0	ASV=1:Isaiah
Matthew 3:5	location	jordan-river	WEB=1:the Jordan	KJV=0	ASV=1:the Jordan
Matthew 3:6	location	jordan-river	WEB=1:the Jordan	KJV=0	ASV=1:the river Jordan
Matthew 4:12	person	jesus-of-nazareth	WEB=1:Jesus	KJV=1:Jesus	ASV=0
Matthew 4:14	person	isaiah	WEB=1:Isaiah	KJV=0	ASV=1:Isaiah
Matthew 4:15	location	jordan-river	WEB=1:the Jordan	KJV=0	ASV=1:the Jordan
Matthew 4:18	person	jesus-of-nazareth	WEB=0	KJV=1:Jesus	ASV=0
Matthew 4:18	person	simon-peter	WEB=1:Simon, who is called Peter	KJV=2:Peter|Simon	ASV=2:Peter|Simon
Matthew 4:24	topic	demons	WEB=1:demons	KJV=0	ASV=1:demons
Matthew 4:25	location	jordan-river	WEB=1:the Jordan	KJV=0	ASV=1:the Jordan
Matthew 5:22	topic	gehenna	WEB=1:Gehenna	KJV=0	ASV=0
Matthew 5:29	topic	gehenna	WEB=1:Gehenna	KJV=0	ASV=0
Matthew 5:30	topic	gehenna	WEB=1:Gehenna	KJV=0	ASV=0
Matthew 5:37	person	satan	WEB=1:the evil one	KJV=0	ASV=1:the evil one
Matthew 5:47	topic	gentiles	WEB=0	KJV=0	ASV=1:Gentiles
Matthew 5:48	person	god-the-father	WEB=1:Father in heaven	KJV=0	ASV=1:heavenly Father
Matthew 6:13	person	satan	WEB=1:the evil one	KJV=0	ASV=1:the evil one
Matthew 6:7	topic	gentiles	WEB=1:Gentiles	KJV=0	ASV=1:Gentiles
Matthew 6:9	person	god-the-father	WEB=1:Father in heaven	KJV=0	ASV=0
Matthew 7:22	topic	demons	WEB=1:demons	KJV=0	ASV=1:demons
Matthew 8:16	topic	demons	WEB=1:demons	KJV=0	ASV=1:demons
Matthew 8:17	person	isaiah	WEB=1:Isaiah	KJV=0	ASV=1:Isaiah
Matthew 8:28	topic	demons	WEB=1:demons	KJV=0	ASV=1:demons
Matthew 8:29	person	jesus-of-nazareth	WEB=1:Jesus	KJV=1:Jesus	ASV=0
Matthew 8:3	person	jesus-of-nazareth	WEB=1:Jesus	KJV=1:Jesus	ASV=0
Matthew 8:31	topic	demons	WEB=1:demons	KJV=0	ASV=1:demons
Matthew 8:33	topic	demons	WEB=1:demons	KJV=0	ASV=1:demons
Matthew 8:5	person	jesus-of-nazareth	WEB=0	KJV=1:Jesus	ASV=0
Matthew 8:7	person	jesus-of-nazareth	WEB=1:Jesus	KJV=1:Jesus	ASV=0
Matthew 9:12	person	jesus-of-nazareth	WEB=1:Jesus	KJV=1:Jesus	ASV=0
Matthew 9:32	topic	demons	WEB=1:demon	KJV=0	ASV=1:demon
Matthew 9:33	person	satan	WEB=0	KJV=1:the devil	ASV=0
Matthew 9:33	topic	demons	WEB=1:demon	KJV=0	ASV=1:demon
Matthew 9:34	topic	demons	WEB=2:demons	KJV=0	ASV=2:demons
Micah 2:7	person	holy-spirit	WEB=0	KJV=1:spirit of the LORD	ASV=0
Micah 3:12	topic	the-temple	WEB=1:the temple	KJV=0	ASV=0
Micah 3:8	person	holy-spirit	WEB=0	KJV=1:spirit of the LORD	ASV=0
Micah 5:2	location	bethlehem	WEB=2:Bethlehem|Ephrathah	KJV=1:Bethlehem	ASV=1:Ephrathah
Micah 5:5	topic	assyrians	WEB=0	KJV=1:Assyrian	ASV=1:Assyrian
Micah 5:8	topic	gentiles	WEB=0	KJV=1:Gentiles	ASV=0
Micah 7:12	location	egypt	WEB=2:Egypt	KJV=0	ASV=2:Egypt
Nahum 3:9	location	ethiopia	WEB=0	KJV=1:Ethiopia	ASV=1:Ethiopia
Nehemiah 10:17	person	hezekiah	WEB=1:Hezekiah	KJV=0	ASV=1:Hezekiah
Nehemiah 10:28	topic	the-temple	WEB=1:the temple	KJV=0	ASV=0
Nehemiah 10:34	topic	casting-lots	WEB=1:cast lots	KJV=0	ASV=1:cast lots
Nehemiah 11:21	topic	the-temple	WEB=2:the temple	KJV=0	ASV=0
Nehemiah 11:25	location	hebron	WEB=0	KJV=0	ASV=1:Kiriath-arba
Nehemiah 11:27	poi	beersheba	WEB=1:Beersheba	KJV=1:Beersheba	ASV=0
Nehemiah 11:3	topic	the-temple	WEB=1:the temple	KJV=0	ASV=0
Nehemiah 11:30	poi	beersheba	WEB=1:Beersheba	KJV=1:Beersheba	ASV=0
Nehemiah 11:31	poi	bethel	WEB=1:Bethel	KJV=1:Bethel	ASV=0
Nehemiah 12:37	person	david	WEB=2:David	KJV=1:David	ASV=1:David
Nehemiah 12:37	poi	city-of-david	WEB=0	KJV=1:city of David	ASV=1:city of David
Nehemiah 12:38	topic	broad-wall-jerusalem	WEB=0	KJV=1:broad wall	ASV=1:broad wall
Nehemiah 2:13	person	satan	WEB=0	KJV=1:the dragon	ASV=0
Nehemiah 2:19	topic	moabites-and-ammonites	WEB=0	KJV=1:Ammonite	ASV=1:Ammonite
Nehemiah 2:8	topic	the-temple	WEB=1:the temple	KJV=0	ASV=0
Nehemiah 3:15	person	david	WEB=1:David	KJV=0	ASV=0
Nehemiah 3:15	poi	city-of-david	WEB=0	KJV=1:city of David	ASV=1:city of David
Nehemiah 3:26	topic	the-temple	WEB=1:the temple	KJV=0	ASV=0
Nehemiah 3:31	topic	the-temple	WEB=1:the temple	KJV=0	ASV=0
Nehemiah 3:8	topic	broad-wall-jerusalem	WEB=0	KJV=1:broad wall	ASV=1:broad wall
Nehemiah 7:26	location	bethlehem	WEB=1:Bethlehem	KJV=1:Bethlehem	ASV=0
Nehemiah 7:32	poi	bethel	WEB=1:Bethel	KJV=1:Bethel	ASV=0
Nehemiah 7:46	topic	the-temple	WEB=1:The temple	KJV=0	ASV=0
Nehemiah 7:60	topic	the-temple	WEB=1:the temple	KJV=0	ASV=0
Nehemiah 7:73	topic	the-temple	WEB=1:the temple	KJV=0	ASV=0
Numbers 11:24	topic	tabernacle	WEB=0	KJV=1:tabernacle	ASV=0
Numbers 11:26	topic	tabernacle	WEB=0	KJV=1:tabernacle	ASV=0
Numbers 12:10	topic	tabernacle	WEB=0	KJV=1:tabernacle	ASV=0
Numbers 12:5	topic	tabernacle	WEB=0	KJV=1:tabernacle	ASV=0
Numbers 13:16	person	joshua	WEB=2:Hoshea|Joshua	KJV=1:Jehoshua	ASV=2:Hoshea|Joshua
Numbers 13:29	location	jordan-river	WEB=1:the Jordan	KJV=0	ASV=1:the Jordan
Numbers 13:8	person	joshua	WEB=1:Hoshea	KJV=0	ASV=1:Hoshea
Numbers 15:23	person	moses	WEB=1:Moses	KJV=2:Moses	ASV=1:Moses
Numbers 16:24	topic	tabernacle	WEB=0	KJV=1:tabernacle	ASV=1:tabernacle
Numbers 16:27	topic	tabernacle	WEB=0	KJV=1:tabernacle	ASV=1:tabernacle
Numbers 17:7	topic	tabernacle	WEB=0	KJV=1:tabernacle	ASV=0
Numbers 17:8	topic	tabernacle	WEB=0	KJV=1:tabernacle	ASV=0
Numbers 18:10	topic	holy-of-holies	WEB=0	KJV=1:the most holy place	ASV=0
Numbers 18:2	topic	tabernacle	WEB=0	KJV=1:tabernacle	ASV=0
Numbers 18:3	topic	tabernacle	WEB=0	KJV=1:tabernacle	ASV=0
Numbers 18:4	topic	tabernacle	WEB=1:Tent of Meeting	KJV=2:tabernacle	ASV=1:tent of meeting
Numbers 1:50	topic	tabernacle	WEB=2:Tabernacle|tabernacle	KJV=3:tabernacle	ASV=3:tabernacle
Numbers 21:14	location	red-sea	WEB=0	KJV=1:Red sea	ASV=0
Numbers 22:1	location	jordan-river	WEB=1:the Jordan	KJV=0	ASV=1:the Jordan
Numbers 22:4	location	moab	WEB=2:Moab	KJV=1:Moab	ASV=2:Moab
Numbers 22:4	topic	moabites-and-ammonites	WEB=0	KJV=1:Moabites	ASV=0
Numbers 26:20	person	perez	WEB=1:Perez	KJV=0	ASV=1:Perez
Numbers 26:21	person	perez	WEB=1:Perez	KJV=0	ASV=1:Perez
Numbers 26:3	location	jordan-river	WEB=1:the Jordan	KJV=0	ASV=1:the Jordan
Numbers 26:46	person	sarah	WEB=0	KJV=1:Sarah	ASV=0
Numbers 26:58	topic	levites	WEB=0	KJV=1:Levites	ASV=0
Numbers 26:63	location	jordan-river	WEB=1:the Jordan	KJV=0	ASV=1:the Jordan
Numbers 31:12	location	jordan-river	WEB=1:the Jordan	KJV=0	ASV=1:the Jordan
Numbers 32:19	location	jordan-river	WEB=2:the Jordan	KJV=0	ASV=2:the Jordan
Numbers 32:21	location	jordan-river	WEB=1:the Jordan	KJV=0	ASV=1:the Jordan
Numbers 32:29	location	jordan-river	WEB=1:the Jordan	KJV=0	ASV=1:the Jordan
Numbers 32:32	location	jordan-river	WEB=1:the Jordan	KJV=0	ASV=1:the Jordan
Numbers 32:5	location	jordan-river	WEB=1:the Jordan	KJV=0	ASV=1:the Jordan
Numbers 32:8	location	kadesh-barnea	WEB=1:Kadesh Barnea	KJV=0	ASV=1:Kadesh
Numbers 33:48	location	jordan-river	WEB=1:the Jordan	KJV=0	ASV=1:the Jordan
Numbers 33:49	location	jordan-river	WEB=1:the Jordan	KJV=0	ASV=1:the Jordan
Numbers 33:50	location	jordan-river	WEB=1:the Jordan	KJV=0	ASV=1:the Jordan
Numbers 33:51	location	jordan-river	WEB=1:the Jordan	KJV=0	ASV=1:the Jordan
Numbers 33:54	topic	casting-lots	WEB=1:the lot	KJV=0	ASV=1:the lot
Numbers 34:12	location	jordan-river	WEB=1:the Jordan	KJV=0	ASV=1:the Jordan
Numbers 34:15	location	jordan-river	WEB=1:the Jordan	KJV=0	ASV=1:the Jordan
Numbers 34:4	location	kadesh-barnea	WEB=1:Kadesh Barnea	KJV=0	ASV=1:Kadesh
Numbers 35:1	location	jordan-river	WEB=1:the Jordan	KJV=0	ASV=1:the Jordan
Numbers 35:10	location	jordan-river	WEB=1:the Jordan	KJV=0	ASV=1:the Jordan
Numbers 35:14	location	jordan-river	WEB=1:the Jordan	KJV=0	ASV=1:the Jordan
Numbers 36:13	location	jordan-river	WEB=1:the Jordan	KJV=0	ASV=1:the Jordan
Numbers 7:89	topic	cherubim	WEB=1:cherubim	KJV=0	ASV=1:cherubim
Numbers 9:17	topic	tabernacle	WEB=0	KJV=1:tabernacle	ASV=0
Philemon 1:24	person	john-mark	WEB=1:Mark	KJV=0	ASV=1:Mark
Philemon 1:24	person	luke-evangelist	WEB=1:Luke	KJV=0	ASV=1:Luke
Philemon 1:6	person	jesus-of-nazareth	WEB=1:Christ Jesus	KJV=1:Christ Jesus	ASV=0
Philippians 1:1	person	timothy	WEB=1:Timothy	KJV=0	ASV=1:Timothy
Philippians 2:19	person	timothy	WEB=1:Timothy	KJV=0	ASV=1:Timothy
Philippians 3:3	person	holy-spirit	WEB=0	KJV=0	ASV=1:Spirit of God
Proverbs 14:11	topic	tabernacle	WEB=0	KJV=1:tabernacle	ASV=0
Psalms 104:4	topic	angels	WEB=0	KJV=1:angels	ASV=0
Psalms 106:37	topic	demons	WEB=1:demons	KJV=0	ASV=1:demons
Psalms 109:6	person	satan	WEB=0	KJV=1:Satan	ASV=0
Psalms 114:3	location	jordan-river	WEB=1:The Jordan	KJV=0	ASV=1:The Jordan
Psalms 125:3	topic	casting-lots	WEB=0	KJV=1:the lot	ASV=1:the lot
Psalms 132:3	topic	tabernacle	WEB=0	KJV=1:tabernacle	ASV=1:tabernacle
Psalms 132:5	topic	tabernacle	WEB=0	KJV=0	ASV=1:tabernacle
Psalms 132:6	location	bethlehem	WEB=1:Ephrathah	KJV=0	ASV=1:Ephrathah
Psalms 136:10	location	egypt	WEB=0	KJV=1:Egypt	ASV=1:Egypt
Psalms 136:10	topic	egyptians	WEB=1:Egyptian	KJV=0	ASV=0
Psalms 15:1	topic	tabernacle	WEB=0	KJV=1:tabernacle	ASV=1:tabernacle
Psalms 19:4	topic	tabernacle	WEB=0	KJV=1:tabernacle	ASV=1:tabernacle
Psalms 27:6	topic	tabernacle	WEB=0	KJV=1:tabernacle	ASV=1:tabernacle
Psalms 28:2	topic	holy-of-holies	WEB=1:Most Holy Place	KJV=0	ASV=0
Psalms 30:1	topic	the-temple	WEB=1:the Temple	KJV=0	ASV=0
Psalms 42:6	location	jordan-river	WEB=1:the Jordan	KJV=0	ASV=1:the Jordan
Psalms 51:1	person	bathsheba	WEB=1:Bathsheba	KJV=1:Bathsheba	ASV=0
Psalms 60:1	location	susa	WEB=0	KJV=0	ASV=1:Shushan
Psalms 61:4	topic	tabernacle	WEB=0	KJV=1:tabernacle	ASV=1:tabernacle
Psalms 68:14	person	salmon-father-of-boaz	WEB=0	KJV=1:Salmon	ASV=0
Psalms 68:17	topic	angels	WEB=0	KJV=1:angels	ASV=0
Psalms 74:8	topic	synagogue	WEB=0	KJV=1:synagogues	ASV=1:synagogues
Psalms 78:25	topic	angels	WEB=1:angels	KJV=1:angels	ASV=0
Psalms 78:60	topic	tabernacle	WEB=0	KJV=1:tabernacle	ASV=1:tabernacle
Psalms 78:67	topic	tabernacle	WEB=0	KJV=1:tabernacle	ASV=0
Psalms 80:1	topic	cherubim	WEB=1:cherubim	KJV=0	ASV=1:cherubim
Psalms 81:1	location	gath	WEB=1:Gath	KJV=0	ASV=0
Psalms 83:7	topic	philistines	WEB=0	KJV=1:Philistines	ASV=0
Psalms 84:1	location	gath	WEB=1:Gath	KJV=0	ASV=0
Psalms 8:1	location	gath	WEB=1:Gath	KJV=0	ASV=0
Psalms 8:5	topic	angels	WEB=0	KJV=1:angels	ASV=0
Psalms 91:13	person	satan	WEB=0	KJV=1:the dragon	ASV=0
Psalms 95:8	timeline	bib-loc-temptation-wilderness	WEB=0	KJV=1:temptation in the wilderness	ASV=0
Psalms 99:1	topic	cherubim	WEB=1:cherubim	KJV=0	ASV=1:cherubim
Revelation 11:1	topic	angels	WEB=0	KJV=1:the angel	ASV=0
Revelation 11:1	topic	the-temple	WEB=0	KJV=1:the temple	ASV=1:the temple
Revelation 11:19	topic	the-temple	WEB=0	KJV=1:the temple	ASV=1:the temple
Revelation 11:2	topic	gentiles	WEB=0	KJV=1:Gentiles	ASV=0
Revelation 12:9	person	satan	WEB=3:Satan|the devil|the old serpent	KJV=2:Satan|the Devil	ASV=3:Satan|the Devil|the old serpent
Revelation 13:6	topic	tabernacle	WEB=0	KJV=1:tabernacle	ASV=1:tabernacle
Revelation 14:4	person	jesus-of-nazareth	WEB=1:Jesus	KJV=0	ASV=0
Revelation 15:6	topic	the-temple	WEB=0	KJV=1:the temple	ASV=1:the temple
Revelation 16:10	topic	angels	WEB=0	KJV=1:angel	ASV=0
Revelation 16:12	topic	angels	WEB=0	KJV=1:angel	ASV=0
Revelation 16:14	topic	demons	WEB=1:demons	KJV=0	ASV=1:demons
Revelation 16:16	poi	megiddo	WEB=1:Megiddo	KJV=1:Armageddon	ASV=0
Revelation 16:17	topic	angels	WEB=0	KJV=1:angel	ASV=0
Revelation 16:3	topic	angels	WEB=1:angel	KJV=1:angel	ASV=0
Revelation 16:4	topic	angels	WEB=0	KJV=1:angel	ASV=0
Revelation 16:8	topic	angels	WEB=0	KJV=1:angel	ASV=0
Revelation 18:2	topic	demons	WEB=2:demons|unclean spirit	KJV=0	ASV=2:demons|unclean spirit
Revelation 1:11	location	asia-province	WEB=0	KJV=1:Asia	ASV=0
Revelation 1:11	location	pergamum	WEB=1:Pergamum	KJV=0	ASV=1:Pergamum
Revelation 20:2	person	satan	WEB=4:Satan|the devil|the dragon|the old serpent	KJV=3:Satan|the Devil|the dragon	ASV=4:Satan|the Devil|the dragon|the old serpent
Revelation 21:2	person	john-the-apostle	WEB=0	KJV=1:John	ASV=0
Revelation 21:22	topic	the-temple	WEB=0	KJV=1:the temple	ASV=1:the temple
Revelation 21:3	topic	tabernacle	WEB=0	KJV=1:tabernacle	ASV=1:tabernacle
Revelation 2:12	location	pergamum	WEB=1:Pergamum	KJV=0	ASV=1:Pergamum
Revelation 3:14	location	laodicea	WEB=1:Laodicea	KJV=0	ASV=1:Laodicea
Revelation 7:15	topic	tabernacle	WEB=1:tabernacle	KJV=0	ASV=1:tabernacle
Revelation 8:13	topic	angels	WEB=1:angels	KJV=2:an angel|angels	ASV=1:angels
Revelation 8:7	topic	angels	WEB=0	KJV=1:angel	ASV=0
Revelation 9:20	topic	demons	WEB=1:demons	KJV=0	ASV=1:demons
Romans 10:16	person	isaiah	WEB=1:Isaiah	KJV=0	ASV=1:Isaiah
Romans 10:20	person	isaiah	WEB=1:Isaiah	KJV=0	ASV=1:Isaiah
Romans 11:2	person	elijah	WEB=1:Elijah	KJV=0	ASV=1:Elijah
Romans 14:24	person	jesus-of-nazareth	WEB=1:Jesus Christ	KJV=n/a	ASV=n/a
Romans 14:26	person	jesus-of-nazareth	WEB=1:Jesus Christ	KJV=n/a	ASV=n/a
Romans 15:12	person	isaiah	WEB=1:Isaiah	KJV=0	ASV=1:Isaiah
Romans 15:19	person	holy-spirit	WEB=0	KJV=1:Spirit of God	ASV=1:the Holy Spirit
Romans 15:8	person	jesus-of-nazareth	WEB=0	KJV=1:Jesus Christ	ASV=0
Romans 16:1	location	cenchreae	WEB=1:Cenchreae	KJV=0	ASV=1:Cenchreae
Romans 16:1	person	phoebe	WEB=1:Phoebe	KJV=0	ASV=1:Phoebe
Romans 16:18	person	jesus-of-nazareth	WEB=1:Jesus Christ	KJV=1:Jesus Christ	ASV=0
Romans 16:21	person	timothy	WEB=1:Timothy	KJV=0	ASV=1:Timothy
Romans 16:24	person	jesus-of-nazareth	WEB=1:Jesus Christ	KJV=1:Jesus Christ	ASV=n/a
Romans 16:25	person	jesus-of-nazareth	WEB=n/a	KJV=1:Jesus Christ	ASV=1:Jesus Christ
Romans 16:27	person	jesus-of-nazareth	WEB=n/a	KJV=1:Jesus Christ	ASV=1:Jesus Christ
Romans 16:3	person	priscilla	WEB=0	KJV=1:Priscilla	ASV=0
Romans 16:5	location	achaia	WEB=1:Achaia	KJV=1:Achaia	ASV=0
Romans 16:5	location	asia-province	WEB=0	KJV=0	ASV=1:Asia
Romans 16:7	person	junia	WEB=1:Junia	KJV=1:Junia	ASV=0
Romans 1:3	person	jesus-of-nazareth	WEB=0	KJV=1:Jesus Christ	ASV=0
Romans 1:4	person	jesus-of-nazareth	WEB=1:Jesus Christ	KJV=0	ASV=1:Jesus Christ
Romans 2:10	topic	gentiles	WEB=0	KJV=1:Gentile	ASV=0
Romans 2:10	topic	greeks	WEB=1:Greek	KJV=0	ASV=1:Greek
Romans 2:9	topic	gentiles	WEB=0	KJV=1:Gentile	ASV=0
Romans 2:9	topic	greeks	WEB=1:Greek	KJV=0	ASV=1:Greek
Romans 3:9	topic	gentiles	WEB=0	KJV=1:Gentiles	ASV=0
Romans 3:9	topic	greeks	WEB=1:Greeks	KJV=0	ASV=1:Greeks
Romans 4:18	person	abraham	WEB=1:Abraham	KJV=0	ASV=0
Romans 8:11	person	jesus-of-nazareth	WEB=2:Christ Jesus|Jesus	KJV=1:Jesus	ASV=2:Christ Jesus|Jesus
Romans 8:34	person	jesus-of-nazareth	WEB=0	KJV=0	ASV=1:Christ Jesus
Romans 9:10	person	rebekah	WEB=1:Rebekah	KJV=0	ASV=0
Romans 9:27	person	isaiah	WEB=1:Isaiah	KJV=0	ASV=1:Isaiah
Romans 9:29	location	gomorrah	WEB=1:Gomorrah	KJV=0	ASV=1:Gomorrah
Romans 9:29	location	sodom	WEB=1:Sodom	KJV=0	ASV=1:Sodom
Romans 9:29	person	isaiah	WEB=1:Isaiah	KJV=0	ASV=1:Isaiah
Ruth 1:1	location	bethlehem	WEB=1:Bethlehem	KJV=0	ASV=0
Ruth 1:19	location	bethlehem	WEB=2:Bethlehem	KJV=2:Bethlehem	ASV=0
Ruth 1:2	location	bethlehem	WEB=1:Bethlehem	KJV=0	ASV=0
Ruth 1:22	location	bethlehem	WEB=1:Bethlehem	KJV=1:Bethlehem	ASV=0
Ruth 2:4	location	bethlehem	WEB=1:Bethlehem	KJV=1:Bethlehem	ASV=0
Ruth 2:6	topic	moabites-and-ammonites	WEB=1:Moabite	KJV=0	ASV=0
Ruth 4:11	location	bethlehem	WEB=2:Bethlehem|Ephrathah	KJV=1:Bethlehem	ASV=1:Ephrathah
Ruth 4:12	person	perez	WEB=1:Perez	KJV=0	ASV=1:Perez
Ruth 4:18	person	perez	WEB=2:Perez	KJV=0	ASV=2:Perez
Song of Solomon 1:1	person	solomon	WEB=1:Solomon	KJV=1:Solomon	ASV=n/a
Song of Solomon 1:14	location	en-gedi	WEB=1:En Gedi	KJV=1:Engedi	ASV=0
Song of Solomon 3:7	person	solomon	WEB=1:Solomon	KJV=1:Solomon	ASV=0
Song of Solomon 4:4	person	david	WEB=1:David	KJV=0	ASV=0
Song of Solomon 4:4	poi	tower-of-david	WEB=0	KJV=1:tower of David	ASV=1:tower of David
Song of Solomon 8:13	person	solomon	WEB=0	KJV=0	ASV=1:Solomon
Zechariah 11:3	location	jordan-river	WEB=1:the Jordan	KJV=0	ASV=1:the Jordan
Zechariah 13:2	topic	demons	WEB=0	KJV=1:unclean spirit	ASV=1:unclean spirit
Zechariah 14:8	location	dead-sea	WEB=1:eastern sea	KJV=0	ASV=1:eastern sea
Zechariah 1:1	person	zechariah-the-prophet	WEB=1:Zechariah the son of Berechiah	KJV=0	ASV=1:Zechariah the son of Berechiah
Zechariah 1:21	topic	gentiles	WEB=0	KJV=1:Gentiles	ASV=0
Zechariah 1:7	person	zechariah-the-prophet	WEB=1:Zechariah the son of Berechiah	KJV=0	ASV=1:Zechariah the son of Berechiah
Zechariah 6:12	topic	the-temple	WEB=0	KJV=1:the temple	ASV=1:the temple
Zechariah 6:13	topic	the-temple	WEB=0	KJV=1:the temple	ASV=1:the temple
Zechariah 6:14	topic	the-temple	WEB=0	KJV=1:the temple	ASV=1:the temple
Zechariah 6:15	topic	the-temple	WEB=0	KJV=1:the temple	ASV=1:the temple
Zechariah 7:2	poi	bethel	WEB=1:Bethel	KJV=0	ASV=0
Zechariah 9:2	location	sidon	WEB=1:Sidon	KJV=0	ASV=1:Sidon
Zechariah 9:2	location	tyre	WEB=1:Tyre	KJV=0	ASV=1:Tyre
Zechariah 9:3	location	tyre	WEB=1:Tyre	KJV=0	ASV=1:Tyre
Zephaniah 1:1	person	hezekiah	WEB=1:Hezekiah	KJV=0	ASV=1:Hezekiah
Zephaniah 3:10	location	ethiopia	WEB=0	KJV=1:Ethiopia	ASV=1:Ethiopia
